Num_Acc,jour,mois,an,hrmn,lum,dep,com,agg,int,atm,col,adr,lat,long
2.02E+11,24,10,2024,13:50,1,42,42059,1,1,1,5,D12.2,45,
2.02E+11,24,10,2024,20:15,3,46,46234,1,1,1,7,D25,44,
2.02E+11,13,8,2024,21:05,2,84,84007,1,3,1,1,CHEMIN DE LA TRAILLE,43,
2.02E+11,17,9,2024,16:15,1,75,75114,2,3,1,6,AVENUE DU MAINE,48,
2.02E+11,13,8,2024,10:00,1,83,83062,2,9,9,6,GUES (BD LT DE VAISSEAI),43,
2.02E+11,24,10,2024,15:30,1,46,46231,2,4,1,6,9 Rue du Docteur Rouma,44,
2.02E+11,13,8,2024,18:20,1,82,82033,2,1,1,6,Rue Baptiste Marcet,44,
2.02E+11,25,10,2024,12:35,1,25,25228,1,1,1,1,D61,47,
2.02E+11,13,8,2024,18:10,1,82,82033,2,1,1,2,Rue de l’Usine,44,
2.02E+11,1,5,2024,7:10,1,45,45193,1,1,2,1,D13 PR 7 + 383,47,
2.02E+11,22,10,2024,19:50,2,44,44067,1,3,1,3,Le Bout des Ponts,47,
2.02E+11,13,8,2024,12:25,1,78,78621,2,1,1,2,NATIONALE 10 (ROUTE),48,
2.02E+11,1,5,2024,16:54,1,73,73241,1,1,1,7,D925,45,
2.02E+11,28,4,2024,17:00,1,43,43203,1,1,2,7,Route d'Yssingeaux,45,
2.02E+11,13,8,2024,23:30,5,78,78172,1,4,1,2,SEINE ET OISE (RUE DE),49,
2.02E+11,2,5,2024,17:40,1,21,21640,1,1,2,1,D954,47,
2.02E+11,13,8,2024,8:00,1,77,77373,2,1,1,1,RUE DES TILLEULS,48,
2.02E+11,12,8,2024,22:15,3,77,77131,1,1,1,7,D402 (DEVIATION),48,
2.02E+11,1,5,2024,18:45,1,21,21562,1,1,1,1,D27J,47,
2.02E+11,2,5,2024,20:30,2,21,21534,1,1,1,7,D20a,47,
2.02E+11,12,8,2024,12:50,1,76,76351,2,2,1,3,WINSTON CHURCHILL,49,
2.02E+11,1,5,2024,2:00,3,40,40175,1,1,1,6,D398,43,
2.02E+11,1,5,2024,19:50,1,27,27685,1,1,1,6,D830,48,
2.02E+11,13,8,2024,13:15,1,69,69290,2,1,1,4,Avenue Pierre Cot,45,
2.02E+11,2,5,2024,17:30,1,37,37045,1,1,1,6,La Cormeliere,47,
2.02E+11,13,8,2024,22:15,5,67,67482,2,1,1,1,BRUMATH (ROUTE DE),48,
2.02E+11,12,8,2024,17:55,1,67,67462,2,6,1,6,LOHMUHLE (ALLEE DE LA),48,
2.02E+11,26,2,2024,10:30,1,60,60030,1,1,1,6,A16,49,
2.02E+11,13,8,2024,12:40,1,64,64445,2,1,2,2,JEAN MERMOZ,43,
2.02E+11,1,5,2024,7:50,1,987,98715,2,1,1,3,Avenue Aratia Nelson Mandela,,
2.02E+11,12,8,2024,15:45,1,64,64445,2,1,1,3,ALSACE LORRAINE D',43,
2.02E+11,2,5,2024,4:59,2,67,67117,1,1,1,7,A4 PK 436.100,48,
2.02E+11,2,5,2024,14:00,1,90,90034,1,1,3,2,A 36 PK 030.600,47,
2.02E+11,13,8,2024,12:00,1,59,59512,2,2,8,3,ALGER  (RUE D'),50,
2.02E+11,12,8,2024,14:30,1,59,59569,2,3,1,3,BARBUSSE (RUE HENRI),50,
2.02E+11,1,5,2024,22:15,3,976,97617,1,1,1,5,CCd1 - combani,-12,
2.02E+11,2,5,2024,5:40,3,77,77065,1,2,9,6,Intersection Autoroute A6,,
2.02E+11,10,8,2024,8:40,1,59,59334,1,1,1,3,RD 643,50,
2.02E+11,30,4,2024,19:15,3,973,97305,1,9,1,6,Route Nationale 1,4,
2.02E+11,13,8,2024,7:50,1,54,54395,2,2,1,1,Rue Gambetta,48,
2.02E+11,1,5,2024,2:08,3,971,97117,1,1,1,6,Route de Devarieux,16,
2.02E+11,1,5,2024,17:50,1,2B,2B134,2,1,1,6,Place Pascal Paoli,42,
2.02E+11,10,8,2024,13:35,1,50,50129,2,1,1,7,GAULLE (RUE DU GENERAL DE),49,
2.02E+11,30,4,2024,8:18,1,83,83138,1,1,1,1,Route de Bagnols En Foret,43,
2.02E+11,13,8,2024,19:12,1,49,49007,2,1,1,5,LEKEU,47,
2.02E+11,20,3,2024,7:40,1,89,89257,2,3,1,2,Avenue Edouard Branly,47,
2.02E+11,13,8,2024,16:51,1,49,49007,1,1,1,4,RD 323,47,
2.02E+11,2,5,2024,16:20,1,71,71588,1,1,3,2,N79,46,
2.02E+11,1,5,2024,6:00,2,71,71176,1,1,1,6,Route des Sables,46,
2.02E+11,13,8,2024,16:20,1,45,45302,2,1,1,1,D602 PR 0 + 400,47,
2.02E+11,29,4,2024,19:15,1,1,1397,2,3,1,3,route de la douane,46,
2.02E+11,13,8,2024,8:25,1,45,45234,2,2,2,3,90 Rue de Coulmiers,47,
2.02E+11,1,5,2024,19:00,1,69,69191,2,3,2,3,Route de Lyon,45,
2.02E+11,12,8,2024,19:10,1,45,45234,2,1,1,6,68 Boulevard Alexandre Martin,47,
2.02E+11,30,4,2024,11:00,1,86,86274,2,1,1,6,2 Route de Montreuil,47,
2.02E+11,13,8,2024,19:00,1,45,45004,2,2,1,2,D2107 PR 1 + 630,47,
2.02E+11,1,5,2024,15:30,1,86,86100,1,2,2,3,D3,46,
2.02E+11,13,8,2024,10:47,1,42,42187,2,5,1,6,Avenue de Paris,46,
2.02E+11,1,5,2024,12:55,1,86,86019,1,1,3,7,D910,46,
2.02E+11,5,8,2024,15:15,1,40,40088,2,1,1,6,MANOIR (BOULEVARD YVES DU),43,
2.02E+11,8,4,2024,8:10,1,29,29124,2,2,1,3,Rue Frédéric Le Guyader,48,
2.02E+11,31,7,2024,15:35,1,40,40279,2,1,1,7,RESISTANCE (AVE DE LA),43,
2.02E+11,13,8,2024,16:10,1,37,37214,2,6,1,6,HUGO (RUE VICTOR),47,
2.02E+11,1,5,2024,4:57,5,69,69382,1,1,1,5,Route de Métropole 7,45,
2.02E+11,1,5,2024,11:15,1,91,91161,1,1,1,7,AUTOROUTE A6,48,
2.02E+11,13,8,2024,17:15,1,35,35238,2,1,1,5,PORTE DE LORIENT,48,
2.02E+11,1,5,2024,4:17,3,77,77384,1,1,1,3,AUTOROUTE A5A,48,
2.02E+11,13,8,2024,15:50,1,35,35238,2,3,1,3,MITTERAND (MAIL FRANCOIS),48,
2.02E+11,1,5,2024,13:40,1,93,93066,1,1,1,2,A1,48,
2.02E+11,26,2,2024,12:50,1,74,74010,2,1,1,6,ILES (AVENUE DES)(SECTEUR 410) ,45,
2.02E+11,13,8,2024,15:35,1,35,35238,2,1,1,3,SAINT-MALO (RUE DE),48,
2.02E+11,13,2,2024,6:50,5,74,74010,2,1,1,3,CHARLES DE GAULLE (PLACE) ,45,
2.02E+11,19,2,2024,6:06,5,37,37261,2,6,2,7,ROND POINT EMMAUS,47,
2.02E+11,13,8,2024,8:30,1,35,35051,2,6,2,2,PARIS (RUE DE),48,
2.02E+11,19,4,2024,19:00,3,987,98735,1,1,1,3,PIERRE LOTI (ALLEE QTIER T.MARAETEFAU),-17,
2.02E+11,30,4,2024,6:50,1,976,97611,2,1,1,7,mamoudzou centre-RP Passot quai colas (R,-12,
2.02E+11,13,8,2024,7:35,1,35,35238,2,1,2,3,SAINT-HELIER,48,
2.02E+11,1,5,2024,3:00,3,974,97411,1,9,1,6,VINH-SAN (BLD 1 DU PRINCE),-20,
2.02E+11,13,8,2024,21:15,5,34,34129,2,1,1,6,D21 E1,43,
2.02E+11,30,4,2024,22:50,5,974,97411,2,9,1,3,LATTRE DE TASSIGNY (AVENUE MARECHAL DE),-20,
2.02E+11,29,4,2024,19:02,5,973,97302,2,2,1,3,DE GAULLE (AVENUE),4,
2.02E+11,10,8,2024,19:00,1,34,34336,1,2,1,3,SALANCS (CHEMIN DES),43,
2.02E+11,30,4,2024,19:17,1,69,69387,2,1,1,6,Rue Sébastien Gryphe,45,
2.02E+11,13,8,2024,14:50,1,33,33009,2,2,1,3,N/A,44,
2.02E+11,30,4,2024,14:35,1,69,69383,2,6,1,6,Cours Richard Vitton,45,
2.02E+11,30,4,2024,16:10,1,972,97213,2,1,1,7,ROUTE NATIONALE 1,14,
2.02E+11,13,8,2024,19:45,1,31,31555,2,3,1,3,AV JULES JULIEN,43,
2.02E+11,30,4,2024,7:20,1,972,97209,1,1,1,1,CANAL ALARIC (RUE DU),14,
2.02E+11,12,8,2024,20:55,2,31,31555,2,8,1,3,RUE SAINT ROCH,43,
2.02E+11,30,4,2024,17:10,1,971,97113,1,1,1,6,SECTION TOMBEAU,16,
2.02E+11,12,8,2024,9:30,1,29,29019,2,1,1,6,rue Emile Rousse,48,
2.02E+11,29,4,2024,16:36,2,971,97113,1,3,1,2,RN4 - SECTION RIVIERA,16,
2.02E+11,30,4,2024,16:40,1,2A,2A004,1,1,1,2,#RICANTO ROUTE ET PLAGE#,41,
2.02E+11,12,8,2024,20:30,1,22,22113,1,1,1,3,MINIHY (CHEMIN DE),48,
2.02E+11,29,4,2024,15:30,1,95,95218,2,1,1,6,FERNAND CHATELAIN (AVENUE),49,
2.02E+11,26,2,2024,12:25,1,95,95018,2,1,1,6,D909,48,
2.02E+11,13,8,2024,10:32,1,13,13206,2,2,1,1,PIERRE PUGET (COURS),43,
2.02E+11,13,8,2024,8:30,1,13,13209,2,1,1,1,GAYE (BOULEVARD DE LA),43,
2.02E+11,29,4,2024,15:30,1,91,91570,2,5,1,3,ROSIERES (RUE),48,
2.02E+11,26,4,2024,23:10,5,88,88209,2,1,1,1,EPINAL (RUE D'),48,
2.02E+11,29,4,2024,10:55,1,87,87085,2,1,1,7,DUSSOUBS (PLACE DENIS),45,
2.02E+11,13,8,2024,9:20,1,13,13216,2,3,1,3,Rue le pelletier,43,
2.02E+11,28,4,2024,23:07,5,87,87085,2,1,2,7,MIDI (AVENUE DU),45,
2.02E+11,13,8,2024,9:05,1,13,13047,2,6,1,6,EDOUARD GUIZONNIER BOULEVARD,43,
2.02E+11,26,4,2024,22:07,5,87,87085,2,2,2,5,RN520,45,
2.02E+11,12,8,2024,17:25,1,13,13098,1,1,1,2,D.51,43,
2.02E+11,30,4,2024,17:45,1,85,85191,2,6,1,3,Rond-point georges duval,46,
2.02E+11,12,8,2024,17:10,1,12,12084,1,1,1,1,BELAIR,44,
2.02E+11,30,4,2024,10:50,1,83,83062,1,1,1,6,FABRI DE PEIRESC (AVENUE),43,
2.02E+11,12,8,2024,18:10,1,10,10362,2,3,1,7,Avenue du General Gallieni,48,
2.02E+11,30,4,2024,7:40,1,83,83137,2,3,1,3,Avenue des Moulins,43,
2.02E+11,30,4,2024,5:15,3,80,80131,1,1,1,1,RD935,49,
2.02E+11,13,8,2024,10:15,1,75,75115,2,1,1,2,BD PERIPHERIQUE EXTERIEUR,48,
2.02E+11,25,4,2024,12:53,1,77,77326,1,3,1,1,D346,48,
2.02E+11,12,8,2024,10:15,1,75,75118,2,1,1,4,BD PERIPHERIQUE INTERIEUR,48,
2.02E+11,29,4,2024,15:20,1,77,77251,1,1,1,6,COTE DE LA BIENVENUE,48,
2.02E+11,12,8,2024,3:12,5,75,75118,2,7,1,6,BOULEVARD ORNANO,48,
2.02E+11,29,4,2024,13:33,1,77,77445,1,9,8,6,MENDES-FRANCE (AVENUE PIERRE),48,
2.02E+11,30,4,2024,7:30,1,76,76351,2,1,1,3,COLBERT (QUAI),49,
2.02E+11,12,8,2024,15:15,1,75,75120,2,2,1,3,RUE DES PYRENEES,48,
2.02E+11,30,4,2024,14:45,1,74,74012,2,1,1,6,AMOUREUX (RUE DES),46,
2.02E+11,30,4,2024,17:16,1,71,71153,2,1,8,6,MITTERRAND (AVENUE FRANCOIS),46,
2.02E+11,13,8,2024,19:30,1,75,75118,2,2,1,3,AVENUE DE LA PORTE DE CLIGNANCOURT,48,
2.02E+11,30,4,2024,19:10,1,67,67482,2,1,1,1,ALPES (QUAI DES),48,
2.02E+11,13,8,2024,17:20,1,75,75117,2,2,1,3,BOULEVARD GOUVION SAINT CYR,48,
2.02E+11,30,4,2024,12:40,1,67,67482,2,3,1,3,FRERES EBERTS (RUE DES),48,
2.02E+11,13,8,2024,8:45,1,75,75117,2,3,8,3,BOULEVARD DE L YSER,48,
2.02E+11,29,4,2024,19:40,1,67,67447,2,1,1,3,BISCHWILLER (ROUTE DE),48,
2.02E+11,13,8,2024,14:41,1,75,75113,2,1,1,6,BOULEVARD MASSENA,48,
2.02E+11,30,4,2024,10:30,1,66,66136,2,1,2,6,MERCADER (BOULEVARD FELIX),42,
2.02E+11,13,8,2024,13:20,1,75,75112,2,3,1,6,RUE DU FAUBOURG SAINT ANTOINE,48,
2.02E+11,13,8,2024,20:15,1,94,94073,1,1,1,7,N186,48,
2.02E+11,24,4,2024,9:40,1,59,59515,2,3,1,3,Charles Isbergues,50,
2.02E+11,5,4,2024,16:25,1,59,59606,2,1,1,6,EISEN (BOULEVARD),50,
2.02E+11,13,8,2024,12:01,1,94,94054,2,1,1,3,Allée des Bleuets,48,
2.02E+11,12,8,2024,13:35,1,94,94077,2,1,1,6,Quai du Halage,48,
2.02E+11,30,4,2024,19:30,1,59,59299,1,9,2,2,CD 700,50,
2.02E+11,12,8,2024,22:35,5,94,94079,2,1,1,6,Rue du Général de Gaulle,48,
2.02E+11,30,4,2024,10:10,1,59,59350,2,1,1,6,Rue de la Halle,50,
2.02E+11,30,4,2024,23:50,4,56,56260,2,4,1,6,Boulevard du Colonel Rémy,47,
2.02E+11,12,8,2024,15:25,1,94,94071,2,3,1,3,Rue du Général Leclerc,48,
2.02E+11,30,4,2024,17:17,1,56,56121,2,1,3,6,Place Alsace-Lorraine,47,
2.02E+11,13,8,2024,12:20,1,93,93066,2,1,1,3,Boulevard Carnot,48,
2.02E+11,29,4,2024,15:00,1,56,56098,2,3,7,2,Avenue Ambroise Croizat,47,
2.02E+11,13,8,2024,12:00,1,93,93066,2,9,8,6,Avenue du Président Wilson / Rue du Landy,48,
2.02E+11,30,4,2024,15:45,1,51,51454,2,2,1,3,BOUSSINESQ (RUE GEORGES),49,
2.02E+11,13,8,2024,19:15,1,93,93053,2,1,1,3,Rue de Brément,48,
2.02E+11,28,4,2024,17:43,1,51,51108,2,1,1,6,COMPERE (RUE GENERAL),48,
2.02E+11,13,8,2024,15:06,1,93,93053,2,1,1,3,Rue de Paris,48,
2.02E+11,29,4,2024,18:20,1,50,50129,2,3,1,3,MOULIN (RUE JEAN),49,
2.02E+11,13,8,2024,14:40,1,93,93048,2,1,8,1,Allée Eugénie Cotton,48,
2.02E+11,29,4,2024,13:42,1,49,49007,2,2,1,2,RAMON BOULEVARD,47,
2.02E+11,13,8,2024,1:00,5,93,93046,2,2,1,3,Avenue Vauban / Boulevard Gutenberg,48,
2.02E+11,30,4,2024,18:05,1,47,47001,2,1,1,2,LACOUR (BD EDOUARD),44,
2.02E+11,13,8,2024,18:35,1,93,93029,2,1,1,3,Avenue Sully,48,
2.02E+11,13,8,2024,19:00,1,93,93029,2,1,1,6,Rue Anatole France,48,
2.02E+11,30,4,2024,20:30,1,44,44109,2,6,1,3,11 Boulevard Général de Gaulle,47,
2.02E+11,30,4,2024,20:00,1,37,37214,2,1,1,6,BOCAGE (RUE DU),47,
2.02E+11,13,8,2024,18:15,1,93,93027,2,6,1,3,Avenue Jean Jaurès / Avenue Paul Vaillant-Couturier,48,
2.02E+11,30,4,2024,8:45,1,37,37122,2,6,1,1,DOUZILLIERE (RUE DE LA),47,
2.02E+11,28,7,2024,9:45,1,93,93008,2,1,7,6,PROSPERITE (RUE DE LA),48,
2.02E+11,30,4,2024,21:40,5,36,36044,2,1,1,3,Boulevard Le Corbusier,46,
2.02E+11,13,8,2024,13:12,1,92,92078,2,8,1,3,VERDUN (AVENUE) (IMPAIRS 1 A 25),48,
2.02E+11,30,4,2024,8:20,1,35,35238,1,1,1,6,PORTE DES LOGES,48,
2.02E+11,2,7,2024,18:30,1,92,92062,2,2,1,3,HUGO (RUE VICTOR),48,
2.02E+11,30,4,2024,18:30,1,33,33065,2,3,1,5,N/A,44,
2.02E+11,13,8,2024,18:20,1,92,92026,2,1,1,6,GAMBETTA,48,
2.02E+11,30,4,2024,11:30,1,33,33063,2,1,1,3,N/A,44,
2.02E+11,13,8,2024,6:20,2,92,92025,2,3,1,3,PAUL BERT (RUE),48,
2.02E+11,30,4,2024,11:50,1,33,33529,2,9,1,2,N/A,44,
2.02E+11,12,8,2024,14:30,1,92,92025,2,1,1,3,CHARLES DE GAULLE (BD),48,
2.02E+11,30,4,2024,17:46,1,31,31555,2,1,1,6,ALL DE BELLEFONTAINE,43,
2.02E+11,12,8,2024,14:30,1,60,60533,2,1,7,3,Rue de Gournay,49,
2.02E+11,29,4,2024,2:20,5,31,31555,2,9,2,2,BD DE BONREPOS,43,
2.02E+11,14,8,2024,9:00,1,34,34276,1,2,1,2,D1,43,
2.02E+11,13,8,2024,16:40,1,2,2615,1,1,1,6,N/A,49,
2.02E+11,30,4,2024,11:20,1,27,27229,2,1,1,6,MENDES FRANCE (RUE PIERRE),49,
2.02E+11,30,4,2024,16:10,1,25,25204,1,2,1,2,Grande rue,46,
2.02E+11,13,8,2024,23:00,3,6,6161,2,1,1,3,2520 route nationale 7,43,
2.02E+11,29,4,2024,14:50,1,25,25462,2,3,1,6,SAINT ETIENNE FAUBOURG,46,
2.02E+11,10,8,2024,13:00,1,974,97410,1,1,1,1,N 3 Pont Payet,-21,
2.02E+11,30,4,2024,12:25,1,25,25056,2,1,1,6,STRASBOURG QUAI DE,47,
2.02E+11,12,8,2024,13:50,1,62,62405,2,3,1,1,D43,50,
2.02E+11,13,8,2024,11:20,1,19,19269,2,1,1,6,Rue Ignace Dumergue,45,
2.02E+11,30,4,2024,14:21,1,25,25056,2,1,1,7,LAGRANGE  AVENUE LEO,47,
2.02E+11,14,8,2024,11:15,1,76,76377,2,3,1,6,Route de Neufchatel,49,
2.02E+11,30,4,2024,8:55,1,22,22278,2,6,1,2,71° RI (DU),48,
2.02E+11,13,8,2024,6:50,2,82,82030,1,1,1,6,Route de Belleperche,44,
2.02E+11,27,2,2024,2:05,5,21,21231,2,3,1,3,MAYENCE (DE) (RUE),47,
2.02E+11,13,8,2024,15:00,1,82,82195,1,1,1,1,514 Route de Bordeaux,44,
2.02E+11,9,7,2024,17:10,1,69,69084,1,2,1,3,Route des Déduits,46,
2.02E+11,29,4,2024,16:35,1,19,19031,2,6,1,3,CHAUMEIL (RUE PIERRE),45,
2.02E+11,13,8,2024,11:50,1,32,32384,1,1,1,6,D930,43,
2.02E+11,30,4,2024,14:30,1,17,17306,2,6,1,3,ROCHEFORT (DE)  (AVENUE),45,
2.02E+11,14,8,2024,12:00,1,12,12133,2,6,2,6,2 Avenue de Toulouse,44,
2.02E+11,30,4,2024,9:25,1,17,17306,2,1,1,6,PONTAILLAC (DE) (AVENUE),45,
2.02E+11,30,4,2024,14:35,1,14,14366,2,1,1,7,84 Rue Henry Chéron,49,
2.02E+11,13,8,2024,17:00,1,46,46073,1,1,1,1,D911,44,
2.02E+11,30,4,2024,19:05,1,13,13211,2,3,1,3,SAINT MARCEL (BOULEVARD DE ),43,
2.02E+11,14,8,2024,12:00,1,47,47185,1,1,2,7,Route de Tournon,44,
2.02E+11,30,4,2024,20:15,1,13,13216,2,1,1,2,LA PELOUQUE (CHEMIN),43,
2.02E+11,12,8,2024,14:59,1,47,47106,2,6,1,3,Avenue Léon Blum,44,
2.02E+11,30,4,2024,16:00,1,13,13213,2,2,1,3,Rue louis leprince ringuet,43,
2.02E+11,30,4,2024,7:06,1,13,13211,2,3,1,5,AUDIENCE (RUE DE L'),43,
2.02E+11,13,8,2024,6:45,2,86,86064,2,1,2,3,Rue de l'Arboretum,46,
2.02E+11,13,8,2024,15:51,1,34,34293,1,1,1,6,RD 907,43,
2.02E+11,30,4,2024,17:30,1,13,13047,2,3,1,3,FLORE AVENUE DE LA,43,
2.02E+11,30,4,2024,13:25,1,13,13001,2,1,1,1,CLUB HIPPIQUE (AV),43,
2.02E+11,10,8,2024,20:20,1,39,39128,2,6,1,3,29 Route d’Asnans,46,
2.02E+11,30,4,2024,13:30,1,11,11069,2,1,1,7,21 Boulevard de Varsovie,43,
2.02E+11,14,8,2024,15:15,1,38,38444,2,1,1,1,Montee des Egats,44,
2.02E+11,29,4,2024,16:30,1,11,11069,2,2,2,3,34 Avenue du Général Leclerc,43,
2.02E+11,13,8,2024,11:00,1,5,5046,1,1,1,6,Avenue du Lac,44,
2.02E+11,29,4,2024,13:20,1,11,11069,1,4,3,3,ROCADE SUD RD 6161,43,
2.02E+11,14,8,2024,15:45,1,64,64436,2,4,2,3,Gaharduko errepidea,43,
2.02E+11,19,4,2024,20:10,1,10,10333,2,6,1,7,CHARLES DE REFUGE (RUE),48,
2.02E+11,13,8,2024,15:45,1,10,10423,2,1,7,1,Route Departementale 619,48,
2.02E+11,29,4,2024,8:30,1,6,6069,2,1,1,3,77 Chemin des Basses Moulières,43,
2.02E+11,13,8,2024,21:55,3,7,7009,1,1,6,6,D86,45,
2.02E+11,27,4,2024,19:10,1,2,2722,2,6,2,3,N/A,49,
2.02E+11,13,8,2024,21:00,2,24,24520,1,1,1,6,D704,44,
2.02E+11,30,4,2024,13:20,1,1,1053,2,2,8,3,JOLIOT CURIE ( BOULEVARD IRENE COTE IMPA,46,
2.02E+11,10,8,2024,4:55,3,4,4001,1,1,1,2,RN85,44,
2.02E+11,30,4,2024,16:10,1,75,75112,2,1,1,3,ECHANGEUR BERCY,48,
2.02E+11,30,4,2024,14:00,1,75,75116,2,1,1,3,BD PERIPHERIQUE EXTERIEUR,48,
2.02E+11,14,8,2024,4:30,3,17,17101,1,1,1,7,D221,45,
2.02E+11,30,4,2024,4:30,5,75,75112,2,1,1,3,BD PERIPHERIQUE EXTERIEUR,48,
2.02E+11,30,4,2024,1:50,5,75,75105,2,3,1,3,RUE MONGE,48,
2.02E+11,13,8,2024,13:50,1,48,48051,1,1,1,3,RN106 - PK 003,44,
2.02E+11,30,4,2024,17:03,1,75,75120,2,3,1,6,AVENUE GAMBETTA,48,
2.02E+11,14,8,2024,10:50,1,6,6152,1,1,1,6,447 Route d’Antibes,43,
2.02E+11,30,4,2024,8:20,1,75,75120,2,2,2,3,BOULEVARD DAVOUT,48,
2.02E+11,14,8,2024,1:00,3,60,60533,1,1,1,2,A1,49,
2.02E+11,30,4,2024,8:29,1,75,75120,2,2,8,3,BOULEVARD DE CHARONNE,48,
2.02E+11,13,8,2024,12:45,1,974,97408,2,1,1,2,Rue Leconte de Lisle,-20,
2.02E+11,30,4,2024,19:50,1,75,75115,2,2,1,1,AVENUE DE LA PORTE BRANCION,48,
2.02E+11,30,7,2024,19:00,5,971,97114,2,1,1,3,Rue de l'hermitage - D43,16,
2.02E+11,29,4,2024,10:55,1,75,75114,2,3,1,6,AVENUE DU GENERAL LECLERC,48,
2.02E+11,11,8,2024,20:30,1,34,34145,1,2,1,1,D61,43,
2.02E+11,27,6,2024,17:30,1,34,34145,2,1,1,3,Avenue du General de Gaulle,43,
2.02E+11,29,4,2024,19:35,1,75,75112,2,3,1,3,BOULEVARD DIDEROT,48,
2.02E+11,14,8,2024,16:00,1,83,83047,2,1,1,3,1003 Chemin des Banons,43,
2.02E+11,14,8,2024,0:20,3,54,54186,1,6,1,7,D83C,48,
2.02E+11,29,4,2024,22:58,5,75,75108,2,3,1,3,BOULEVARD HAUSSMANN,48,
2.02E+11,14,8,2024,15:43,1,3,3200,1,1,1,6,RD 13 - PK 2+0000 - Route de Montilly,46,
2.02E+11,29,4,2024,13:30,1,75,75103,2,2,1,6,RUE REAUMUR,48,
2.02E+11,13,8,2024,18:19,1,63,63417,1,1,1,1,cd943,45,
2.02E+11,27,4,2024,20:40,2,94,94015,2,2,2,3,Boulevard Georges Méliès / Boulevard Pasteur,48,
2.02E+11,12,8,2024,11:30,1,38,38545,2,1,1,2,D1075,45,
2.02E+11,30,4,2024,20:20,1,94,94038,2,1,1,1,Rue Paul Hochart,48,
2.02E+11,14,8,2024,15:20,1,7,7324,2,1,1,6,Quai Farconnet,45,
2.02E+11,30,4,2024,18:15,1,94,94022,2,3,1,3,Avenue Léon Gourdault / Avenue du Général Leclerc,48,
2.02E+11,12,8,2024,11:35,1,69,69028,2,1,1,1,139 Chemin du Devay,45,
2.02E+11,30,4,2024,16:20,1,94,94069,2,5,1,3,Rue du Maréchal Leclerc / Rue du Val d'Osne,48,
2.02E+11,14,8,2024,18:30,1,81,81251,1,1,2,6,Route de la Gare,43,
2.02E+11,30,7,2024,8:30,1,79,79020,1,2,1,3,N/A,46,
2.02E+11,24,4,2024,7:55,1,94,94017,2,2,1,3,Voie Sonia Delaunay / Rue Rose,48,
2.02E+11,13,8,2024,22:13,3,40,40184,1,1,1,6,Route de Lespecier,44,
2.02E+11,11,8,2024,11:20,1,33,33238,1,1,1,7,N/A,44,
2.02E+11,26,4,2024,18:35,1,94,94002,2,2,1,6,Rue Charles de Gaulle / Quai Blanqui,48,
2.02E+11,13,8,2024,12:40,1,33,33159,1,1,1,7,N/A,45,
2.02E+11,1,8,2024,18:30,1,33,33449,2,2,1,3,N/A,44,
2.02E+11,22,7,2024,16:45,1,49,49298,2,6,1,3,route nationale,47,
2.02E+11,14,8,2024,8:10,1,14,14488,2,3,1,2,153 Avenue du Grand Large,49,
2.02E+11,14,8,2024,3:45,3,56,56241,1,9,1,6,fontenego,47,
2.02E+11,9,8,2024,17:25,1,22,22178,1,1,1,1,D79 lieu dit la justice,48,
2.02E+11,12,8,2024,17:20,1,13,13214,1,1,1,2,A507 sens Marseille - Aubagne,43,
2.02E+11,12,8,2024,11:10,1,69,69290,1,1,1,4,Autoroute 43 ,45,
2.02E+11,12,8,2024,17:20,1,33,33318,1,1,1,6,N/A,44,
2.02E+11,8,8,2024,8:05,1,33,33013,1,1,1,3,N/A,44,
2.02E+11,13,8,2024,12:20,1,75,75113,1,1,1,6,A6B,48,
2.02E+11,12,8,2024,20:30,1,91,91136,1,1,1,6,A10 PROVINCE / RD188 PARIS,48,
2.02E+11,13,8,2024,12:54,1,93,93051,1,1,1,2,A4,48,
2.02E+11,13,8,2024,11:30,1,77,77450,1,1,1,7,RN104,48,
2.02E+11,12,8,2024,18:20,1,94,94069,1,1,1,4,A4,48,
2.02E+11,12,8,2024,15:40,1,94,94074,1,1,1,6,N406,48,
2.02E+11,12,8,2024,9:18,1,94,94081,1,1,1,6,A86,48,
2.02E+11,12,8,2024,8:15,1,77,77146,1,1,1,6,A4.Y,48,
2.02E+11,3,4,2024,14:45,1,35,35288,2,2,1,3,N/A,48,
2.02E+11,17,8,2024,16:35,1,988,98818,2,2,1,3,RUE DE METZ/RUE DE MAUBEUGE,-22,
2.02E+11,12,8,2024,11:45,1,974,97416,2,1,1,6,POUDRIERE(RUE DE LA),-21,
2.02E+11,11,8,2024,0:05,5,974,97416,2,2,1,3,BONS ENFANTS (RUE DES),-21,
2.02E+11,12,8,2024,16:30,1,973,97302,2,1,1,6,LALLOUETTE,4,
2.02E+11,12,8,2024,9:20,1,973,97302,2,1,1,3,BADUEL (ROUTE DE),4,
2.02E+11,12,8,2024,8:50,1,973,97302,2,3,1,3,CABASSOU (ROUTE DE),4,
2.02E+11,6,8,2024,20:40,5,972,97213,1,1,1,5,AUTOROUTE A1,14,
2.02E+11,11,8,2024,10:10,1,972,97209,2,1,1,2,GENERAL DE GAULLE (BLD DU),14,
2.02E+11,12,8,2024,3:30,5,69,69381,2,1,1,6,Quai André Lassagne,45,
2.02E+11,12,8,2024,15:15,1,2A,2A004,1,1,1,4,T21,41,