Num_Acc,jour,mois,an,hrmn,lum,dep,com,agg,int,atm,col,adr,lat,long
2.02E+11,22,10,2024,17:15,1,10,10387,2,1,1,6,BEAUSEJOUR (RUE DU),48,
2.02E+11,22,10,2024,22:40,5,75,75119,2,4,1,4,BD PERIPHERIQUE EXTERIEUR,48,
2.02E+11,23,10,2024,16:45,1,75,75118,2,2,1,3,RUE BELLIARD,48,
2.02E+11,23,10,2024,10:00,1,75,75118,2,4,1,3,RUE D AUBERVILLIERS,48,
2.02E+11,23,10,2024,9:35,1,75,75117,2,2,1,3,AVENUE DE CLICHY,48,
2.02E+11,23,10,2024,8:35,1,75,75117,2,2,1,6,RUE DES BATIGNOLLES,48,
2.02E+11,23,10,2024,17:22,1,75,75116,2,1,1,2,QUAI LOUIS BLERIOT,48,
2.02E+11,23,10,2024,10:00,1,75,75116,2,1,1,6,RUE DU GENERAL DELESTRAINT,48,
2.02E+11,23,10,2024,12:17,1,75,75113,2,3,1,3,QUAI D AUSTERLITZ,48,
2.02E+11,23,10,2024,19:00,3,75,75112,2,1,1,6,BOULEVARD DIDEROT,48,
2.02E+11,23,10,2024,16:15,1,75,75112,2,4,1,1,BOULEVARD DE LA BASTILLE,48,
2.02E+11,23,10,2024,8:20,1,75,75109,2,2,8,3,BOULEVARD POISSONNIERE,48,
2.02E+11,22,10,2024,22:50,5,75,75109,2,2,1,6,RUE DES MATHURINS,48,
2.02E+11,23,10,2024,20:10,5,75,75108,2,1,1,6,AVENUE MONTAIGNE,48,
2.02E+11,23,10,2024,21:40,5,75,75104,2,2,1,6,RUE SAINT ANTOINE,48,
2.02E+11,23,10,2024,15:50,1,75,75103,2,4,1,6,RUE DE TURBIGO,48,
2.02E+11,23,10,2024,13:00,1,75,75104,2,1,1,7,QUAI DE L HOTEL DE VILLE,48,
2.02E+11,22,10,2024,22:30,5,94,94054,2,1,1,1,Route Charles Tillon,48,
2.02E+11,22,10,2024,20:00,5,94,94019,2,3,1,3,Route de la Libération,48,
2.02E+11,23,10,2024,18:35,3,93,93078,2,2,1,2,PETITS PONTS (ROUTE DES),48,
2.02E+11,22,10,2024,3:30,3,93,93073,1,1,2,6,CHAPIT RE ( RUE DU),48,
2.02E+11,23,10,2024,15:20,1,93,93059,2,1,1,2,JEAN MERMOZ (BOULEVARD) DES N°1A57 ET N°,48,
2.02E+11,23,10,2024,18:10,1,93,93079,2,1,1,6,SAINT LEU (ROUTE),48,
2.02E+11,22,10,2024,21:25,5,93,93027,2,6,1,3,BARBUSSE (AVENUE HENRI),48,
2.02E+11,22,10,2024,14:15,1,93,93027,2,2,1,2,VAILLANT-COUTURIER (AVENUE PAUL),48,
2.02E+11,22,10,2024,9:54,1,93,93030,2,2,1,6,DE GAULLE (AVENUE DU GENERAL),48,
2.02E+11,22,10,2024,20:35,5,93,93057,2,1,1,1,EUROPE ( PONT DE L'),48,
2.02E+11,23,10,2024,16:30,1,93,93005,2,3,1,6,CHARLES FLOQUET (BOULEVARD),48,
2.02E+11,23,10,2024,9:15,1,93,93078,2,1,1,6,DAMBEL (AVENUE EMILE),48,
2.02E+11,23,10,2024,10:35,1,93,93001,2,1,1,3,LEOPOLD RECHOSSIERE (RUE)  (RESTE),48,
2.02E+11,21,10,2024,12:05,1,93,93001,2,2,1,1,CHARRON (RUE),48,
2.02E+11,22,10,2024,16:00,1,92,92078,2,1,1,6,CHARLES DE GAULLE (BD) (15 AU 69),48,
2.02E+11,23,10,2024,9:35,1,92,92075,2,1,1,3,MARCEL MARTINIE (AVENUE),48,
2.02E+11,22,10,2024,16:15,1,92,92046,2,1,1,6,DE STALINGRAD,48,
2.02E+11,23,10,2024,15:25,1,92,92072,2,1,1,6,CRISTALLERIE (AVENUE DE LA),48,
2.02E+11,22,10,2024,8:25,1,92,92063,2,4,1,3,JUIN (AVENUE DU MARECHAL),48,
2.02E+11,23,10,2024,14:29,1,92,92044,2,1,1,2,BINEAU (BOULEVARD),48,
2.02E+11,23,10,2024,13:30,1,92,92040,2,1,1,6,BOURGAIN (AVENE),48,
2.02E+11,23,10,2024,9:19,1,92,92040,2,1,1,3,JEANNE D'ARC,48,
2.02E+11,23,10,2024,11:27,1,92,92026,2,1,1,2,PRÉSIDENT PAUL DOUMER (QUAI DU),48,
2.02E+11,22,10,2024,17:30,1,92,92004,2,1,1,2,REDOUTE (AVENUE DE LA ),48,
2.02E+11,23,10,2024,17:50,1,92,92002,2,1,1,1,ALPES (SQUARE DES),48,
2.02E+11,23,10,2024,17:05,1,37,37022,2,3,1,3,5 Rue du Parc,47,
2.02E+11,23,10,2024,20:00,5,33,33243,2,2,1,3,N/A,44,
2.02E+11,21,10,2024,17:30,2,33,33015,1,6,1,1,N/A,44,
2.02E+11,20,10,2024,20:10,3,60,60281,1,1,1,6,D1017,49,
2.02E+11,23,10,2024,17:40,1,60,60216,1,3,1,3,D101,49,
2.02E+11,23,10,2024,11:50,1,31,31113,2,3,1,6,Rue des Ormes,43,
2.02E+11,4,10,2024,18:15,3,972,97220,2,1,1,6,Quartier Lourdes,14,
2.02E+11,23,10,2024,18:30,1,59,59107,2,1,1,6,575 Boulevard Georges Pompidou,51,
2.02E+11,23,10,2024,19:15,3,68,68315,1,1,1,1,Route de Raedersheim,47,
2.02E+11,24,10,2024,1:10,5,77,77398,2,1,1,6,D31,48,
2.02E+11,23,10,2024,10:45,1,35,35003,1,2,1,3,Rue du Gué,48,
2.02E+11,24,10,2024,13:10,1,59,59562,1,1,1,3,39 Rue Nationale,50,
2.02E+11,24,10,2024,4:00,3,56,56123,1,1,1,6,la ville auray,47,
2.02E+11,23,10,2024,14:30,1,59,59282,1,1,1,3,Route de Dunkerque,50,
2.02E+11,23,10,2024,15:45,1,2B,2B238,1,1,1,1,RT50,42,
2.02E+11,23,10,2024,15:50,1,82,82079,1,1,1,1,Chemin de Rabany,43,
2.02E+11,15,10,2024,17:40,1,33,33505,1,3,8,7,N/A,44,
2.02E+11,23,10,2024,22:20,4,71,71244,1,1,1,6,D971,46,
2.02E+11,23,10,2024,21:00,3,71,71014,1,1,1,7,62 Route de Saint Denis,46,
2.02E+11,24,10,2024,13:50,1,55,55102,1,3,1,1,D38,49,
2.02E+11,23,10,2024,23:00,3,42,42140,1,1,1,6,Route de Valinches,45,
2.02E+11,21,10,2024,6:15,3,34,34310,2,1,1,3,D19,43,
2.02E+11,22,10,2024,18:20,5,68,68135,1,2,1,1,D105,47,
2.02E+11,24,10,2024,16:30,1,39,39017,1,1,1,6,N/A,46,
2.02E+11,24,10,2024,17:20,1,39,39411,1,1,1,3,pk 5 D471,46,
2.02E+11,22,10,2024,16:35,1,44,44064,1,1,1,5,la Grande Metairie,47,
2.02E+11,23,10,2024,9:50,2,44,44131,2,6,1,3,1 Boulevard de Linz,47,
2.02E+11,23,10,2024,20:35,3,29,29190,1,9,1,6,D789,48,
2.02E+11,23,10,2024,16:00,1,15,15004,2,1,1,6, Route des Fontanilles,45,
2.02E+11,13,9,2024,21:10,5,1,1093,2,3,1,6,Avenue Pierre Marcault,46,
2.02E+11,24,10,2024,8:00,2,72,72134,1,1,5,6,Lieu Dit La Petite Clergerie,47,
2.02E+11,24,10,2024,17:10,5,6,6032,2,1,9,2,tunnel rainier III,43,
2.02E+11,24,10,2024,14:40,1,60,60616,2,2,1,3,D915,49,
2.02E+11,23,10,2024,17:35,1,64,64493,2,3,7,3,31 Avenue du Bois de la ville,43,
2.02E+11,22,10,2024,14:00,1,7,7151,1,1,2,2,D15 lieu dit la batterie - PR 39+700,45,
2.02E+11,23,10,2024,19:50,5,40,40046,2,3,1,3,888 Avenue Marechal Lyautey,44,
2.02E+11,23,3,2024,18:00,1,34,34172,2,1,1,2,TOULOUSE (AVENUE DE,43,
2.02E+11,23,3,2024,10:10,1,34,34172,2,1,1,3,FONT FROIDE (RUE DE LA),43,
2.02E+11,22,3,2024,14:30,1,34,34003,2,3,1,3,SAINT CHRIST (M7 A H11,43,
2.02E+11,22,3,2024,18:10,1,33,33249,2,6,1,3,N/A,44,
2.02E+11,23,3,2024,16:20,1,30,30007,2,1,1,3,Quai du 8 mai 1945,44,
2.02E+11,23,3,2024,9:30,1,28,28404,1,1,1,3,RD 828A,48,
2.02E+11,23,3,2024,0:50,5,16,16102,2,6,1,3,RN 141,45,
2.02E+11,22,3,2024,16:25,1,13,13210,2,2,1,3,TIMONE (AVENUE DE LA),43,
2.02E+11,23,3,2024,11:00,1,13,13005,2,9,1,3,BONNES NOUVELLES (CH.DES),43,
2.02E+11,23,3,2024,8:15,1,13,13005,2,1,1,3,CAMP DE SARLIER ROUTE DE GEMENOS,43,
2.02E+11,23,3,2024,12:35,1,11,11069,2,9,1,3,N/A,43,
2.02E+11,23,3,2024,21:00,5,6,6088,2,1,1,3,Avenue Maréchal Lyautey,43,
2.02E+11,22,3,2024,5:30,5,6,6029,2,6,1,3,Avenue Michel Jourdan,43,
2.02E+11,23,3,2024,13:20,1,75,75115,2,1,1,2,BD PERIPHERIQUE EXTERIEUR,48,
2.02E+11,22,3,2024,23:30,5,75,75114,2,4,3,6,RUE FRIANT,48,
2.02E+11,23,3,2024,13:30,1,75,75118,2,1,1,6,RUE CUSTINE,48,
2.02E+11,23,3,2024,14:45,1,75,75116,2,1,2,2,ALLEE DE LONGCHAMP,48,
2.02E+11,23,3,2024,1:30,5,75,75115,2,2,1,1,RUE DE VAUGIRARD,48,
2.02E+11,22,3,2024,17:25,1,75,75114,2,2,1,3,AVENUE DE LA PORTE DE MONTROUGE,48,
2.02E+11,23,3,2024,2:00,5,75,75109,2,3,1,3,BOULEVARD HAUSSMANN,48,
2.02E+11,23,3,2024,1:01,5,75,75108,2,7,1,6,COURS ALBERT 1ER,48,
2.02E+11,23,3,2024,5:30,2,75,75107,2,2,1,1,PONT ALEXANDRE III,48,
2.02E+11,23,3,2024,19:35,5,94,94068,2,1,1,6,Place des Marronniers,48,
2.02E+11,23,3,2024,7:00,2,94,94068,2,1,1,6,Avenue de l’Alma,48,
2.02E+11,22,3,2024,15:40,1,94,94076,2,3,1,3,Avenue de Fontainebleau / Rue Anatole France,48,
2.02E+11,23,3,2024,5:00,5,94,94017,2,1,2,6,Avenue Roger Salengro,48,
2.02E+11,10,7,2024,10:55,1,59,59402,1,3,1,1,Rue du Bister,50,
2.02E+11,23,3,2024,20:15,5,93,93071,2,1,2,6,Avenue Berlioz,48,
2.02E+11,23,3,2024,12:45,1,93,93071,2,1,1,6,Boulevard Stalingrad,48,
2.02E+11,7,7,2024,11:40,1,79,79320,1,2,1,3,N/A,46,
2.02E+11,23,3,2024,7:40,1,93,93072,2,3,1,3,Rue de Fontenay / Rue du Président Harding,48,
2.02E+11,10,7,2024,19:10,1,2A,2A271,2,1,1,2,RT22,41,
2.02E+11,23,3,2024,13:30,1,93,93010,2,5,1,3,Avenue de Rosny / Chemin des Carouges,48,
2.02E+11,10,7,2024,9:35,1,65,65126,2,1,1,7,1 chemin de la chapelle,43,
2.02E+11,23,3,2024,11:23,1,93,93063,2,1,1,3,Boulevard Edouard Branly,48,
2.02E+11,23,3,2024,19:30,5,93,93008,2,2,2,4,Avenue du Président Salvador Allende / Rue Bernard Birsinger,48,
2.02E+11,10,7,2024,18:50,1,81,81070,1,3,1,3,Route de Giroussens,43,
2.02E+11,23,3,2024,8:35,1,92,92075,2,1,8,2,MARY BESSEYRE (RUE),48,
2.02E+11,11,7,2024,13:20,1,47,47052,2,2,7,3,Avenue d?Albret,44,
2.02E+11,23,3,2024,21:00,5,92,92072,2,1,1,2,EUROPE (AVENUE DE L'),48,
2.02E+11,11,7,2024,17:10,1,68,68338,1,2,3,3,Route de Colmar,48,
2.02E+11,23,3,2024,11:35,1,92,92020,2,2,1,3,TIMBAUD RUE JEAN-PIERRE N° PAIRS,48,
2.02E+11,22,3,2024,23:15,5,92,92040,2,3,2,3,FRERES VOISIN (BOULEVARD DES),48,
2.02E+11,11,7,2024,12:00,1,39,39470,1,1,1,7,N/A,46,
2.02E+11,23,3,2024,16:22,1,92,92024,2,1,2,3,VICTOR HUGO (BD),48,
2.02E+11,23,3,2024,1:45,5,92,92023,2,9,9,3,PORTE DE TRIVAUX (RUE DE) N°57 A 197 ET,48,
2.02E+11,23,3,2024,19:30,5,92,92012,2,1,2,3,VICTOR HUGO (AVENUE) 49/FIN - 60/FIN,48,
2.02E+11,10,7,2024,18:35,1,25,25154,1,1,8,1,Route Nationale,47,
2.02E+11,23,3,2024,20:10,5,92,92012,2,1,9,6,SILLY (RUE DE) 1/87 - 2/88,48,
2.02E+11,9,7,2024,10:30,1,44,44069,2,1,2,6,3 avenue de la brière,47,
2.02E+11,23,3,2024,14:05,1,92,92012,2,1,2,3,ANDRE MORIZET (AVENUE) 1/47 - 2/52,48,
2.02E+11,23,3,2024,9:55,1,35,35176,2,2,1,6,Rue de la Résistance,47,
2.02E+11,23,3,2024,23:40,3,37,37058,1,1,2,6,1239 Rue des Gravets,47,
2.02E+11,6,7,2024,18:30,1,44,44111,1,2,1,3,l'Arche du Fouan,47,
2.02E+11,23,3,2024,17:50,1,76,76287,1,1,4,6,A 151,49,
2.02E+11,10,7,2024,18:10,1,38,38184,1,1,1,1,Communale 7,45,
2.02E+11,24,3,2024,9:20,1,71,71273,1,1,1,6,D973,46,
2.02E+11,10,7,2024,11:16,1,38,38529,1,1,1,1,Avenue du Golf,45,
2.02E+11,24,3,2024,16:55,1,33,33098,1,1,1,1,N/A,44,
2.02E+11,23,3,2024,19:00,1,76,76210,2,1,2,3,Route de Neufchatel,49,
2.02E+11,11,7,2024,13:18,1,2,2634,2,1,1,6,56 Grande Rue,49,
2.02E+11,23,3,2024,19:50,3,31,31445,2,1,1,6,253 Route de Castres,43,
2.02E+11,11,7,2024,15:00,1,50,50151,1,3,1,6,départementale 652,49,
2.02E+11,24,3,2024,16:10,1,51,51192,1,1,1,7,route departementale 3,49,
2.02E+11,24,3,2024,15:15,1,974,97414,2,1,1,6,55 Rue Pente des Vacoas,-21,
2.02E+11,11,7,2024,12:45,1,50,50021,1,4,1,1,Le Broc,49,
2.02E+11,23,3,2024,15:45,1,59,59309,1,5,1,3,Route de Killem,50,
2.02E+11,11,7,2024,18:07,1,18,18092,2,1,1,7,13 Rue des Epinettes,47,
2.02E+11,24,3,2024,3:50,3,60,60380,2,1,2,6,Avenue du Grenier à Sel,49,
2.02E+11,10,7,2024,18:00,1,36,36006,1,1,1,7,N/A,46,
2.02E+11,22,3,2024,13:23,1,63,63091,1,9,1,6, A75 - diff 18 bretelle sortie sens NORD/SUD,45,
2.02E+11,22,3,2024,18:17,1,63,63411,1,2,1,3,Autoroute A75 échangeur N°9 sens NORD/SUD,45,
2.02E+11,7,7,2024,17:45,1,4,4031,1,1,1,1,D907,43,
2.02E+11,23,3,2024,20:00,5,30,30202,2,3,1,1,Avenue André de Philip,44,
2.02E+11,11,7,2024,5:50,3,85,85288,1,2,1,3,D21,46,
2.02E+11,22,3,2024,18:40,2,34,34270,2,4,1,3,Route de Sete,43,
2.02E+11,11,7,2024,3:20,3,85,85294,2,1,1,7,Rue des sables,46,
2.02E+11,24,3,2024,0:30,3,57,57426,1,2,2,3,Route de Luttange,49,
2.02E+11,8,7,2024,18:20,1,17,17091,1,1,1,3,Route de Villedoux,46,
2.02E+11,14,3,2024,10:45,1,57,57370,2,9,1,6,33 Rue de Thionville,49,
2.02E+11,10,7,2024,19:41,1,48,48094,1,1,1,7,Route de la Canourgue,44,
2.02E+11,24,3,2024,11:00,1,62,62524,2,1,1,1,VC,50,
2.02E+11,27,5,2024,11:40,1,52,52017,1,1,1,7,départementale 3,47,
2.02E+11,23,3,2024,16:45,1,51,51171,1,1,2,7,Rue de l'église (Gernicourt),49,
2.02E+11,23,3,2024,23:05,3,19,19229,1,1,1,6,lieu-dit les guierles,45,
2.02E+11,24,3,2024,9:05,1,61,61081,1,1,1,7,D50 PR3+820,48,
2.02E+11,10,7,2024,14:17,1,21,21581,1,1,2,6,A36 PK 179+800 sens BESANCON/BEAUNE,47,
2.02E+11,23,3,2024,22:35,3,13,13045,1,1,1,1,Route d'Arles,43,
2.02E+11,22,3,2024,16:27,1,2,2806,1,1,1,6,D310,49,
2.02E+11,11,7,2024,9:05,1,69,69206,1,1,1,2,Autoroute 6,46,
2.02E+11,24,3,2024,16:00,1,26,26069,1,1,1,6,pk 41 D518,44,
2.02E+11,10,7,2024,19:15,2,13,13103,1,1,1,7,Autoroute A54,,
2.02E+11,22,3,2024,17:52,1,6,6105,2,7,1,3, Route de Grasse,43,
2.02E+11,24,3,2024,15:24,1,60,60253,1,1,6,4,D11,49,
2.02E+11,10,7,2024,15:55,1,987,98722,1,1,1,1,RT2,,
2.02E+11,23,3,2024,23:00,3,64,64082,1,2,1,3,D28,43,
2.02E+11,10,4,2024,13:55,1,988,98802,1,1,1,2,RT1 - PORT OUENGHI,-21,
2.02E+11,23,3,2024,18:24,2,43,43018,1,2,7,3,D589,44,
2.02E+11,11,7,2024,10:00,1,974,97408,2,1,1,6,Avenue de la Palestine,-20,
2.02E+11,20,2,2024,9:40,1,27,27001,1,3,1,3,D438,49,
2.02E+11,11,7,2024,17:25,1,77,77089,1,2,1,3,D213,48,
2.02E+11,11,7,2024,11:15,1,95,95199,2,1,1,6,45 JEAN JAURES (AVENUE),49,
2.02E+11,18,3,2024,15:34,1,17,17317,1,1,1,1,D730,45,
2.02E+11,24,3,2024,15:40,1,73,73241,1,1,2,6,A430 Péage Sainte-Hélène-sur-Isère,45,
2.02E+11,24,3,2024,5:55,5,42,42279,2,2,2,3,Route de Saint-Étienne,45,
2.02E+11,10,7,2024,16:40,1,78,78615,1,1,1,5,D30,48,
2.02E+11,23,3,2024,0:08,3,69,69050,1,1,1,3,Autoroute 89 ,45,
2.02E+11,9,7,2024,20:55,2,30,30211,2,1,1,1,Route de Beaucaire,43,
2.02E+11,23,5,2024,16:45,1,34,34157,2,1,1,6,boulevard paul valery,43,
2.02E+11,23,3,2024,18:35,1,13,13013,1,6,1,7,A52,,
2.02E+11,11,7,2024,3:55,3,34,34090,1,3,1,7,3 Rue Antoine Blanchemain,43,
2.02E+11,13,3,2024,10:00,1,976,97603,2,1,1,6,Hamouro,-12,
2.02E+11,23,3,2024,15:25,1,987,98725,2,1,1,1,face tahiti menager,-17,
2.02E+11,11,7,2024,10:40,1,84,84147,1,1,1,3,D973 Y,43,
2.02E+11,23,3,2024,20:50,5,971,97128,1,1,1,3,Route de Maudette,16,
2.02E+11,11,7,2024,14:54,1,13,13059,1,6,1,2,d556,43,
2.02E+11,24,3,2024,16:00,1,6,6058,2,6,1,6,Route Napoleon,43,
2.02E+11,24,3,2024,4:17,3,3,3298,1,1,2,6,N209 route de vichy,46,
2.02E+11,11,7,2024,19:50,1,58,58117,1,1,1,3,D47,47,
2.02E+11,24,3,2024,15:55,1,38,38097,2,1,1,1,Route de la Plaine,45,
2.02E+11,23,3,2024,19:10,3,26,26233,1,1,1,7,Route de Vaison,44,
2.02E+11,13,5,2024,9:15,1,67,67529,2,7,1,6,01 rue du Ried,48,
2.02E+11,23,3,2024,5:45,2,1,1262,2,3,1,3,160 Faubourg de Lyon,45,
2.02E+11,11,7,2024,18:10,1,3,3100,2,2,1,3,carrefour Grande Rue et Rue du port,46,
2.02E+11,23,3,2024,17:20,1,1,1405,1,1,1,1,D1083 lieu-dit les tiards,46,
2.02E+11,10,7,2024,20:45,1,63,63213,1,1,1,3,Chemin communal,45,
2.02E+11,23,3,2024,14:20,1,69,69254,1,1,1,6,Route D'Amplepuis,45,
2.02E+11,23,3,2024,15:52,1,86,86173,1,9,1,5,D759,46,
2.02E+11,23,3,2024,22:50,3,33,33067,2,1,2,6,N/A,45,
2.02E+11,23,3,2024,10:45,1,22,22282,1,1,8,7,Rue du Guebriant,48,
2.02E+11,24,3,2024,18:00,1,60,60010,1,1,1,6,N/A,49,
2.02E+11,11,7,2024,9:10,1,7,7324,2,1,1,2,avenue de lyon,45,
2.02E+11,23,3,2024,4:15,3,69,69199,1,1,1,2,Autoroute 7 ,45,
2.02E+11,10,7,2024,15:15,1,1,1202,2,1,1,3,8 Rue de l’Industrie,45,
2.02E+11,22,3,2024,14:04,5,92,92050,1,1,1,2,A14,48,
2.02E+11,11,7,2024,13:10,1,81,81271,1,1,1,6,D38,43,
2.02E+11,23,3,2024,10:45,1,93,93053,1,1,1,2,A3,48,
2.02E+11,22,3,2024,17:55,1,95,95176,1,1,1,2,A15,48,
2.02E+11,10,7,2024,18:40,1,17,17336,1,1,1,4,D137,45,
2.02E+11,21,3,2024,16:40,1,94,94002,2,3,1,3,Rue Etienne Dolet / Allee du 8 Mai 1945,48,
2.02E+11,3,7,2024,19:30,1,33,33322,1,3,1,3,N/A,44,
2.02E+11,22,3,2024,9:30,1,987,98735,2,1,1,2,PRINCE HINOI (AVENUE),-17,
2.02E+11,22,3,2024,7:55,1,987,98735,2,1,1,3,CLEMENCEAU (RUE QTIER MANUHOE),-17,
2.02E+11,11,7,2024,11:15,1,50,50444,1,1,1,1,D13,49,
2.02E+11,22,3,2024,18:00,1,974,97411,2,1,1,6,MACE (BOULEVARD GABRIEL),-20,
2.02E+11,10,7,2024,14:10,1,14,14762,1,1,1,7,La Baziniere- Maisoncelles (Maisoncelles-la-Jourdan),48,
2.02E+11,22,3,2024,18:30,2,69,69388,2,1,1,6,Boulevard des Etats-Unis,45,
2.02E+11,9,7,2024,10:50,1,22,22070,2,1,2,6,Rue du Grand Trotrieux,48,
2.02E+11,10,7,2024,17:50,1,22,22162,2,1,1,6,Carrefour (Supermarché),48,
2.02E+11,22,3,2024,13:00,1,69,69387,2,3,1,3,Avenue Jean Jaurès,45,
2.02E+11,22,3,2024,16:30,1,69,69149,2,2,1,3,Route de Brignais,45,
2.02E+11,11,7,2024,7:10,1,76,76164,1,1,1,1,D490,49,
2.02E+11,22,3,2024,12:15,1,69,69389,2,3,1,6,40 Rue Marietton,45,
2.02E+11,9,7,2024,13:15,1,62,62128,2,1,1,6,D42,50,
2.02E+11,22,3,2024,19:15,4,971,97107,2,1,1,1,DUMANOIR ( ALLEE ),16,
2.02E+11,11,7,2024,3:00,3,59,59614,2,1,1,7,ROUTE NATIONALE,50,
2.02E+11,22,3,2024,13:04,1,2A,2A004,2,3,1,3,21 Avenue Marechal Juin,41,
2.02E+11,10,7,2024,22:30,3,59,59139,2,1,1,6,Rue de Saint-quentin,50,
2.02E+11,10,7,2024,17:52,1,91,91228,1,1,1,3,RN 104,48,
2.02E+11,22,3,2024,22:50,3,95,95539,2,4,2,2,D301,49,
2.02E+11,10,7,2024,17:30,1,91,91136,1,9,1,6,AUTOROUTE A126,48,
2.02E+11,22,3,2024,17:35,1,95,95252,2,6,1,1,ANDRE CITROEN (RUE),48,
2.02E+11,10,7,2024,15:56,1,91,91064,1,1,1,7,RN 118,48,
2.02E+11,22,3,2024,16:20,1,95,95582,2,3,1,6,D14,48,
2.02E+11,10,7,2024,16:20,1,91,91687,1,1,1,3,AUTOROUTE A6,48,
2.02E+11,19,3,2024,16:45,1,95,95210,2,9,1,6,D311,48,
2.02E+11,10,7,2024,2:27,3,91,91617,1,1,2,6,RN 104,48,
2.02E+11,10,7,2024,19:40,1,95,95277,1,1,1,2,A1,48,
2.02E+11,22,3,2024,8:00,1,91,91345,2,1,1,4,RUE PDT FRANCOIS MITTERRAND,48,
2.02E+11,22,3,2024,10:35,1,91,91027,2,6,1,6,RUE EDOUARD VAILLANT,48,
2.02E+11,10,7,2024,8:20,1,93,93066,1,1,1,5,AUTOROUTE A1,48,
2.02E+11,22,3,2024,17:00,1,91,91174,2,1,1,6,RUE FERAY,48,
2.02E+11,21,3,2024,10:36,1,87,87085,2,1,1,6,LA FONTAINE (RUE),45,
2.02E+11,22,3,2024,18:45,2,86,86194,2,1,1,1,Rue du Faubourg du Pont Neuf,46,
2.02E+11,22,3,2024,17:30,1,84,84007,2,1,1,6,FOLCOAUD (COURS DES FRÈRES),43,
2.02E+11,10,7,2024,7:30,1,93,93029,1,1,1,4,A86,48,
2.02E+11,21,3,2024,10:15,1,30,30011,2,6,1,3,920 Avenue de la 2e Division Blindee,43,
2.02E+11,9,7,2024,23:40,3,95,95582,1,1,1,5,A115,48,
2.02E+11,22,3,2024,14:40,1,82,82033,2,2,1,3,Rue de la République,44,
2.02E+11,10,7,2024,19:05,1,93,93051,1,1,1,2,A4,48,
2.02E+11,21,3,2024,10:10,1,80,80021,2,3,1,3,Rue de Cagny,49,
2.02E+11,9,7,2024,4:30,3,77,77373,1,1,1,2,RN104,48,
2.02E+11,1,7,2024,8:30,2,44,44109,2,1,1,3,1 Boulevard Gabriel Lauriol,47,
2.02E+11,11,3,2024,11:45,1,77,77188,2,1,1,7,D.39,48,
2.02E+11,9,7,2024,10:28,1,45,45234,2,1,1,2,13 Avenue du Parc de l'Etuvée,47,
2.02E+11,20,3,2024,18:05,1,77,77067,2,1,1,6,Rue de l'Industrie,48,
2.02E+11,22,3,2024,15:20,1,77,77132,2,1,1,3,AV ROBERT SCHUMAN,48,
2.02E+11,4,3,2024,19:35,5,14,14752,2,1,2,1,20 Rue d’Aunay,49,
2.02E+11,22,3,2024,4:00,3,77,77186,2,1,1,6,CASCADES (AVENUE DES),48,
2.02E+11,17,4,2024,16:30,1,50,50099,2,1,1,6,boulevard de verdun,49,
2.02E+11,22,3,2024,0:40,5,76,76296,2,2,1,3,LIBERATION (RUE DE LA ),49,
2.02E+11,22,3,2024,18:35,1,74,74010,1,1,1,3,LIONEL TERRAY,45,
2.02E+11,7,7,2024,17:35,5,988,98818,2,6,1,2,RUE BERTHELOT,-22,
2.02E+11,23,3,2024,0:50,5,72,72181,2,1,2,6,RUBILLARD AV N° IMP 57 ET >,48,
2.02E+11,9,7,2024,12:05,1,987,98736,2,1,1,3,AFARERII (RUE),-17,
2.02E+11,22,3,2024,16:45,1,72,72181,2,1,1,2,LEFAUCHEUX PIERRE (BD),47,
2.02E+11,22,3,2024,8:10,1,72,72181,2,1,1,2,TABACS (PONT DES),47,
2.02E+11,9,7,2024,6:55,1,976,97611,2,1,1,6,mamoudzou centre-Rassi Boina Kaïm (rue),-12,
2.02E+11,9,7,2024,4:30,3,974,97416,1,1,1,7,RN1 (ROUTE NATIONALE),-21,
2.02E+11,22,3,2024,1:04,5,72,72181,2,2,1,3,GAMBETTA (RUE) N° IMP 1 A 21,48,
2.02E+11,9,7,2024,17:25,2,974,97416,1,1,1,3,RN3 (2),-21,
2.02E+11,21,3,2024,16:10,1,72,72181,2,1,1,2,BROSSOLETTE PIERRE (BD) N° IMP,47,
2.02E+11,22,3,2024,14:00,1,69,69276,1,1,1,1,Avenue Albert Ramboz,45,
2.02E+11,9,7,2024,17:00,1,974,97416,1,3,1,1,PERE MAITRE(RUE DU),-21,
2.02E+11,22,3,2024,10:40,1,69,69271,1,1,1,3,3 Avenue des Frères Montgolfier,45,
2.02E+11,9,7,2024,16:30,1,974,97411,1,1,1,2,LITTORAL (ROUTE 1 DU),-20,
2.02E+11,22,3,2024,8:35,1,66,66136,2,1,1,6,Rue de SAINT-NAZAIRE,42,
2.02E+11,8,7,2024,13:50,1,972,97209,1,1,1,3,AUTOROUTE (A1),14,
2.02E+11,22,3,2024,9:40,1,64,64125,1,1,1,1,AHETZE (ROUTE),43,
2.02E+11,22,3,2024,15:30,1,64,64024,2,1,1,3,BAYONNE (AVENUE DE),43,