Num_Acc,jour,mois,an,hrmn,lum,dep,com,agg,int,atm,col,adr,lat,long
2.02E+11,9,7,2024,12:25,1,971,97120,2,2,1,3,HANNE (BOULEVARD),16,
2.02E+11,22,3,2024,10:25,1,64,64102,2,1,1,7,AMADE  (ROND POINT),43,
2.02E+11,8,7,2024,16:00,1,971,97113,1,1,1,2,PETIT HAVRE (SECTEUR),16,
2.02E+11,22,3,2024,8:36,1,64,64024,2,1,5,3,LOUILLOT (RUE DE),43,
2.02E+11,9,7,2024,19:24,1,2A,2A004,2,1,1,6,HERMINIER GARE MARITIME QUAI,41,
2.02E+11,21,3,2024,16:55,1,63,63245,1,1,1,1,ROCADE RD 446,45,
2.02E+11,22,3,2024,15:16,1,63,63113,2,1,1,6,BONNEFONS (RUE JEAN),45,
2.02E+11,8,7,2024,9:50,1,84,84007,2,1,1,6,CHANGE (PLACE DU),43,
2.02E+11,22,3,2024,17:50,1,62,62244,2,1,2,6,Impasse Simone Veil,50,
2.02E+11,9,7,2024,14:30,1,83,83069,2,1,1,3,DECUGIS (AVENUE ALFRED),43,
2.02E+11,22,3,2024,7:40,1,62,62041,2,1,1,2,Rue Auguste Dumand,50,
2.02E+11,22,3,2024,20:30,5,59,59122,2,1,2,6,MICHELET (AVENUE),50,
2.02E+11,8,7,2024,14:00,1,80,80674,2,1,1,2,Route de Corbie,49,
2.02E+11,22,3,2024,11:55,1,58,58194,2,3,1,6,PREFECTURE,46,
2.02E+11,9,7,2024,10:00,1,78,78383,2,3,1,6,FOREZ (AVENUE DU),48,
2.02E+11,22,3,2024,16:58,1,57,57463,2,9,1,6,BOURBONNAIS (RUE DU ),49,
2.02E+11,22,3,2024,17:55,2,56,56121,2,1,3,4,Rue colonel Jean Muller,47,
2.02E+11,21,3,2024,14:00,1,56,56098,2,3,1,3,ZEDE (RUE  GUSTAVE ),47,
2.02E+11,22,3,2024,12:20,1,54,54395,2,1,1,3,Avenue du Maréchal Juin,48,
2.02E+11,8,7,2024,16:30,1,77,77083,1,1,1,2,MARNE VPN (ROUTE DE LA),48,
2.02E+11,21,3,2024,23:11,5,54,54395,2,5,1,3,Boulevard Lobau,48,
2.02E+11,22,3,2024,7:30,1,54,54575,1,1,1,6,RD17,49,
2.02E+11,22,3,2024,15:20,1,54,54099,2,6,1,7,D906,49,
2.02E+11,9,7,2024,16:20,1,77,77335,1,1,2,4,RN3 (ROUTE NATIONALE),48,
2.02E+11,20,3,2024,16:00,1,52,52448,2,2,1,6,CARNOT (RUE DU PRESIDENT) PAIR,48,
2.02E+11,8,7,2024,16:00,1,73,73065,2,1,7,2,REPUBLIQUE (RUE DE LA),45,
2.02E+11,21,3,2024,16:45,1,50,50129,2,2,8,3,BECQUET DE HAUT (RUE),49,
2.02E+11,8,7,2024,16:40,1,72,72181,2,1,1,6,MINIMES (RUE DES),48,
2.02E+11,20,3,2024,16:50,1,50,50129,2,1,1,2,SALINE (BOULEVARD DE LA),49,
2.02E+11,8,7,2024,20:40,1,72,72181,2,2,1,3,HOCHE (RUE) N° PAIRS 46 ET >,48,
2.02E+11,20,3,2024,17:45,1,50,50129,2,3,1,3,FOEDRE (RUE DE LA),49,
2.02E+11,22,3,2024,17:00,1,49,49007,2,1,1,3,TOUSSAINT RUE ET IMPASSE,47,
2.02E+11,7,7,2024,20:05,1,72,72181,2,3,1,3,PAVOINE PIERRE (RUE),47,
2.02E+11,22,3,2024,8:58,1,49,49007,2,6,1,3,RAMON BOULEVARD,47,
2.02E+11,9,7,2024,8:45,1,71,71306,2,3,1,1,DE LATTRE DE TASSIGNY (BLD DU MARECHAL),46,
2.02E+11,22,3,2024,11:10,1,47,47031,2,3,1,3,JEAN JAURES (Avenue)  ,44,
2.02E+11,9,7,2024,9:18,1,71,71076,2,1,1,6,REMPART SAINT PIERRE,46,
2.02E+11,22,3,2024,17:37,1,45,45284,2,2,1,3,60 Rue d'Ambert,47,
2.02E+11,8,7,2024,11:40,1,69,69282,2,2,1,3,Avenue du Dauphiné,45,
2.02E+11,22,3,2024,11:40,1,45,45208,2,1,7,3,28bis Boulevard Paul Baudin,48,
2.02E+11,22,3,2024,16:00,1,42,42316,2,4,1,2,Rue Charles de Gaulle,45,
2.02E+11,9,7,2024,6:45,1,69,69264,2,2,1,3,Rue Rene Cassin,45,
2.02E+11,22,3,2024,8:30,1,41,41295,2,1,1,2,SAND (RUE GEORGE),47,
2.02E+11,3,7,2024,7:10,1,69,69013,2,9,1,3,Avenue de Joux,46,
2.02E+11,21,3,2024,16:30,1,38,38151,2,9,1,1,JAURES (COURS J. 1 A 48-75),45,
2.02E+11,8,7,2024,15:35,1,66,66136,2,3,1,6,N/A,42,
2.02E+11,21,3,2024,7:30,1,37,37195,2,6,1,3,PRIEURE (AVENUE DU),47,
2.02E+11,22,3,2024,19:40,3,36,36044,2,4,1,6,219 Rue Combanaire,46,
2.02E+11,9,7,2024,16:25,1,64,64122,2,1,1,4,DASSAULT MARCEL (BD),43,
2.02E+11,9,7,2024,14:17,1,63,63113,2,1,1,7,PAULINES (AVENUE DES),45,
2.02E+11,22,3,2024,21:55,5,35,35238,2,3,2,3,MONNAIE ( DE LA),48,
2.02E+11,4,7,2024,11:50,1,62,62498,2,1,1,2,D58E1,50,
2.02E+11,22,3,2024,15:45,1,35,35238,2,1,8,2,GROS MALHON (AVENUE),48,
2.02E+11,9,7,2024,11:30,1,62,62244,2,1,2,7,Rue du Vinfil,50,
2.02E+11,9,7,2024,23:45,5,60,60057,2,1,1,6,Rue d'Anjou,49,
2.02E+11,22,3,2024,19:55,5,34,34172,2,2,1,3,ZUCCARELLI (PONT JEAN),43,
2.02E+11,23,3,2024,0:01,5,33,33063,2,1,1,7,N/A,44,
2.02E+11,9,7,2024,13:10,1,59,59350,2,1,8,3,Avenue de Dunkerque (Lomme),50,
2.02E+11,9,7,2024,10:45,1,59,59009,1,1,1,6,COLBERT RUE,50,
2.02E+11,22,3,2024,23:50,3,33,33249,2,1,1,3,N/A,44,
2.02E+11,9,7,2024,13:30,1,57,57463,2,1,1,7,BORNY (ROUTE DE ),49,
2.02E+11,22,3,2024,15:20,1,33,33063,2,1,1,3,N/A,44,
2.02E+11,22,3,2024,11:10,1,33,33063,2,4,1,6,N/A,44,
2.02E+11,9,7,2024,8:50,1,56,56260,1,1,2,2,Ménimur,47,
2.02E+11,22,3,2024,16:33,1,31,31555,2,1,1,6,RTE DE SEYSSES,43,
2.02E+11,9,7,2024,9:00,1,56,56260,2,6,2,2,Giratoire des 3 Rois,47,
2.02E+11,20,3,2024,14:50,1,29,29019,2,2,1,3,rue du Onze Novembre 1918,48,
2.02E+11,8,7,2024,8:30,1,56,56121,2,6,3,3,Boulevard Léon Blum,47,
2.02E+11,22,3,2024,3:51,3,26,26198,1,1,1,6,Route du Teil,44,
2.02E+11,9,7,2024,1:30,5,54,54184,2,3,1,6,Rue du Bas Château,48,
2.02E+11,22,3,2024,17:38,1,25,25462,2,3,1,3,CHARDONNET (COMTE DE),46,
2.02E+11,22,3,2024,16:35,1,25,25056,2,6,1,3,GRAY ROUTE DE,47,
2.02E+11,9,7,2024,12:57,1,51,51454,2,3,1,3,POMMERY (BOULEVARD),49,
2.02E+11,22,3,2024,10:42,1,21,21231,2,3,1,3,Boulevard Jeanne d'Arc,47,
2.02E+11,9,7,2024,8:40,1,50,50599,2,6,2,3,MALRAUX (ROND POINT ANDRE),49,
2.02E+11,21,3,2024,16:35,1,18,18279,2,6,1,3,Boulevard de la Nation,47,
2.02E+11,22,3,2024,14:40,1,13,13214,2,1,1,1,CLAUDE MONET (avenue),43,
2.02E+11,22,3,2024,12:10,1,13,13210,2,1,1,3,ROMAIN ROLLAND (BOULEVARD),43,
2.02E+11,8,7,2024,18:00,1,50,50129,2,2,3,2,BRETON (RUE DU),49,
2.02E+11,22,3,2024,9:30,1,13,13215,2,1,1,3,Min (avenue du),43,
2.02E+11,8,7,2024,14:22,1,49,49007,2,2,1,3,BIRGE BOULEVARD,47,
2.02E+11,22,3,2024,5:15,5,13,13210,2,1,1,1,L ARMEE D AFRIQUE (CHEMIN DE L'),43,
2.02E+11,22,3,2024,8:00,1,13,13004,2,7,1,3,BD DES LICES,43,
2.02E+11,8,7,2024,10:51,1,49,49007,2,1,1,6,BRISEPOTIERE,47,
2.02E+11,22,3,2024,23:20,3,10,10357,2,9,1,6,GENERAL DE GAULLE (RUE DU),48,
2.02E+11,22,3,2024,16:02,1,10,10387,2,2,1,3,CHARMILLES (MAIL DES),48,
2.02E+11,22,3,2024,9:00,1,6,6029,2,7,1,6,Avenue Francis Tonner,43,
2.02E+11,9,7,2024,22:55,3,44,44162,1,1,2,6,N/A,47,
2.02E+11,21,3,2024,3:30,5,75,75119,2,1,1,2,BD PERIPHERIQUE INTERIEUR,48,
2.02E+11,9,7,2024,20:20,2,44,44109,2,6,2,3,10 Cours des 50 Otages,47,
2.02E+11,22,3,2024,20:15,5,75,75105,2,3,1,6,BOULEVARD SAINT MARCEL,48,
2.02E+11,21,3,2024,5:20,5,75,75120,2,2,1,1,RUE DES PYRENEES,48,
2.02E+11,9,7,2024,22:28,3,42,42184,2,9,2,6,Boulevard Ouest,46,
2.02E+11,22,3,2024,20:45,5,75,75117,2,3,1,6,BOULEVARD DES BATIGNOLLES,48,
2.02E+11,9,7,2024,20:10,1,34,34172,2,1,1,3,FIGAIRASSE (RUE DE LA),43,
2.02E+11,22,3,2024,2:05,5,75,75117,2,3,1,7,BOULEVARD DES BATIGNOLLES,48,
2.02E+11,22,3,2024,16:20,1,75,75116,2,3,1,4,RUE BOIS LE VENT,48,
2.02E+11,8,7,2024,19:15,1,34,34172,2,3,1,3,SAINT LAZARE (AVENUE DE),43,
2.02E+11,22,3,2024,10:45,1,75,75116,2,7,1,3,PLACE DU TROCADERO ET DU 11 NOVEMBRE,48,
2.02E+11,9,7,2024,21:00,1,33,33281,2,6,8,1,N/A,44,
2.02E+11,21,3,2024,18:45,1,75,75114,2,2,1,7,AVENUE DE LA PORTE DE CHATILLON,48,
2.02E+11,21,3,2024,9:15,1,75,75114,2,3,1,3,BOULEVARD JOURDAN,48,
2.02E+11,8,7,2024,15:30,1,33,33069,2,3,1,6,N/A,44,
2.02E+11,8,7,2024,17:30,1,31,31565,1,1,1,2,D 8,43,
2.02E+11,9,7,2024,9:06,1,29,29232,2,1,2,7,Rond-Point Philippe Lebon,47,
2.02E+11,9,7,2024,22:25,5,29,29039,2,6,2,3,Rue de Quimper,47,
2.02E+11,9,7,2024,23:25,3,25,25056,1,1,1,6,MALATE  CHEMIN DE LA,47,
2.02E+11,9,7,2024,18:00,1,19,19031,2,1,1,3,ALVITRE (AVENUE ABBE),45,
2.02E+11,9,7,2024,7:50,1,17,17306,2,1,1,3,LAMY (BD FRANCK),45,
2.02E+11,9,7,2024,4:25,3,17,17380,2,1,1,7,PALMYRE (AVENUE DE LA),45,
2.02E+11,7,7,2024,1:55,5,14,14327,1,1,1,6,568 Route d'Ouistreham (ancienne),49,
2.02E+11,8,7,2024,22:51,5,13,13206,2,2,1,3,PARADIS (RUE),43,
2.02E+11,9,7,2024,3:50,5,13,13210,2,1,1,3,PONT DE VIVAUX (BOULEVARD),43,
2.02E+11,8,7,2024,11:25,1,13,13203,2,3,1,6,CLOVIS HUGUES (RUE),43,
2.02E+11,8,7,2024,10:04,1,13,13208,2,2,1,3,LIANDIER (RUE),43,
2.02E+11,8,7,2024,22:05,3,13,13098,1,1,1,1,D.5,43,
2.02E+11,9,7,2024,19:35,1,13,13028,2,1,1,1,AVENUE DE LA GARE,43,
2.02E+11,9,7,2024,4:10,3,13,13001,1,1,1,7,BELLEC MAURICE (RTE DU COLONEL),43,
2.02E+11,9,7,2024,18:55,1,11,11262,2,1,1,2,60 Avenue du General Leclerc,43,
2.02E+11,8,7,2024,17:15,1,10,10387,2,1,7,6,Rue de la Marne,48,
2.02E+11,9,7,2024,11:08,1,7,7102,2,6,1,3,REPUBLIQUE (AV. DE LA) [DU N° AU N°],44,
2.02E+11,9,7,2024,16:20,1,6,6088,2,1,1,5,9 Boulevard Louis Braille,43,
2.02E+11,17,9,2024,14:55,1,75,75114,2,1,1,7,BOULEVARD ROMAIN ROLLAND,48,
2.02E+11,3,12,2024,8:30,2,76,76165,2,3,1,1,FAURE. RUE FELIX,49,
2.02E+11,9,7,2024,19:05,1,6,6069,2,1,1,7,17 Chemin de Canteperdrix,43,
2.02E+11,18,9,2024,15:10,1,75,75113,2,5,1,7,RUE WATT,48,
2.02E+11,18,9,2024,13:35,1,76,76575,2,2,1,3,Avenue Maryse Bastié,49,
2.02E+11,9,7,2024,12:10,1,5,5023,1,1,1,1,GAP (ROUTE DE   RN94),44,
2.02E+11,22,12,2024,23:00,3,26,26340,1,3,4,7,Route de Buis,44,
2.02E+11,18,9,2024,12:30,1,75,75111,2,3,1,3,BOULEVARD VOLTAIRE,48,
2.02E+11,21,12,2024,11:30,1,60,60673,2,1,1,6,Rue Principale,49,
2.02E+11,9,7,2024,8:55,1,75,75114,2,1,1,3,BOULEVARD PERIPHERIQUE INTERIEUR,48,
2.02E+11,18,9,2024,5:22,5,75,75108,2,3,1,6,PLACE SAINT AUGUSTIN,48,
2.02E+11,26,9,2024,7:03,3,88,88039,1,1,2,1,D166,48,
2.02E+11,18,10,2024,20:50,5,34,34146,2,8,1,6,132 avenue de la gare,43,
2.02E+11,18,9,2024,13:45,1,94,94081,2,1,1,6,Avenue du Groupe Manouchian,48,
2.02E+11,8,7,2024,18:15,1,75,75119,2,1,1,4,PORTE DES LILAS,48,
2.02E+11,11,9,2024,10:00,1,59,59603,2,2,1,6,N/A,50,
2.02E+11,18,9,2024,12:30,1,94,94016,2,3,1,2,Avenue de l'Europe,48,
2.02E+11,18,9,2024,1:10,5,94,94022,2,1,1,7,Avenue Léon Gourdault,48,
2.02E+11,20,11,2024,15:34,1,88,88366,2,1,1,6,Rue du Convers,48,
2.02E+11,9,7,2024,13:46,1,75,75113,2,2,1,3,AVENUE DE LA PORTE DE CHOISY,48,
2.02E+11,28,10,2024,4:20,5,88,88487,2,3,1,1,Grande Rue,47,
2.02E+11,18,9,2024,9:40,1,94,94068,2,3,1,6,Rue Kléber,48,
2.02E+11,8,7,2024,21:25,5,75,75119,2,1,1,6,PORTE DE LA VILLETTE,48,
2.02E+11,14,6,2024,18:20,1,61,61168,2,1,1,6,Parking,48,
2.02E+11,18,9,2024,22:05,5,93,93072,2,1,1,3,HENNEQUIN (RUE),48,
2.02E+11,9,7,2024,19:30,1,75,75117,2,1,1,3,BOULEVARD DE COURCELLES,48,
2.02E+11,1,8,2024,10:40,1,88,88058,1,1,7,3,Grande Rue,48,
2.02E+11,18,9,2024,9:52,1,93,93070,2,9,1,6,ROSIERS(DES) : APRES 61,48,
2.02E+11,11,12,2024,17:30,3,28,28346,1,1,1,6,Rue de la Mare aux Boeufs,48,
2.02E+11,9,7,2024,10:25,1,75,75117,2,1,1,6,RUE DESCOMBES,48,
2.02E+11,8,11,2024,8:45,1,85,85194,2,1,1,6,RUE EDOUARD BELIN,46,
2.02E+11,18,9,2024,16:40,1,93,93064,2,1,1,6,ALSACE-LORRAINE (BOULEVARD),48,
2.02E+11,8,7,2024,22:48,3,75,75117,2,5,1,3,AVENUE DE LA GRANDE ARMEE,48,
2.02E+11,7,12,2024,22:40,3,35,35291,1,1,6,1,Lieu Dit Colombel,48,
2.02E+11,17,9,2024,22:05,5,93,93077,2,3,1,3,GRANDE RUE,48,
2.02E+11,21,12,2024,9:15,1,49,49331,2,3,1,3,Rue David d?Angers,47,
2.02E+11,9,7,2024,17:25,1,75,75116,2,2,1,3,AVENUE DE LA GRANDE ARMEE,48,
2.02E+11,18,9,2024,19:00,1,93,93053,2,1,1,6,ROGER SALENGRO (BLD),48,
2.02E+11,8,11,2024,6:00,3,91,91359,2,1,2,6,Avenue du Général de Gaulle,48,
2.02E+11,9,7,2024,9:50,1,75,75116,2,1,1,3,RUE CHARDON LAGACHE,48,
2.02E+11,26,11,2024,12:50,1,44,44109,2,6,1,3,29Bis Rue des Dervallières,47,
2.02E+11,18,9,2024,20:25,5,93,93048,2,2,1,3,PARIS (RUE DE),48,
2.02E+11,8,7,2024,16:55,1,75,75116,2,1,1,3,RUE SAINT DIDIER,48,
2.02E+11,21,11,2024,15:17,1,44,44109,2,6,6,6,239 Route de Saint Joseph,47,
2.02E+11,17,9,2024,19:30,1,93,93079,2,2,1,3,HENRI BARBUSSE,48,
2.02E+11,9,7,2024,9:45,1,75,75113,2,1,1,3,RUE DE L AMIRAL MOUCHEZ,48,
2.02E+11,15,4,2024,14:05,1,75,75118,2,3,1,3,RUE DE LA CHAPELLE,48,
2.02E+11,8,7,2024,13:55,1,75,75112,2,3,1,6,RUE AUDUBON,48,
2.02E+11,17,9,2024,23:00,5,92,92020,2,6,1,7,DE GAULLE CARREFOUR CHARLES,48,
2.02E+11,19,12,2024,14:50,1,69,69270,1,6,2,2,Rue Tony Garnier,45,
2.02E+11,8,7,2024,8:50,1,75,75112,2,3,1,1,AVENUE DAUMESNIL,48,
2.02E+11,18,9,2024,15:45,1,92,92024,2,1,1,6,VICTOR HUGO (BD),48,
2.02E+11,16,8,2024,16:59,1,44,44109,1,1,1,2,Pont de Cheviré,47,
2.02E+11,11,5,2024,11:20,1,44,44190,2,1,1,3,28 Rue Maurice Daniel,47,
2.02E+11,18,9,2024,17:15,1,92,92023,2,1,1,3,PETIT CLAMART (ROND POINT DU),48,
2.02E+11,28,6,2024,2:40,5,75,75111,2,3,1,3,BOULEVARD VOLTAIRE,48,
2.02E+11,10,5,2024,10:50,1,44,44143,2,6,1,3,180 Rue du Genétais,47,
2.02E+11,18,9,2024,9:15,1,92,92012,2,1,1,3,REINE (ROUTE DE LA) 1/37- 6/80,48,
2.02E+11,9,7,2024,16:50,1,75,75110,2,2,1,6,RUE LA FAYETTE,48,
2.02E+11,9,7,2024,0:45,5,75,75110,2,2,1,3,RUE LOUIS BLANC,48,
2.02E+11,18,9,2024,9:55,1,92,92004,2,1,1,3,GRESILLONS ( AVENUE DES  ),48,
2.02E+11,9,7,2024,15:50,1,75,75109,2,2,1,6,RUE DU FAUBOURG MONTMARTRE,48,
2.02E+11,9,7,2024,17:25,1,75,75108,2,3,8,6,AVENUE GEORGE V,48,
2.02E+11,17,9,2024,23:15,5,92,92002,2,2,1,3,PRESIDENT KENNEDY (50 A LA FIN),48,
2.02E+11,9,7,2024,12:00,1,75,75101,2,1,1,7,QUAI FRANCOIS MITTERRAND,48,
2.02E+11,17,9,2024,17:28,1,95,95580,2,1,1,7,D10,49,
2.02E+11,9,7,2024,9:10,1,75,75101,2,3,1,7,RUE DE RIVOLI,48,
2.02E+11,18,9,2024,19:40,5,39,39333,2,1,1,6,2 Rue du Jura,46,
2.02E+11,9,7,2024,8:15,1,75,75101,2,3,1,7,RUE DE RIVOLI,48,
2.02E+11,18,9,2024,16:35,1,60,60337,2,2,7,3,Rue de Normandie,49,
2.02E+11,9,7,2024,14:50,1,94,94081,2,1,1,6,Avenue Eugène Pelletan,48,
2.02E+11,9,7,2024,14:10,1,94,94046,2,3,1,6,Rue Marc Sangnier,48,
2.02E+11,9,7,2024,19:45,1,94,94016,2,1,1,6,76 Avenue du Président Wilson,48,
2.02E+11,19,9,2024,15:00,1,22,22121,2,3,1,1,Rue Saint Yves,48,
2.02E+11,9,7,2024,13:35,1,93,93073,2,6,1,3,Avenue du Valquiou / Rue du Sausset,48,
2.02E+11,19,9,2024,0:30,3,11,11146,1,1,1,6,A61,43,
2.02E+11,9,7,2024,17:08,1,93,93055,2,1,1,2,Avenue Aimé Césaire,48,
2.02E+11,9,7,2024,17:50,1,93,93051,2,1,1,3,PAUL BELMONDO,48,
2.02E+11,9,7,2024,19:30,1,93,93048,2,1,1,6,Boulevard de la Boissière,48,
2.02E+11,18,9,2024,20:30,3,31,31282,1,1,1,1,Chemin des Sports,43,
2.02E+11,19,9,2024,8:00,1,58,58089,1,1,1,3,pk 24 D33,47,
2.02E+11,8,7,2024,18:31,1,93,93032,2,5,1,4,Rue Vaillant Couturier / Rue Hippolyte Pina,48,
2.02E+11,8,7,2024,15:05,1,93,93029,2,1,8,3,Rue Roger Salomon,48,
2.02E+11,19,9,2024,8:00,1,62,62849,1,1,1,3,D303,50,
2.02E+11,11,9,2024,17:00,1,30,30141,2,1,1,7,Chemin de la Garrigue,44,
2.02E+11,9,7,2024,18:15,1,93,93007,2,1,1,3,"""PAUL VAILLANT COUTURIER (AVENUE """"DU 13",48,
2.02E+11,9,7,2024,14:00,1,93,93001,2,1,1,6,Rue Danielle Casanova,48,
2.02E+11,19,9,2024,10:20,1,78,78591,2,1,1,6,Rue Fernand Brean,48,
2.02E+11,9,7,2024,8:40,1,92,92062,2,1,1,4,DE DION BOUTON (QUAI) DU 29 AU 65,48,
2.02E+11,19,9,2024,13:20,1,80,80088,1,2,1,1,D87,49,
2.02E+11,9,7,2024,15:10,1,92,92050,2,6,3,3,NERUDA PABLO RUE,48,
2.02E+11,16,9,2024,14:15,1,33,33311,2,3,1,3,N/A,44,
2.02E+11,8,7,2024,1:15,5,92,92049,2,2,1,7,ARNOUX AVENUE MAURICE N°1 A 77,48,
2.02E+11,9,7,2024,20:05,1,92,92012,2,4,1,2,GENERAL LECLERC (AVENUE DU) 1/33 - 2/58,48,
2.02E+11,9,7,2024,17:40,1,92,92004,2,1,1,2,PONT DE CLICHY,48,
2.02E+11,19,9,2024,11:15,1,71,71014,2,2,1,5,37 Avenue de la République,46,
2.02E+11,9,7,2024,11:45,1,43,43040,1,4,1,3,D588,45,
2.02E+11,19,9,2024,13:45,1,61,61153,1,2,1,3,Voie Communale,48,
2.02E+11,9,7,2024,17:40,1,68,68112,2,1,1,3,13 Route de Colmar,47,
2.02E+11,19,9,2024,15:40,1,49,49373,1,1,1,1,D960,47,
2.02E+11,9,7,2024,10:40,1,29,29020,1,1,3,6,N165,48,
2.02E+11,17,9,2024,9:45,1,34,34300,2,6,1,6,D18,43,
2.02E+11,10,7,2024,14:00,1,83,83070,2,1,1,6,60 Avenue du General Bouvet,43,
2.02E+11,19,6,2024,20:38,2,71,71336,1,1,1,6,Route de l’Abergement,46,
2.02E+11,18,9,2024,17:20,1,29,29220,2,1,1,4,Rue des Déportés,47,
2.02E+11,10,7,2024,6:08,2,66,66141,2,1,1,1,Avenue Jules Ferry,42,
2.02E+11,7,7,2024,2:30,3,83,83026,1,9,1,6,Route de Carcès,43,
2.02E+11,19,9,2024,15:10,1,85,85089,1,1,1,3,rd160,46,
2.02E+11,7,7,2024,12:00,1,57,57556,1,1,1,7,D674,49,
2.02E+11,7,7,2024,22:20,3,95,95652,1,1,1,6,D922Z,49,
2.02E+11,17,9,2024,11:25,1,26,26124,1,1,1,3,N7,44,
2.02E+11,10,7,2024,8:30,1,51,51625,1,1,1,7,Pothieres,48,
2.02E+11,10,7,2024,15:50,1,56,56234,2,1,1,7,Rue des Régatiers,47,
2.02E+11,19,9,2024,17:45,1,72,72272,1,3,1,3,Lieu Dit La Hauliere Rd13,47,
2.02E+11,10,7,2024,17:35,1,77,77414,1,2,1,3,D204,48,
2.02E+11,7,7,2024,13:20,1,2B,2B251,2,1,1,7,D45,42,
2.02E+11,19,9,2024,15:00,1,14,14231,1,1,1,1,3086 Route de Beuvron,49,
2.02E+11,19,9,2024,7:30,2,64,64145,2,3,1,1,Route de Pau,43,
2.02E+11,18,9,2024,18:00,1,73,73059,2,1,1,6,25 Chemin des combettes,45,
2.02E+11,19,9,2024,10:50,1,40,40126,2,2,1,2,Route de Dax,43,
2.02E+11,19,9,2024,5:40,3,4,4110,1,1,1,6,RN 85,44,
2.02E+11,18,9,2024,12:45,1,85,85051,1,1,1,3,RD137,46,
2.02E+11,18,9,2024,8:10,1,30,30240,1,5,7,3,D120,44,
2.02E+11,19,9,2024,13:15,1,69,69244,2,1,1,6,73 Avenue du 11 Novembre 1918,45,
2.02E+11,18,9,2024,21:00,5,987,98715,2,1,1,3,RT1,,
2.02E+11,18,9,2024,16:50,1,6,6088,1,1,2,3,A8,,
2.02E+11,19,9,2024,10:25,1,13,13032,1,2,1,5,Route de Pelissanne,43,
2.02E+11,16,9,2024,14:45,1,971,97103,1,6,2,6,Jabrun,16,
2.02E+11,17,9,2024,15:15,1,971,97115,2,1,1,1,Route de Brefort,16,
2.02E+11,18,9,2024,15:00,1,971,97106,2,1,1,6,Rue Felicite Leandre,16,
2.02E+11,18,9,2024,17:40,1,45,45065,2,1,1,6,12 Rue des Iris,48,
2.02E+11,18,9,2024,19:40,1,95,95625,2,1,1,7,D66,49,
2.02E+11,18,9,2024,22:00,3,84,84078,1,1,1,7,Chemin de l?Île Vieille,44,
2.02E+11,30,11,2024,23:44,3,25,25074,1,1,1,3,départementale 41,47,
2.02E+11,19,9,2024,16:45,1,84,84026,1,2,1,3,Chemin du Pont de Pile,43,
2.02E+11,19,9,2024,14:50,1,84,84054,1,1,1,1,D25,43,
2.02E+11,29,11,2024,11:25,1,29,29195,1,1,1,3,D71,48,
2.02E+11,18,9,2024,16:25,1,57,57160,2,1,1,6,44 Rue de la Houve,49,
2.02E+11,1,12,2024,19:15,3,14,14121,1,1,1,6,Route de Cahagnolles,49,
2.02E+11,29,11,2024,23:30,3,60,60516,1,1,9,1,Route du Fil,49,
2.02E+11,19,9,2024,17:45,1,81,81099,2,1,1,1,15 Rue Denfert Rochereau,43,
2.02E+11,12,9,2024,14:30,1,33,33051,2,6,1,1,N/A,44,
2.02E+11,1,12,2024,15:00,1,16,16071,1,1,1,5,D948,45,
2.02E+11,18,9,2024,7:45,2,44,44026,1,1,1,3,Route de Paris,47,
2.02E+11,28,11,2024,14:00,1,4,4049,2,9,1,6,Avenue du General de Gaulle,44,
2.02E+11,30,11,2024,23:10,3,27,27226,2,3,1,3,Residence Marie Therese Lefebvre,49,
2.02E+11,19,9,2024,0:00,3,60,60341,1,1,1,5,N2,49,
2.02E+11,30,11,2024,19:03,3,17,17269,1,3,5,3,D730,45,
2.02E+11,1,12,2024,17:00,1,87,87146,1,1,1,1,D420,45,
2.02E+11,18,9,2024,17:15,1,13,13212,1,1,1,3,A507 sens Marseille - Aubagne,43,
2.02E+11,1,12,2024,0:45,3,24,24225,2,1,5,6,57 Avenue de Bordeaux,44,
2.02E+11,1,12,2024,7:30,1,972,97224,2,1,1,1,route départementale 8,14,
2.02E+11,18,9,2024,13:00,1,13,13215,1,1,1,4,A7-Sens Marseille vers Lyon,43,
2.02E+11,30,11,2024,23:55,3,2B,2B220,1,1,1,1,T20,42,
2.02E+11,30,11,2024,18:00,5,83,83138,1,1,1,7,Chemin des Crouïs,43,
2.02E+11,16,9,2024,3:05,4,33,33167,1,1,1,6,N/A,44,
2.02E+11,1,12,2024,11:30,1,13,13030,1,1,1,2,D8n,43,
2.02E+11,18,9,2024,18:35,1,91,91064,1,1,1,3,RN 118,48,
2.02E+11,2,11,2024,0:01,3,13,13004,1,1,1,1,D36,43,
2.02E+11,18,9,2024,1:40,5,92,92036,1,1,1,6,A86,48,
2.02E+11,1,12,2024,4:15,4,13,13066,1,1,1,2,D907,,
2.02E+11,17,9,2024,14:36,1,78,78007,1,1,8,4,A13 Y,48,
2.02E+11,30,11,2024,6:00,3,70,70310,1,6,8,6,N19,47,
2.02E+11,1,12,2024,8:00,2,21,21265,2,1,5,6,74 Route des Grands Crus,47,
2.02E+11,1,12,2024,0:50,3,8,8194,1,1,1,6,N/A,49,
2.02E+11,17,9,2024,9:33,1,92,92048,1,1,8,5,N118,48,
2.02E+11,1,12,2024,4:15,4,55,55351,1,1,5,6,RD 643,49,
2.02E+11,17,9,2024,18:45,1,93,93066,1,1,1,6,AUTOROUTE A1,48,