Num_Acc,jour,mois,an,hrmn,lum,dep,com,agg,int,atm,col,adr,lat,long
2.02E+11,30,11,2024,0:50,5,44,44109,1,2,1,2,Route de Paris,47,
2.02E+11,17,9,2024,17:10,1,93,93066,1,1,1,2,AUTOROUTE A1,48,
2.02E+11,29,11,2024,11:20,1,33,33067,2,6,1,6,Place de la Libération,45,
2.02E+11,17,9,2024,11:40,1,93,93027,1,1,1,2,AUTOROUTE A1,48,
2.02E+11,30,11,2024,10:40,1,14,14325,1,1,1,2,Route d'Hermanville,49,
2.02E+11,1,12,2024,12:45,1,59,59285,1,1,8,7,D81,50,
2.02E+11,25,4,2024,9:00,1,93,93001,2,1,1,6,Avenue Jean Jaurès,48,
2.02E+11,21,11,2024,9:49,1,13,13214,2,1,1,2,A507 sens Aubagne- Marseille,43,
2.02E+11,17,4,2024,8:00,1,93,93001,2,1,2,6,Avenue Jean Jaurès,48,
2.02E+11,29,11,2024,15:10,1,13,13215,1,1,1,4,A7-Sens Lyon vers Marseille,43,
2.02E+11,9,4,2024,18:45,1,93,93001,2,1,1,2,Rue du Moutier,48,
2.02E+11,3,3,2024,14:20,1,93,93001,2,1,1,6,Avenue de la République,48,
2.02E+11,3,11,2024,12:00,1,69,69266,1,1,1,4,Boulevard Périphérique Laurent Bonnevay,45,
2.02E+11,26,11,2024,18:30,3,67,67471,1,1,1,2,M35,48,
2.02E+11,4,3,2024,18:00,1,93,93001,2,2,1,6,Avenue du Président Roosevelt / Rue des Noyers,48,
2.02E+11,30,11,2024,22:15,4,33,33013,1,1,1,4,N/A,44,
2.02E+11,6,3,2024,17:10,1,93,93001,2,5,1,3,Boulevard Félix Faure / Avenue Victor Hugo,48,
2.02E+11,30,11,2024,17:15,2,33,33397,1,1,5,6,N/A,44,
2.02E+11,11,3,2024,18:30,2,93,93001,2,1,2,3,Boulevard Félix Faure,48,
2.02E+11,30,11,2024,19:24,4,91,91589,1,1,1,4,AUTOROUTE A6,48,
2.02E+11,13,3,2024,16:40,1,93,93001,2,1,1,5,Boulevard Félix Faure,48,
2.02E+11,29,11,2024,11:19,1,91,91161,1,1,1,2,AUTOROUTE A126,48,
2.02E+11,15,3,2024,11:10,1,93,93001,2,7,1,6,Boulevard Edouard Vaillant / Rue Hélène Cochennec,48,
2.02E+11,30,11,2024,2:05,5,92,92050,1,1,1,2,A86,48,
2.02E+11,16,3,2024,9:10,1,93,93001,2,2,1,6,Avenue Jean Jaurès / Avenue de la République,48,
2.02E+11,29,11,2024,12:39,1,78,78455,1,1,1,3,A13,48,
2.02E+11,30,11,2024,7:35,3,95,95127,1,1,1,6,A15,49,
2.02E+11,18,3,2024,14:40,1,93,93001,2,1,1,3,Avenue Jean Jaurès,48,
2.02E+11,30,11,2024,14:40,1,93,93053,1,1,1,2,AUTOROUTE A3,48,
2.02E+11,22,3,2024,13:30,1,93,93001,2,1,1,6,SAINT-DENIS (RUE DE),48,
2.02E+11,28,3,2024,17:00,1,93,93001,2,9,1,6,Avenue de la République,48,
2.02E+11,29,11,2024,17:45,3,93,93027,1,1,1,3,AUTOROUTE A86,48,
2.02E+11,23,3,2024,21:50,5,93,93001,2,1,2,6,Avenue Jean Jaurès,48,
2.02E+11,29,11,2024,22:00,3,93,93010,1,1,1,2,AUTOROUTE A3,48,
2.02E+11,10,2,2024,20:55,5,93,93001,2,2,2,6,Avenue de la République / Rue Henri Barbusse,48,
2.02E+11,29,11,2024,15:30,1,93,93007,1,1,1,5,AUTOROUTE A1,48,
2.02E+11,29,11,2024,11:45,1,94,94073,1,1,1,2,A86,48,
2.02E+11,27,2,2024,7:55,1,93,93001,2,2,1,3,Rue Achille Domart / Rue du Docteur Pesqué,48,
2.02E+11,21,2,2024,15:13,1,93,93001,2,1,2,6,Rue de la Commune de Paris,48,
2.02E+11,3,7,2024,8:40,1,13,13209,2,1,1,2,MAZARGUES (AVENUE DE),43,
2.02E+11,29,11,2024,8:30,1,974,97411,1,1,1,7,VAUTHIER (RUE  MARCEL),-20,
2.02E+11,6,2,2024,7:50,2,93,93001,2,2,1,6,Rue du Commandant l'Herminier / Rue Paul Doumer,48,
2.02E+11,17,9,2024,21:50,5,988,98818,2,1,1,6,GALLIENI (RUE DU GENERAL),-22,
2.02E+11,28,11,2024,18:05,5,973,97302,2,1,1,1,BADUEL (ROUTE DE),4,
2.02E+11,17,9,2024,17:20,2,976,97611,1,1,2,1,vahibe-Departementale 3 ( route ),45,
2.02E+11,28,11,2024,13:55,1,973,97302,2,3,2,3,ZEPHIR (ROCADE),4,
2.02E+11,17,9,2024,15:15,1,974,97416,2,9,1,3,HUBERT DE LISLE(BOULEVARD),-21,
2.02E+11,28,11,2024,7:30,2,973,97302,2,3,2,3,MADELEINE (ROUTE DE LA),4,
2.02E+11,17,9,2024,8:15,1,974,97416,1,1,1,2,RN03,-21,
2.02E+11,29,11,2024,13:00,1,69,69386,2,1,1,6,Avenue Thiers,45,
2.02E+11,17,9,2024,11:45,1,974,97407,2,1,1,3,14 JUILLET 1789(AVENUE DU),-20,
2.02E+11,29,11,2024,3:45,5,972,97213,1,9,1,2,MAHAULT,14,
2.02E+11,26,11,2024,16:55,1,972,97209,2,1,8,6,ABBE GREGOIRE (PLACE),14,
2.02E+11,17,9,2024,17:03,1,973,97302,2,1,1,3,BADUEL (ROUTE DE),4,
2.02E+11,16,9,2024,11:30,1,69,69387,2,1,1,6,4 Rue Marc Bloch,45,
2.02E+11,29,11,2024,15:03,1,2B,2B120,1,1,1,4,11 - RT,42,
2.02E+11,28,11,2024,12:20,1,971,97101,1,1,1,3,EDOUARD BOTINO (AVENUE),16,
2.02E+11,17,9,2024,11:15,1,69,69383,2,1,1,1,Cours Lafayette,45,
2.02E+11,28,11,2024,2:07,5,971,97101,1,1,1,6,BEAUSOLEIL,16,
2.02E+11,17,9,2024,18:20,1,69,69388,2,2,8,6,245 Avenue Berthelot,45,
2.02E+11,29,11,2024,15:50,1,2A,2A004,2,3,1,3,#2 Avenue du Docteur Noel Franchini#,41,
2.02E+11,29,11,2024,16:30,1,95,95539,2,9,1,6,RENE CASSIN (RUE),49,
2.02E+11,17,9,2024,12:13,1,2A,2A004,2,1,1,3,#37 Route du Vittulo#,41,
2.02E+11,30,4,2024,18:10,1,93,93006,2,2,8,6,Rue Raymond Lefebvre / Rue Auguste Blanqui,48,
2.02E+11,29,11,2024,10:30,1,95,95607,2,1,1,3,LADY ASHBURTON (RUE),49,
2.02E+11,29,11,2024,19:30,5,91,91021,2,1,1,6,AV DE VERDUN,48,
2.02E+11,16,9,2024,23:40,5,95,95280,2,1,1,5,D47,49,
2.02E+11,30,4,2024,17:30,1,93,93006,2,2,1,3,Avenue Gambetta / Rue Marie-Anne Colombier,48,
2.02E+11,29,11,2024,11:40,1,91,91549,2,6,7,6,BRETIGNY (AVENUE DE),48,
2.02E+11,17,9,2024,20:15,5,95,95426,2,9,1,1,D909,49,
2.02E+11,30,4,2024,8:25,1,93,93047,2,2,2,3,Boulevard Bargue / Rue Picasso,48,
2.02E+11,29,4,2024,17:00,1,93,93057,2,1,1,7,Avenue du Président Wilson,48,
2.02E+11,17,9,2024,15:50,1,91,91201,2,1,1,6,AV DE L EUROPE,48,
2.02E+11,29,4,2024,18:50,1,93,93010,2,1,1,6,Rue Rabelais,48,
2.02E+11,28,11,2024,13:32,1,91,91471,2,6,7,6,LOUIS SCOCARD (RUE),48,
2.02E+11,17,9,2024,17:20,1,91,91434,2,4,1,6,JEAN RAYNAL (RUE),48,
2.02E+11,30,4,2024,14:12,1,92,92064,2,1,1,3,GOUNOD,48,
2.02E+11,28,11,2024,19:05,5,91,91657,2,1,1,6,RUE PIERRE MARIN,48,
2.02E+11,17,9,2024,8:30,1,91,91286,2,1,1,3,EMILE ALLIAUD (AVENUE),48,
2.02E+11,30,4,2024,9:30,1,92,92051,1,1,2,3,CHARLES DE GAULLE (AVENUE,,
2.02E+11,28,11,2024,19:08,5,91,91201,2,1,1,6,AV DU GENERAL DE GAULLE,48,
2.02E+11,29,4,2024,13:10,1,92,92049,2,9,1,2,BROSSOLETTE AVENUE PIERRE,48,
2.02E+11,29,11,2024,18:45,3,91,91174,2,9,1,6,AV STRATHKELVIN,48,
2.02E+11,16,9,2024,19:10,1,87,87085,2,3,1,3,LILAS (BOULEVARD DES),45,
2.02E+11,30,4,2024,7:48,1,92,92044,2,3,2,6,PDT WILSON(RUE)77A105 ET 76A108,48,
2.02E+11,29,11,2024,14:15,1,91,91223,2,9,1,2,PARIS (AVENUE DE),48,
2.02E+11,11,9,2024,16:00,1,80,80021,2,1,1,1,Rue d'Elbeuf,49,
2.02E+11,28,11,2024,15:01,1,87,87085,2,2,1,3,GARIBALDI (AVENUE),45,
2.02E+11,30,4,2024,19:00,1,92,92040,2,6,8,2,FRERES VOISIN (BOULEVARD DES),48,
2.02E+11,30,4,2024,9:35,1,92,92036,2,9,2,3,GEORGE SAND (RUE) (IMPAIRS),48,
2.02E+11,16,9,2024,18:34,1,78,78401,2,3,1,3,D 922,49,
2.02E+11,28,11,2024,13:15,1,83,83137,2,3,1,3,GASQUET (AVE JOSEPH DE 1 A 1423,43,
2.02E+11,30,4,2024,23:12,5,92,92024,2,3,2,1,ANCIENNNE MAIRIE (RUE DE L'),48,
2.02E+11,16,9,2024,17:50,1,78,78440,2,1,1,3,avenue de la République,48,
2.02E+11,29,11,2024,6:29,5,83,83126,2,1,1,1,JUIN (AV MARECHAL),43,
2.02E+11,30,4,2024,17:14,1,92,92024,2,1,1,6,PIERRE BEREGOVOY (RUE),48,
2.02E+11,17,9,2024,7:00,2,78,78297,2,3,1,6,KESSEL (AVENUE JOSEPH),48,
2.02E+11,29,11,2024,17:50,2,81,81065,1,1,1,2,155 Route de Lavaur,43,
2.02E+11,30,4,2024,6:24,2,92,92002,2,2,2,3,DIVISION LECLERC (1 A 29 -2 A 34),48,
2.02E+11,17,9,2024,5:20,5,78,78208,2,1,1,6,PETITE VILLEDIEU (AVENUE),48,
2.02E+11,29,11,2024,13:05,1,81,81004,2,1,1,6,TEMPORALITE (DE LA),43,
2.02E+11,27,11,2024,18:35,5,80,80021,2,1,1,7,Mail Albert 1er,49,
2.02E+11,17,9,2024,21:30,5,78,78498,2,1,1,1,VILLIERS RUE DE,48,
2.02E+11,30,4,2024,19:00,1,37,37199,1,1,1,1,D58,47,
2.02E+11,16,9,2024,17:05,1,77,77337,2,1,1,2,ARCHE GUEDON (COURS DE L'),48,
2.02E+11,1,5,2024,13:05,1,71,71305,1,1,1,3,A6,46,
2.02E+11,28,11,2024,11:20,1,78,78133,2,3,1,3,CLOS DE LA FAMILLE (DU),48,
2.02E+11,17,9,2024,9:00,1,70,70550,2,6,1,3,Rue du Commandant Girardot,47,
2.02E+11,30,4,2024,19:55,2,86,86261,2,1,1,3,11bis Route des Bordes,46,
2.02E+11,16,9,2024,16:50,1,67,67482,2,3,2,6,HOPITAL (ROUTE DE L ),48,
2.02E+11,29,11,2024,15:30,1,78,78401,2,1,1,5,RHIN ET DANUBE (PONT),49,
2.02E+11,1,5,2024,11:05,1,50,50592,2,1,8,6,Rue du Général de Gaulle,48,
2.02E+11,17,9,2024,16:15,1,66,66136,2,1,1,6,LECLERC (AVENUE DU GENERAL),42,
2.02E+11,29,11,2024,0:14,3,77,77374,1,1,1,3,D471,48,
2.02E+11,30,4,2024,18:20,1,19,19117,1,4,2,7,Route Des Moulins,45,
2.02E+11,17,9,2024,9:30,1,64,64445,2,1,1,3,ALSACE LORRAINE D',43,
2.02E+11,28,11,2024,14:02,1,77,77053,2,1,1,3,RUE DE VILLEMENEUX,48,
2.02E+11,28,11,2024,8:12,2,77,77288,2,1,1,6,MEAUX (AVENUE DE),48,
2.02E+11,1,5,2024,0:50,3,56,56053,1,1,2,6,lieu dit le pont guillemet,47,
2.02E+11,16,9,2024,19:20,1,64,64102,2,1,1,3,LOUIS DE FOIX (AVENUE),43,
2.02E+11,29,11,2024,19:50,5,76,76540,2,3,1,3,Rue du Contrat Social,49,
2.02E+11,29,11,2024,12:30,1,76,76351,2,1,1,6,Avenue Jean Jaurès,49,
2.02E+11,16,9,2024,11:45,1,64,64024,2,1,1,4,ROUTE DE PITOYS,43,
2.02E+11,28,11,2024,14:05,1,72,72181,2,1,1,6,CHATEAUBRIAND RENE DE (RUE),48,
2.02E+11,1,5,2024,15:40,1,76,76271,1,1,1,5,Route du Bolhard,49,
2.02E+11,13,9,2024,17:40,1,63,63300,2,1,1,6,VIRLOGEUX (AVENUE),45,
2.02E+11,29,11,2024,12:15,1,71,71306,2,1,1,7,MARECHAL LECLERC (AVENUE DU),46,
2.02E+11,17,9,2024,9:36,1,63,63245,1,1,1,6,RD446,45,
2.02E+11,27,11,2024,11:30,1,69,69256,2,2,1,6,Avenue Gabriel Péri,45,
2.02E+11,17,9,2024,16:30,1,63,63014,2,1,1,3,COURNON (AVENUE DE),45,
2.02E+11,30,4,2024,11:15,1,65,65247,2,1,1,7,Route d'Arrodets,43,
2.02E+11,28,11,2024,23:05,5,69,69271,2,1,2,6,Boulevard Charles de Gaulle,45,
2.02E+11,17,9,2024,16:15,1,63,63113,2,1,1,6,JOUHAUX (BD LEON),45,
2.02E+11,28,11,2024,19:05,5,69,69290,2,1,2,6,Rue de l'Egalité,45,
2.02E+11,30,4,2024,11:30,1,65,65395,1,8,1,3,D937,43,
2.02E+11,29,11,2024,0:35,3,68,68224,1,1,5,6,VOIE RAPIDE NORD SUD,47,
2.02E+11,17,9,2024,10:10,1,62,62215,2,1,1,2,route de meurchin,50,
2.02E+11,30,4,2024,1:10,3,63,63146,1,1,3,6,lieu dit La peyrouse,45,
2.02E+11,29,11,2024,19:45,5,67,67043,2,1,5,1,BISCHWILLER (ROUTE DE),48,
2.02E+11,30,4,2024,18:30,1,12,12056,1,1,1,6,D570,44,
2.02E+11,16,9,2024,16:15,1,59,59041,2,1,1,5,Chaussée Brunehaut,50,
2.02E+11,29,11,2024,17:35,5,67,67482,2,3,5,3,MOLIERE (AVENUE),48,
2.02E+11,23,4,2024,20:15,1,47,47214,1,1,1,6,Barbé,44,
2.02E+11,17,9,2024,13:30,1,59,59350,2,1,1,3,Place Barthelemy Dorez,50,
2.02E+11,1,5,2024,7:15,2,39,39539,1,1,8,6,Rue du Bois,46,
2.02E+11,28,11,2024,11:45,1,67,67180,2,1,1,4,WEITBRUCH (ROUTE DE),48,
2.02E+11,17,9,2024,8:25,1,59,59378,2,1,1,2,REPUBLIQUE AV DE LA (N°829-931),50,
2.02E+11,29,11,2024,10:00,1,66,66136,2,2,7,6,Avenue Docteur Jean-Louis Torreilles,42,
2.02E+11,16,9,2024,15:45,1,54,54395,2,2,8,3,Rue Saint Dizier,48,
2.02E+11,29,4,2024,16:25,1,35,35099,1,3,1,5,Le Bois Gros Doigt,48,
2.02E+11,16,9,2024,9:50,1,54,54300,2,1,1,2,141 Rue Lucien Galtier,48,
2.02E+11,24,4,2024,15:10,1,29,29217,1,1,1,6,RN165,47,
2.02E+11,29,11,2024,19:05,5,64,64335,1,3,1,3,JEAN JAURES,43,
2.02E+11,17,9,2024,8:28,1,51,51454,2,3,1,3,HUGO (BOULEVARD VICTOR),49,
2.02E+11,29,11,2024,16:20,1,64,64335,1,1,1,3,avenue de santona,43,
2.02E+11,26,4,2024,11:15,1,14,14102,1,2,1,3,121 Route Departementale 264,49,
2.02E+11,29,11,2024,11:00,1,64,64445,2,1,1,6,PEBOUE,43,
2.02E+11,16,9,2024,16:30,1,51,51454,2,1,1,1,EPERNAY (AVENUE D') COTE PAIR,49,
2.02E+11,30,4,2024,14:25,1,14,14480,1,6,1,2,Rue de la Mairie,49,
2.02E+11,29,11,2024,14:25,1,64,64102,1,1,1,4,SAINT BERNARD (CHEMIN DE),43,
2.02E+11,13,9,2024,12:45,1,50,50129,2,2,1,3,PLYMOUTH (AVENUE DE),49,
2.02E+11,1,5,2024,14:30,1,7,7126,1,1,2,1,route départementale 1 ROUTE D'AUBENAS,44,
2.02E+11,29,11,2024,11:20,1,64,64140,1,1,1,7,GAULLE (AV CHARLES DE),43,
2.02E+11,17,9,2024,8:54,1,49,49328,2,2,8,3,PONT FOUCHARD (RUE DU),47,
2.02E+11,30,4,2024,22:20,3,23,23255,1,1,1,6,les Vétisons,46,
2.02E+11,29,11,2024,8:15,1,63,63212,1,3,2,3,RD446 / ANTONIN MARCONNET (RUE ),45,
2.02E+11,1,5,2024,17:45,1,52,52550,1,1,1,6,D2,48,
2.02E+11,16,9,2024,12:35,1,47,47001,2,1,1,3,SERRES (AVENUE MICHEL),44,
2.02E+11,28,11,2024,15:40,1,60,60159,2,6,1,3,Rue de Noyon,49,
2.02E+11,1,5,2024,10:15,1,24,24331,1,2,8,3,Route Henri de Navarre,44,
2.02E+11,17,9,2024,15:20,1,45,45234,2,1,1,6,65 Rue Masse,47,
2.02E+11,29,11,2024,8:45,1,59,59599,2,1,1,2,CHANZY (RUE),50,
2.02E+11,16,9,2024,13:25,1,44,44109,2,1,1,6,44 Rue du Landreau,47,
2.02E+11,29,11,2024,7:00,5,59,59512,2,3,5,6,COLMAR (BOULEVARD DE),50,
2.02E+11,30,4,2024,21:25,3,973,97307,1,2,1,2,RN1,4,
2.02E+11,17,9,2024,18:00,1,38,38185,2,2,1,3,BERRIAT (COURS)             1 A 55-72,45,
2.02E+11,29,11,2024,19:55,3,59,59008,1,1,1,2,FENDALI (RUE),50,
2.02E+11,30,4,2024,21:35,5,42,42005,2,2,1,1,Avenue Benoit Fourneyron,45,
2.02E+11,17,9,2024,11:39,1,38,38053,2,1,1,6,N/A,45,
2.02E+11,29,11,2024,8:50,1,56,56098,2,3,1,6,Rue Jean-Marie Le Hen,47,
2.02E+11,30,4,2024,19:00,3,987,98714,1,1,1,7,Commerce AA FAANUI,-16,
2.02E+11,30,4,2024,10:55,1,45,45144,1,1,9,7,D12 PR 4 + 170,47,
2.02E+11,17,9,2024,8:20,1,37,37261,2,3,1,3,POUSSIN (RUE NICOLAS),47,
2.02E+11,29,11,2024,13:30,1,54,54339,2,1,1,2,Rue du Colonel Driant,48,
2.02E+11,30,4,2024,17:55,1,77,77095,1,1,2,1,D139,48,
2.02E+11,6,11,2024,17:10,1,52,52121,2,1,1,6,LALOY (RUE),48,
2.02E+11,17,9,2024,18:25,1,35,35115,2,2,1,1,BONABRY (RUE DE),48,
2.02E+11,1,5,2024,15:15,1,95,95355,1,9,1,2,D14,49,
2.02E+11,12,9,2024,17:00,1,35,35115,2,1,1,6,BEFFROI (RUE DU),48,
2.02E+11,29,11,2024,15:35,1,51,51454,2,1,1,3,EPERNAY (AVENUE D') COTE PAIR,49,
2.02E+11,1,5,2024,18:26,1,78,78147,1,1,1,6,Route departementale 52,49,
2.02E+11,17,9,2024,19:45,5,34,34172,2,1,3,1,MENDE (ROUTE DE),43,
2.02E+11,29,11,2024,11:15,1,51,51454,2,2,1,6,VENISE (RUE),49,
2.02E+11,30,4,2024,15:20,1,2A,2A247,2,2,1,6,#1 Voie Arena#,41,
2.02E+11,17,9,2024,18:54,1,33,33550,2,2,1,3,N/A,44,
2.02E+11,30,4,2024,18:15,2,34,34056,1,1,1,6,D32,43,
2.02E+11,17,9,2024,8:40,2,33,33032,2,1,1,3,N/A,44,
2.02E+11,29,11,2024,17:55,5,49,49007,2,1,1,5,FAURE QUAI,47,
2.02E+11,30,4,2024,17:45,1,34,34058,2,1,8,5,M610,43,
2.02E+11,17,9,2024,17:05,1,31,31555,2,1,1,2,TRENTIN (BD SILVIO) DU 2AU 110,43,
2.02E+11,29,11,2024,17:45,1,49,49007,2,1,1,6,SAINT MICHEL BOULEVARD,47,
2.02E+11,17,9,2024,18:00,1,29,29232,2,1,1,1,Rue Pierre Corneille,47,
2.02E+11,29,11,2024,14:35,1,46,46042,1,1,1,4,DEPARTEMENTALE N°811 (ENTRE MERCUES ET C,44,
2.02E+11,30,4,2024,18:05,1,83,83037,1,1,1,5,D5,43,
2.02E+11,17,9,2024,8:12,5,29,29019,2,3,1,2,rue de Bruxelles,48,
2.02E+11,30,11,2024,0:10,5,44,44162,2,6,5,6,Boulevard Marcel Paul,47,
2.02E+11,30,4,2024,7:30,1,13,13093,1,1,1,7,D561,43,
2.02E+11,16,9,2024,14:50,1,29,29019,2,6,1,6,rue Jean Sebastien Bach,48,
2.02E+11,28,11,2024,19:00,5,43,43157,2,1,1,6,Route de Montredon,45,
2.02E+11,27,4,2024,19:50,1,13,13041,2,1,1,1,Avenue Louise Michel,43,
2.02E+11,17,9,2024,7:05,2,27,27681,2,1,1,2,CHAMPOURGS (RUE DES),49,
2.02E+11,28,11,2024,8:45,1,43,43157,1,1,8,2,RN88,45,
2.02E+11,1,5,2024,1:30,3,57,57620,1,1,1,1,D181a,49,
2.02E+11,29,4,2024,18:20,1,85,85226,2,1,1,6,Route du Perrier,46,
2.02E+11,17,9,2024,16:55,1,27,27684,2,6,1,3,Route de Paris,49,
2.02E+11,29,11,2024,18:50,3,35,35051,1,1,1,4,EST (ROCADE),48,
2.02E+11,30,4,2024,20:45,1,60,60439,2,2,2,6,Rue de l'Abattoir,49,
2.02E+11,17,9,2024,16:55,1,27,27229,2,1,1,2,DEPORTES (RUE DES),49,
2.02E+11,29,11,2024,17:10,2,35,35238,2,1,1,7,LE GUILLOUX (HENRI),48,
2.02E+11,29,4,2024,10:23,1,13,13071,1,1,1,3,A55-Sens Martigues vers Marseille,43,
2.02E+11,17,9,2024,9:05,1,22,22360,2,6,1,3,ROND POINT DE BREZILLET,48,
2.02E+11,29,11,2024,16:55,2,35,35238,2,1,1,5,LORIENT (DE),48,
2.02E+11,29,4,2024,0:45,5,83,83137,1,1,1,6,A50,43,
2.02E+11,30,4,2024,9:41,1,33,33550,1,1,1,6,N/A,44,
2.02E+11,29,11,2024,15:15,1,35,35238,1,1,1,2,RN 136,48,
2.02E+11,17,9,2024,17:35,1,22,22113,2,9,1,3,MENDES FRANCE (BOULEVARD),48,
2.02E+11,25,4,2024,12:45,1,33,33013,1,1,1,4,N/A,44,
2.02E+11,29,11,2024,12:20,1,35,35238,2,1,1,3,LE HO (JEAN),48,
2.02E+11,17,9,2024,9:50,1,19,19031,2,3,1,3,KENNEDY (AVENUE JOHN),45,
2.02E+11,29,11,2024,2:09,3,34,34336,1,9,1,7,MEDITERRANEE (ROND POINT DE LA),43,
2.02E+11,17,9,2024,7:54,1,19,19031,2,2,1,3,BRUNE (BOULEVARD),45,
2.02E+11,26,4,2024,22:25,5,62,62193,1,1,2,6,A16,50,
2.02E+11,29,11,2024,20:00,5,33,33039,2,3,1,3,N/A,44,
2.02E+11,17,9,2024,17:30,1,17,17333,1,1,1,7,EXPRESS (voie),45,
2.02E+11,29,11,2024,13:00,1,33,33318,1,1,1,6,N/A,44,
2.02E+11,30,4,2024,17:54,1,91,91228,1,1,1,5,AUTOROUTE A6,48,
2.02E+11,28,11,2024,18:35,5,33,33119,2,6,1,3,N/A,44,
2.02E+11,17,9,2024,19:30,5,13,13106,2,1,3,5,APT (ROUTE D'),43,
2.02E+11,30,4,2024,8:25,2,91,91589,1,1,2,3,AUTOROUTE A6,48,
2.02E+11,29,11,2024,11:35,1,31,31555,2,1,1,3,BD DE SUISSE,43,
2.02E+11,17,9,2024,17:10,1,13,13214,2,9,1,6,MORETTI (BOULEVARD),43,
2.02E+11,30,4,2024,18:05,1,78,78646,1,1,1,3,RN12,48,
2.02E+11,20,11,2024,17:45,5,31,31555,2,1,2,6,GUESDE (ALL JULES) DU 1AU 3,43,
2.02E+11,17,9,2024,15:50,1,13,13213,2,1,1,3,PAUL LANGEVIN (RUE),43,
2.02E+11,30,4,2024,12:00,1,95,95018,1,1,1,3,A15,48,
2.02E+11,27,11,2024,15:40,1,31,31555,2,1,1,2,STRASBOURG (BD DE) DU 2AU 66,43,
2.02E+11,16,9,2024,20:30,5,13,13214,2,1,1,3,SAINTE MARTHE (chemin),43,
2.02E+11,30,4,2024,7:10,2,93,93010,1,1,1,2,A3,48,
2.02E+11,29,11,2024,20:54,5,29,29232,2,1,1,2,Avenue de la Liberation,47,
2.02E+11,17,9,2024,11:25,1,13,13213,2,1,1,3,ALPHONSE DAUDET (RUE),43,
2.02E+11,30,4,2024,19:30,1,77,77372,1,1,1,3,A104,48,
2.02E+11,29,11,2024,20:33,5,25,25539,2,1,1,1,BERNE (RUE DE),47,
2.02E+11,17,9,2024,8:45,1,13,13209,2,1,7,1,CHE DE LA COLLINE SAINT JOSEPH,43,
2.02E+11,30,4,2024,15:25,1,94,94073,1,1,1,2,A86,48,
2.02E+11,16,9,2024,15:55,1,13,13209,2,1,1,3,REDON (BOULEVARD DU),43,
2.02E+11,21,11,2024,13:20,1,22,22113,2,2,3,1,PLACENN AR GUER (CHEMIN DE),48,
2.02E+11,30,4,2024,2:45,3,94,94046,1,1,1,6,A86,48,
2.02E+11,16,9,2024,8:41,1,13,13207,2,2,1,3,PAUL CODACCIONI (RUE),43,
2.02E+11,29,11,2024,11:25,1,17,17415,2,2,1,1,LORMONT RUE DE,45,
2.02E+11,16,9,2024,21:30,5,10,10387,2,1,1,7,Boulevard Danton,48,
2.02E+11,29,4,2024,18:00,1,77,77121,1,1,1,2,A4,48,
2.02E+11,29,11,2024,10:15,1,17,17415,2,1,1,2,PORT D'ENVAUX ROUTE DE,45,
2.02E+11,17,9,2024,19:10,1,7,7281,2,1,1,6,REPUBLIQUE (RUE DE LA),44,
2.02E+11,27,2,2024,21:00,5,95,95218,2,1,1,6,ROGER SALENGRO (AVENUE),49,
2.02E+11,29,11,2024,8:58,1,17,17306,1,1,7,2,EXPRESS (VOIE),45,
2.02E+11,17,9,2024,10:28,1,1,1344,2,1,1,2,TREVOUX (AVENUE DE),46,
2.02E+11,29,11,2024,6:31,5,17,17300,2,2,1,3,ORBIGNY   RUE ALCIDE D',46,
2.02E+11,17,9,2024,17:30,1,75,75117,2,1,1,2,ECHANGEUR MAILLOT,48,
2.02E+11,29,11,2024,12:20,1,14,14366,2,1,1,3,37 Avenue du 6 Juin,49,
2.02E+11,17,9,2024,13:13,1,75,75117,2,2,1,6,BOULEVARD DES BATIGNOLLES,48,
2.02E+11,29,11,2024,9:10,1,14,14167,1,2,7,3,32 Rue Jean Monnet,49,
2.02E+11,29,4,2024,10:00,1,987,98736,1,1,1,4,CHARLES DE GAULLE (AV),-17,
2.02E+11,17,9,2024,9:20,1,75,75106,2,3,1,6,BOULEVARD SAINT MICHEL,48,
2.02E+11,29,11,2024,17:25,5,10,10333,2,6,1,3,LOMBARDS (AVENUE),48,
2.02E+11,28,4,2024,1:39,5,987,98736,2,1,1,3,ARIIPAEA POMARE (AV),-17,
2.02E+11,17,9,2024,1:20,5,75,75119,2,2,1,3,RUE MANIN,48,
2.02E+11,29,11,2024,14:00,1,10,10387,2,2,1,1,Rue de Preize,48,
2.02E+11,17,9,2024,21:00,3,75,75117,2,1,1,1,BOULEVARD DE COURCELLES,48,
2.02E+11,29,4,2024,16:55,1,974,97416,2,1,1,3,LEBLOND 1 (RUE MARIUS ET ARY),-21,
2.02E+11,28,11,2024,16:40,1,10,10357,2,1,1,4,ROCADE EST (RD 610),48,
2.02E+11,16,9,2024,12:30,1,75,75117,2,2,1,6,BOULEVARD BERTHIER,48,
2.02E+11,29,4,2024,7:30,1,974,97411,2,1,1,2,MACE (ROUTE GABRIEL),-20,
2.02E+11,28,11,2024,14:30,1,10,10387,2,2,1,6,Boulevard Gambetta,48,