Num_Acc,jour,mois,an,hrmn,lum,dep,com,agg,int,atm,col,adr,lat,long
2.02E+11,11,8,2024,3:40,5,69,69383,2,1,1,3,Cours Richard Vitton,45,
2.02E+11,25,4,2024,20:15,2,22,22262,2,1,1,1,Rue des Forges,48,
2.02E+11,30,4,2024,9:50,1,22,22390,1,1,1,7,Lieu Dit Pan Bras,48,
2.02E+11,11,8,2024,6:00,2,972,97213,1,1,1,6,CROIX RIVAIL,14,
2.02E+11,28,4,2024,9:35,1,62,62560,2,1,2,3,D191,50,
2.02E+11,10,8,2024,23:16,5,972,97213,1,9,1,3,ROUTE NATIONALE 1,14,
2.02E+11,29,4,2024,14:00,1,42,42237,1,1,1,2,A72,45,
2.02E+11,11,8,2024,8:00,1,69,69202,2,3,1,3,Avenue de l'Aqueduc de Beaunant,45,
2.02E+11,29,4,2024,16:50,1,91,91434,1,1,1,2,AUTOROUTE A6,48,
2.02E+11,11,8,2024,2:00,5,69,69381,2,3,1,3,Quai de la Pêcherie,45,
2.02E+11,29,4,2024,18:13,1,92,92002,1,1,1,3,RN 385,48,
2.02E+11,11,8,2024,20:05,1,91,91136,2,9,1,3,RTE NATIONALE 7,48,
2.02E+11,29,4,2024,15:00,1,91,91692,1,1,1,3,RD 188 CHEVREUSE,48,
2.02E+11,4,8,2024,1:07,5,86,86194,2,9,1,2,Rue du Fbg de la Cueille Mirebalaise,46,
2.02E+11,29,4,2024,11:35,1,94,94034,1,1,1,5,A86,48,
2.02E+11,29,4,2024,7:45,1,94,94065,1,1,1,3,A106,48,
2.02E+11,11,8,2024,23:00,3,84,84087,1,2,1,3,ROUTE DE CHATEAUNEUF,44,
2.02E+11,28,4,2024,17:35,1,78,78423,1,1,1,6,A12 W,48,
2.02E+11,11,8,2024,10:20,1,83,83126,2,5,1,3,RD POINT DU 8 MAI,43,
2.02E+11,28,4,2024,16:55,1,92,92048,1,1,1,4,N118,48,
2.02E+11,11,8,2024,15:55,1,76,76212,2,3,7,7,Rue de la Table de Pierre,49,
2.02E+11,29,4,2024,20:38,2,93,93053,1,1,1,7,A86,48,
2.02E+11,11,8,2024,14:10,1,69,69259,2,4,1,3,16 Boulevard Ambroise Croizat,45,
2.02E+11,29,4,2024,17:05,1,93,93064,1,1,1,3,A86,48,
2.02E+11,11,8,2024,23:00,5,67,67218,2,1,1,7,GENERAL LIBERMANN (RUE DU),48,
2.02E+11,11,8,2024,20:03,1,67,67482,2,1,1,6,THUMENAU (RUE DE LA),48,
2.02E+11,29,4,2024,8:05,1,93,93008,1,1,1,3,A86,48,
2.02E+11,11,8,2024,20:35,2,67,67482,2,1,1,6,MAIRE KUSS (RUE DU),48,
2.02E+11,28,4,2024,21:45,3,92,92078,1,1,1,4,AUTOROUTE A86,48,
2.02E+11,11,8,2024,18:58,1,64,64024,2,1,1,3,SOURCES (PROMENADE DES),43,
2.02E+11,29,4,2024,13:00,1,94,94065,1,1,1,3,N186,48,
2.02E+11,11,8,2024,12:15,1,59,59512,2,1,1,6,NATIONS UNIES (AVENUE DES),50,
2.02E+11,11,8,2024,9:26,1,56,56260,2,3,1,3,Avenue de la Marne,47,
2.02E+11,10,8,2024,5:30,3,54,54099,1,1,1,6,D906,49,
2.02E+11,28,4,2024,23:49,3,77,77296,1,1,1,5,A5b,48,
2.02E+11,10,8,2024,22:40,3,36,36159,2,3,1,3,Rue de Cantinier,46,
2.02E+11,27,4,2024,23:25,5,988,98818,2,1,1,6,RUE JACQUES IEKAWE,-22,
2.02E+11,18,7,2024,21:15,2,34,34108,2,1,1,6,LIBERATION (AVENUE DE LA),43,
2.02E+11,11,8,2024,17:05,1,34,34172,2,1,1,7,JUVENAL (PONT),43,
2.02E+11,11,8,2024,16:30,1,33,33529,2,1,1,2,N/A,44,
2.02E+11,10,8,2024,15:00,1,29,29232,1,1,7,6,Route de Rosporden,47,
2.02E+11,11,8,2024,9:25,1,27,27229,1,1,1,6,ALLENDE (BOULEVARD DU PRESIDENT),49,
2.02E+11,11,8,2024,23:50,3,22,22113,1,6,1,7,BOUTIL (LIEU-DIT),48,
2.02E+11,10,8,2024,12:05,1,14,14117,2,2,1,3,58 Avenue de la Brèche Buhot,49,
2.02E+11,11,8,2024,14:00,1,13,13208,2,1,1,1,MENDES FRANCE (AVENUE),43,
2.02E+11,11,8,2024,21:14,3,12,12145,1,1,1,1,D911,44,
2.02E+11,9,8,2024,22:00,5,6,6104,2,1,1,6,2a Avenue Paul Doumer,43,
2.02E+11,9,8,2024,11:55,1,75,75112,2,1,1,2,BD PERIPHERIQUE INTERIEUR,48,
2.02E+11,10,8,2024,22:00,5,75,75120,1,1,1,2,BD PERIPHERIQUE INTERIEUR,48,
2.02E+11,11,8,2024,13:25,1,75,75117,2,2,1,6,RUE GUSTAVE CHARPENTIER,48,
2.02E+11,10,8,2024,20:48,2,75,75117,2,5,1,3,AVENUE DE WAGRAM,48,
2.02E+11,11,8,2024,13:40,1,75,75116,2,7,1,2,PLACE VICTOR HUGO,48,
2.02E+11,11,8,2024,2:45,5,75,75113,2,1,1,7,RUE JEANNE D ARC,48,
2.02E+11,11,8,2024,15:19,1,75,75110,2,3,1,1,RUE DU HUIT MAI 1945,48,
2.02E+11,11,8,2024,4:05,5,75,75110,2,2,1,3,BOULEVARD DE LA CHAPELLE,48,
2.02E+11,11,8,2024,18:30,1,75,75104,2,2,1,2,BOULEVARD BOURDON,48,
2.02E+11,11,8,2024,16:50,1,75,75101,2,3,1,6,RUE DE RIVOLI,48,
2.02E+11,10,8,2024,21:30,5,94,94044,2,1,1,3,Avenue Descartes,48,
2.02E+11,11,8,2024,14:33,1,93,93070,2,9,1,6,Rue des Rosiers,48,
2.02E+11,11,8,2024,19:05,1,93,93064,2,1,1,3,Rue Leon Blum / Centre commercial Westfield Rosny 2,48,
2.02E+11,10,8,2024,17:40,1,92,92012,2,1,1,3,JEAN JAURES (BOULEVARD) 1/61 - COTE IMPA,48,
2.02E+11,11,8,2024,17:40,1,31,31558,1,1,1,6,D2,43,
2.02E+11,10,8,2024,17:24,1,974,97415,2,1,1,7,184 Rue Joseph Hubert,-21,
2.02E+11,12,8,2024,16:10,1,54,54322,1,1,1,3,D618,49,
2.02E+11,12,8,2024,10:51,1,22,22164,1,1,1,7,RN12 PR 100+000,48,
2.02E+11,11,8,2024,14:20,1,62,62086,1,2,1,3,N25,50,
2.02E+11,11,8,2024,22:40,3,95,95056,1,1,1,6,D85,49,
2.02E+11,11,8,2024,19:57,1,62,62759,1,1,1,6,route du mont des anglais,50,
2.02E+11,11,8,2024,18:45,1,19,19058,1,1,1,6,D1089 / Intersection D47E1,45,
2.02E+11,11,8,2024,3:10,4,19,19176,2,1,1,7,D1089,45,
2.02E+11,11,8,2024,15:20,1,56,56251,1,1,1,6,La Madeleine,47,
2.02E+11,11,8,2024,13:00,1,2B,2B354,1,8,1,6,RT20,42,
2.02E+11,8,8,2024,8:04,1,69,69108,1,8,1,3,Route des Allumeaux,46,
2.02E+11,12,8,2024,13:35,1,11,11299,1,1,1,5,N/A,43,
2.02E+11,11,8,2024,9:15,1,61,61126,1,1,1,7,D251,48,
2.02E+11,9,8,2024,11:05,1,55,55013,1,5,1,3,D66a,49,
2.02E+11,12,8,2024,10:40,1,12,12052,2,6,1,3,Boulevard Francois Mitterrand,44,
2.02E+11,9,8,2024,19:00,1,39,39074,2,1,1,6,22 Rue de la Fontaine,47,
2.02E+11,11,8,2024,4:30,3,44,44053,2,1,1,6,14 Rue du Vinet,47,
2.02E+11,11,8,2024,18:30,1,44,44217,1,1,1,7,Route des Randonneurs,47,
2.02E+11,11,8,2024,10:09,1,29,29173,1,6,1,3,Rond-Point de Kergaben,48,
2.02E+11,5,8,2024,18:38,1,15,15033,1,1,7,7,RD 65,45,
2.02E+11,12,8,2024,17:30,1,15,15215,1,1,1,1,RD 35,44,
2.02E+11,12,8,2024,9:20,1,70,70128,1,1,1,6,D32,47,
2.02E+11,11,8,2024,22:00,5,58,58079,2,6,1,6,Avenue de la République,47,
2.02E+11,6,8,2024,23:57,3,58,58152,1,1,1,6,RN7 PK84 Sens NEVERS-MOULINS,46,
2.02E+11,10,8,2024,0:15,3,72,72087,1,6,1,1,D1,47,
2.02E+11,8,8,2024,12:22,1,72,72298,1,2,7,3,Vaudoire,47,
2.02E+11,12,8,2024,3:00,3,50,50568,1,1,1,6,1 Route de Montpinchon,49,
2.02E+11,11,8,2024,18:40,1,90,90093,2,9,1,7,27 Rue de Valdoie,47,
2.02E+11,12,8,2024,4:55,3,36,36105,1,1,1,6,N/A,46,
2.02E+11,12,8,2024,14:30,1,7,7128,2,1,1,7,610 Route de Saint Félicien,45,
2.02E+11,12,8,2024,8:50,1,24,24564,1,2,8,3,D5,45,
2.02E+11,11,8,2024,20:22,2,24,24352,1,2,1,6,Route de l'Atlantique,45,
2.02E+11,10,8,2024,3:48,3,28,28052,1,1,1,6,D136,48,
2.02E+11,11,8,2024,11:45,1,87,87064,1,3,7,2,Charnaillat,45,
2.02E+11,11,8,2024,18:15,1,30,30002,1,1,1,7,D6110,43,
2.02E+11,11,8,2024,9:20,1,52,52550,2,3,7,3,Rue du Général Defrance,48,
2.02E+11,12,8,2024,12:43,1,10,10357,1,1,1,7,A26,48,
2.02E+11,11,8,2024,19:40,1,18,18141,1,1,1,7,N/A,47,
2.02E+11,12,8,2024,7:34,1,18,18245,1,1,1,6,N/A,46,
2.02E+11,12,8,2024,6:10,2,67,67067,1,1,1,6,Autoroute A4,48,
2.02E+11,10,8,2024,7:50,1,13,13058,1,1,1,3,D5,43,
2.02E+11,11,8,2024,18:20,5,976,97616,2,1,1,6,Avenue charif tadjidine,-12,
2.02E+11,12,8,2024,19:16,1,69,69264,1,1,1,6,Autoroute 6,45,
2.02E+11,8,8,2024,4:00,3,13,13001,1,1,1,2,A8,43,
2.02E+11,9,8,2024,15:30,1,62,62427,1,1,1,2,A1,50,
2.02E+11,7,8,2024,10:28,1,33,33005,1,6,1,3,N/A,44,
2.02E+11,11,8,2024,7:15,1,987,98712,2,6,1,2,pk 7 - Rond point Tahiti Pearl Resort,-17,
2.02E+11,11,8,2024,14:40,1,987,98723,1,1,1,7,Tapeata,-9,
2.02E+11,9,8,2024,14:40,1,987,98722,1,1,1,7,pk 23 c/mont,-17,
2.02E+11,7,5,2024,18:57,1,44,44109,2,6,1,6,78 Route de Rennes,47,
2.02E+11,30,4,2024,14:00,1,44,44109,2,3,1,6,5 Rue de l'Hôtel de Ville,47,
2.02E+11,30,4,2024,10:35,1,44,44190,2,3,1,6,Rue des Fromenteaux,47,
2.02E+11,28,4,2024,19:30,1,44,44162,2,1,1,6,Boulevard Winston Churchill,47,
2.02E+11,23,4,2024,18:25,1,44,44109,2,1,1,3,136 Boulevard des Anglais,47,
2.02E+11,22,4,2024,9:10,1,44,44109,2,6,1,3,30 Rue Charles Monselet,47,
2.02E+11,19,12,2024,14:30,1,88,88388,1,1,2,3,D51a,48,
2.02E+11,3,11,2024,16:00,1,88,88487,1,1,1,5,D157,47,
2.02E+11,5,10,2024,22:58,3,13,13026,1,1,1,2,A55-Sens Martigues vers Marseille,43,
2.02E+11,18,12,2024,8:20,1,91,91200,2,1,1,6,Rue de Rambouillet,48,
2.02E+11,25,12,2024,4:06,5,28,28149,1,1,1,6,D941,48,
2.02E+11,27,12,2024,19:36,3,28,28405,1,9,5,3,N12,48,
2.02E+11,25,11,2024,21:00,5,28,28214,1,1,2,7,Les Grands Pres,48,
2.02E+11,28,9,2024,15:45,1,71,71508,1,1,1,1,Route des Pilloux,46,
2.02E+11,22,12,2024,15:25,1,14,14308,1,1,8,6,1265 Route de Bavent,49,
2.02E+11,30,10,2024,23:45,3,73,73179,1,1,2,1,D14,45,
2.02E+11,10,12,2024,17:30,2,28,28108,1,2,2,3,D927,48,
2.02E+11,27,10,2024,0:15,3,28,28252,1,1,2,6,D955,48,
2.02E+11,14,12,2024,12:03,1,57,57463,1,1,1,7,RN 431,49,
2.02E+11,16,12,2024,14:00,1,14,14555,1,1,1,2,A13,49,
2.02E+11,3,8,2024,17:30,1,82,82170,1,3,1,3,Place de l’Église,44,
2.02E+11,22,4,2024,13:37,1,55,55369,1,1,1,7,N/A,48,
2.02E+11,8,12,2024,2:20,3,987,98729,2,1,1,7,PK 25.500 Tiahura  RT91,-17,
2.02E+11,29,11,2024,19:30,5,987,98738,1,1,1,1,Ech. Outumaoro,-17,
2.02E+11,22,12,2024,19:50,3,74,74042,1,1,2,5,5159 Route de geneve,46,
2.02E+11,21,12,2024,18:30,5,74,74280,2,1,1,6,35 Avenue d'annecy,45,
2.02E+11,11,12,2024,17:20,2,74,74005,1,1,1,1,RD 903,46,
2.02E+11,15,9,2024,16:15,1,13,13071,1,1,1,6,A7-Sens Lyon vers Marseille,43,
2.02E+11,12,10,2024,17:20,1,84,84025,2,1,1,6,Grand Geas,43,
2.02E+11,29,11,2024,19:30,3,43,43137,1,1,1,1,D12,45,
2.02E+11,24,11,2024,10:45,1,91,91122,2,1,1,6,PASSAGE DE VILLEVERT,48,
2.02E+11,5,11,2024,2:00,3,14,14316,1,1,5,6,Route des Hauts de Grangues,49,
2.02E+11,11,7,2024,18:30,1,14,14061,2,5,1,3,34 Route de la Bazinière (Le Bény-Bocage),48,
2.02E+11,31,12,2024,5:44,3,10,10424,1,1,1,6,D2,48,
2.02E+11,29,11,2024,23:50,5,2B,2B033,2,3,1,3,ROUTE ROYALE,42,
2.02E+11,29,10,2024,12:10,1,2B,2B313,2,6,1,3,Moriani Plage,42,
2.02E+11,26,10,2024,9:00,1,2B,2B303,1,1,8,6,Alistro,42,
2.02E+11,25,10,2024,17:30,2,2B,2B096,2,1,8,7,T20,42,
2.02E+11,22,10,2024,18:36,1,2B,2B307,2,1,1,1,Suaglione,42,
2.02E+11,22,10,2024,10:45,1,2B,2B029,1,1,2,5,RD 81,42,
2.02E+11,11,10,2024,19:34,5,2B,2B033,2,1,1,1,11 - RT,42,
2.02E+11,11,10,2024,7:30,2,2B,2B077,1,9,1,1,Corso,42,
2.02E+11,28,9,2024,15:40,1,2B,2B298,2,9,1,6,route de la cathérale,42,
2.02E+11,3,9,2024,12:30,1,2B,2B007,1,1,1,1,D84,42,
2.02E+11,21,12,2024,12:35,1,60,60414,2,1,2,6,Rue Jean Jaurès,49,
2.02E+11,31,8,2024,19:35,2,2B,2B007,1,1,1,3,D84,42,
2.02E+11,22,8,2024,9:00,1,2B,2B029,1,1,1,3,Col de Teghime (Col de montagne),42,
2.02E+11,5,12,2024,14:15,1,84,84099,1,2,1,3,CHEMIN DU FOUR À CHAUX,43,
2.02E+11,25,11,2024,17:50,3,84,84088,1,1,1,1,Route de la Gasqui,44,
2.02E+11,4,11,2024,11:15,1,84,84088,1,1,1,3,697 Route d'Avignon,43,
2.02E+11,29,11,2024,23:10,5,974,97411,2,1,1,2,MACE (ROUTE GABRIEL),-20,
2.02E+11,13,12,2024,19:40,3,26,26364,1,1,9,7,Route du Chateau,44,
2.02E+11,21,8,2024,13:15,1,72,72181,2,9,1,3,JACQUELINE DE ROMILLY (RUE),48,
2.02E+11,10,2,2024,5:50,2,974,97416,1,1,1,7,RN1,-21,
2.02E+11,3,11,2024,3:45,5,987,98735,1,1,1,6,HITIAA PK 42.100 sur la RT2,-17,
2.02E+11,23,7,2024,16:30,1,987,98729,2,1,1,7,PK 22 + 400,,
2.02E+11,10,2,2024,19:38,5,973,97302,2,3,1,1,MONTABO (ROUTE DE) 3,4,
2.02E+11,22,8,2024,16:50,1,987,98722,2,1,1,7,Faaripo 4 PK15.500,-17,
2.02E+11,9,2,2024,23:14,4,973,97302,1,1,1,6,ROUTE NATIONALE 3,4,
2.02E+11,11,8,2024,6:20,3,987,98729,1,1,1,1,Haapiti,-17,
2.02E+11,10,12,2024,14:40,1,987,98722,1,1,1,7,RT2 PK 32.300 à MAHAENA,-17,
2.02E+11,10,2,2024,17:55,5,69,69387,2,2,2,3,Rue de Gerland,45,
2.02E+11,31,12,2024,15:35,1,88,88068,2,1,7,1,519 Chemin de la Gayére,48,
2.02E+11,10,2,2024,5:50,3,972,97213,2,6,1,7,ROUTE NATIONALE 1,14,
2.02E+11,27,12,2024,15:55,1,88,88181,2,1,7,1,D23,48,
2.02E+11,10,2,2024,1:10,5,972,97213,1,1,1,3,ROUTE DEPARTEMENTALE 3,14,
2.02E+11,27,12,2024,11:25,1,88,88099,1,1,7,3,D157,48,
2.02E+11,24,12,2024,15:30,1,88,88413,1,1,1,7,ROUTE D'HERBAVILLE,48,
2.02E+11,17,12,2024,19:20,5,88,88413,2,1,1,1,THIERS (RUE),48,
2.02E+11,10,2,2024,10:30,1,972,97209,2,1,1,5,GENERAL DE GAULLE (BLD DU),14,
2.02E+11,13,12,2024,19:30,5,88,88413,2,1,1,1,Rue du Petit SAINT-DIE,48,
2.02E+11,9,2,2024,18:20,5,972,97209,2,1,1,7,RD 41 (ROCADE),14,
2.02E+11,9,12,2024,8:10,1,88,88513,2,2,1,6,Chemin des Saules,48,
2.02E+11,10,2,2024,18:26,5,69,69034,2,1,2,6,122 Rue Pasteur,45,
2.02E+11,21,11,2024,7:00,3,88,88090,1,3,1,3,Rue 75 79e Divisions Americaines,48,
2.02E+11,9,2,2024,14:55,1,971,97101,2,1,1,3,DOTHEMARE,16,
2.02E+11,21,5,2024,9:40,1,14,14726,2,1,2,7,2 Rue Joseph Requeut,48,
2.02E+11,10,2,2024,20:40,5,95,95585,2,6,2,6,D316,48,
2.02E+11,20,12,2024,17:00,3,84,84035,1,1,6,2,Route de Gordes,43,
2.02E+11,10,2,2024,19:40,5,95,95582,2,2,2,6,D14,48,
2.02E+11,18,12,2024,18:00,3,84,84026,1,3,1,4,D943,43,
2.02E+11,10,2,2024,18:10,5,88,88160,2,1,2,3,RENAN (RUE ERNEST-),48,
2.02E+11,17,12,2024,11:40,1,84,84116,2,1,1,6,Route de Nyons,44,
2.02E+11,10,2,2024,5:00,5,81,81004,2,1,2,6,AGRICULTEURS (DES),43,
2.02E+11,10,2,2024,11:10,1,78,78551,2,1,2,6,LYAUTEY (DU MARECHAL),48,
2.02E+11,12,12,2024,11:45,1,84,84086,1,2,1,3,Route du Four Neuf,43,
2.02E+11,9,2,2024,17:04,1,78,78146,2,1,2,1,MAISONS (ROUTE DE),48,
2.02E+11,9,12,2024,18:27,3,84,84118,1,4,1,6,D943,43,
2.02E+11,9,2,2024,16:50,1,77,77438,2,1,2,6,COURTILLIERE (AVENUE DE LA ),48,
2.02E+11,4,12,2024,12:38,1,84,84092,1,3,1,3,Route departementale D907,43,
2.02E+11,10,2,2024,19:30,3,76,76319,1,1,2,3,D938,49,
2.02E+11,25,11,2024,18:00,3,84,84099,1,1,1,1,Route de Gordes,43,
2.02E+11,10,2,2024,19:45,2,71,71486,2,1,1,6,JEAN DIDIER (RUE),46,
2.02E+11,21,11,2024,7:20,2,84,84043,2,9,1,6,Route d'Avignon,44,
2.02E+11,10,2,2024,13:45,1,69,69271,2,1,3,6,Avenue du Dauphiné,45,
2.02E+11,9,2,2024,18:30,3,66,66136,1,1,1,2,N/A,42,
2.02E+11,19,11,2024,18:15,3,84,84150,1,1,1,1,D 20 Route de Richerenches,44,
2.02E+11,10,2,2024,19:50,5,62,62270,2,1,3,6,D841,50,
2.02E+11,10,11,2024,14:30,1,84,84025,2,1,1,3,297 Route d?Apt,43,
2.02E+11,10,2,2024,18:30,5,59,59098,1,1,2,6,AUGER (RUE),50,
2.02E+11,20,10,2024,13:00,1,84,84003,1,1,1,6,d22,43,
2.02E+11,9,2,2024,15:15,1,59,59350,2,2,1,3,Rue de Wazemmes,50,
2.02E+11,29,9,2024,14:10,1,84,84051,1,1,1,5,D 145,43,
2.02E+11,10,2,2024,18:45,5,54,54395,2,1,2,6,viaduc Louis Marin,48,
2.02E+11,11,9,2024,9:30,1,84,84072,1,2,1,3,Route de Blauvac,44,
2.02E+11,10,2,2024,14:07,1,51,51454,2,1,2,6,MAISON BLANCHE (RUE) DU N°1 AU 73 ET DU,49,
2.02E+11,10,2,2024,2:50,5,51,51454,2,1,1,6,JAURES (AVENUE JEAN ) DU N° 61 A FIN,49,
2.02E+11,28,8,2024,12:00,1,84,84030,2,9,1,1,225 Avenue de l?Europe,44,
2.02E+11,9,2,2024,20:15,5,51,51454,2,1,2,6,HENRI IV (RUE),49,
2.02E+11,23,7,2024,16:50,1,84,84138,2,9,1,6,18 cours Victor Hugo,44,
2.02E+11,9,2,2024,16:35,1,51,51454,2,1,1,6,LUNDY (BOULEVARD),49,
2.02E+11,9,2,2024,7:50,2,46,46042,1,1,2,1,VIEILLE ROUTE DE PARIS,44,
2.02E+11,27,12,2024,16:49,1,28,28415,1,1,5,4,La Cote sous le Bois du Pr,48,
2.02E+11,10,2,2024,18:45,5,44,44143,2,9,2,6,121 Rue du Château d'Eau,47,
2.02E+11,25,12,2024,1:30,3,33,33143,1,1,2,4,N/A,44,
2.02E+11,12,12,2024,0:05,3,14,14543,1,1,1,7,Route de Bayeux,49,
2.02E+11,10,2,2024,15:25,1,35,35055,2,6,1,3,LOGES (RUE DES),48,
2.02E+11,30,10,2024,18:40,3,972,97213,1,1,1,3,ROUTE DEPARTEMENTALE 15,14,
2.02E+11,10,2,2024,18:40,5,34,34172,2,3,8,1,LA BLOTTIERE (RUE),43,
2.02E+11,23,10,2024,16:34,1,972,97213,1,1,1,2,ROUTE NATIONALE 1,14,
2.02E+11,10,2,2024,5:30,5,34,34172,2,1,3,7,MONDIAL 98 (AVENUE DU),43,
2.02E+11,8,9,2024,20:25,3,972,97213,1,1,9,1,ROUTE NATIONALE 1,14,
2.02E+11,10,2,2024,19:15,5,33,33063,2,1,2,3,N/A,44,
2.02E+11,15,8,2024,20:58,5,972,97213,2,2,1,3,HARDY DE SAINT-OMER (RUE),14,
2.02E+11,10,2,2024,11:00,1,33,33063,2,1,1,3,N/A,44,
2.02E+11,3,8,2024,14:25,1,972,97213,1,1,1,2,AUTOROUTE A1,14,
2.02E+11,9,2,2024,20:25,3,30,30243,1,1,2,7,753 montée des Cyprès,44,
2.02E+11,16,7,2024,18:00,2,972,97213,1,1,1,6,ROUTE DEPARTEMENTALE 3,14,
2.02E+11,10,2,2024,16:00,1,28,28404,2,9,2,6,NUISEMENT (CHEMIN DE),48,
2.02E+11,20,9,2024,19:15,1,62,62133,2,1,1,6,Rue Danton,50,
2.02E+11,9,2,2024,15:10,1,28,28134,1,1,1,4,RN 12 (DESCENTE ET PONT FERMAINCOURT),48,
2.02E+11,10,2,2024,10:25,1,27,27351,2,1,2,6,FORET (RUE DE LA),49,
2.02E+11,26,4,2024,17:43,1,49,49248,1,2,1,3,Le Tremblay,47,
2.02E+11,10,2,2024,15:00,1,14,14118,2,6,1,2,Rue d'Auge,49,
2.02E+11,30,11,2024,9:30,1,91,91552,1,1,1,5,RTE NATIONALE 20,48,
2.02E+11,10,2,2024,23:27,5,13,13203,2,1,1,1,BOUES (BOULEVARD),43,
2.02E+11,21,11,2024,8:23,1,91,91333,2,7,8,6,RUE PIERRE CURIE,48,
2.02E+11,10,2,2024,20:10,5,13,13206,2,2,1,3,BAILLE (BOULEVARD),43,
2.02E+11,8,11,2024,19:52,5,91,91549,2,7,1,6,PRESIDENT FRANKLIN ROOSEVELT (PL.DU),48,
2.02E+11,9,2,2024,18:00,5,13,13209,2,1,2,3,EMILE ZOLA (RUE),43,
2.02E+11,10,2,2024,7:00,5,6,6088,2,1,3,6,Promenade des Anglais,43,
2.02E+11,6,12,2024,7:40,3,57,57416,1,1,1,4,Autoroute A31,48,
2.02E+11,9,2,2024,22:35,5,75,75116,2,1,1,5,PORTE MAILLOT,48,
2.02E+11,4,12,2024,17:25,3,57,57647,1,9,8,3,Autoroute A30,49,
2.02E+11,8,2,2024,22:35,5,75,75108,2,2,3,6,PLACE SAINT AUGUSTIN,48,
2.02E+11,26,8,2024,19:00,1,2A,2A330,1,1,1,7,rt20,42,
2.02E+11,10,2,2024,21:05,5,75,75119,2,3,2,1,RUE DU MAROC,48,
2.02E+11,12,9,2024,23:50,5,72,72181,2,6,8,3,DEMORIEUX (BD) ENTRE HUISNE ET RD-POINT,47,
2.02E+11,10,2,2024,18:40,5,75,75119,2,3,2,7,AVENUE CORENTIN CARIOU,48,
2.02E+11,22,10,2024,22:25,3,59,59153,1,1,1,1,D935,50,
2.02E+11,30,12,2024,22:20,3,13,13215,1,1,1,7,A55-Sens Marseille vers Martigues,43,
2.02E+11,9,2,2024,23:40,5,75,75118,2,1,1,5,BOULEVARD DE ROCHECHOUART,48,
2.02E+11,19,11,2024,14:55,1,73,73008,2,1,2,6,SIMOND ST AVENUE,45,
2.02E+11,10,2,2024,19:30,5,75,75117,2,2,1,6,BOULEVARD DE COURCELLES,48,
2.02E+11,17,12,2024,8:00,2,78,78158,2,1,2,6,N/A,48,
2.02E+11,10,2,2024,3:15,5,75,75117,2,3,1,6,AVENUE DES TERNES,48,
2.02E+11,28,12,2024,18:55,5,22,22161,2,3,1,1,Rue Désiré le Bonniec,48,
2.02E+11,9,2,2024,19:15,5,75,75115,2,2,2,6,AVENUE DE SUFFREN,48,
2.02E+11,30,12,2024,7:10,5,22,22176,2,6,1,3,rond point de bembridge,48,
2.02E+11,10,2,2024,17:55,1,75,75108,2,2,2,6,AVENUE FRANKLIN D ROOSEVELT,48,
2.02E+11,3,12,2024,21:00,3,22,22171,1,1,2,3,ldit le colombier,48,
2.02E+11,10,2,2024,1:55,5,75,75108,2,2,1,3,RUE LA BOETIE,48,
2.02E+11,30,12,2024,15:30,1,22,22045,1,3,8,3,Kerlabo,48,
2.02E+11,10,2,2024,19:00,5,94,94003,2,1,2,2,65 Avenue Paul Vaillant-Couturier,48,
2.02E+11,10,2,2024,14:50,1,94,94076,2,1,2,1,90 Rue de Chevilly,48,
2.02E+11,8,11,2024,23:20,3,71,71040,1,1,1,3,RN 70 (ROUTE EXPRESS),46,
2.02E+11,9,2,2024,6:48,5,93,93064,2,9,2,6,Avenue du Général de Gaulle / A86,48,
2.02E+11,20,7,2024,11:34,1,39,39078,1,2,1,3,N/A,47,
2.02E+11,10,2,2024,3:15,5,93,93006,2,2,1,3,Rue Robespierre / Rue Victor Hugo,48,
2.02E+11,8,11,2024,16:25,1,43,43012,2,6,1,3,Avenue de Firminy,45,
2.02E+11,10,2,2024,12:45,1,92,92046,2,1,2,6,PIERRE VALETTE (RUE),48,
2.02E+11,15,11,2024,19:40,2,59,59360,2,8,1,6,rue Jules Ferry,50,
2.02E+11,10,2,2024,16:30,1,92,92051,2,1,2,6,CHARLES DE GAULLE (AVENUE,,
2.02E+11,12,12,2024,7:50,1,84,84087,2,1,1,1,FOCH (AVENUE MARECHAL),44,
2.02E+11,10,2,2024,12:00,1,92,92050,2,7,2,6,FOCH MARECHAL PLACE DU,48,
2.02E+11,30,12,2024,7:40,5,60,60057,2,1,2,1,Avenue Président J.F. Kennedy,49,
2.02E+11,10,2,2024,13:15,1,92,92049,2,3,2,3,DORMOY AVENUE MARX N°102 A FIN,48,
2.02E+11,15,11,2024,2:23,3,28,28417,1,1,2,6,D983,48,
2.02E+11,10,2,2024,7:10,5,92,92020,2,1,1,7,PAIX AVENUE DE LA N°1 A 55 ET 2 A 70,48,
2.02E+11,10,2,2024,20:20,5,92,92012,2,1,2,3,GEORGES GORSE (QUAI),48,
2.02E+11,28,11,2024,16:30,1,84,84031,2,3,1,3,COUBERTIN AVENUE PIERRE DE,44,