Num_Acc,jour,mois,an,hrmn,lum,dep,com,agg,int,atm,col,adr,lat,long
2.02E+11,22,11,2024,18:32,3,84,84080,1,1,1,6,PERNES ROUTE DE,44,
2.02E+11,9,2,2024,17:40,2,92,92004,2,2,2,3,MARNE   ( AVENUE DE LA ),48,
2.02E+11,11,2,2024,8:45,1,51,51040,2,1,1,6,Avenue Michel,48,
2.02E+11,30,12,2024,8:20,1,38,38544,2,1,1,6,BERTHELOT(AV),45,
2.02E+11,11,2,2024,0:30,3,2A,2A094,1,1,3,6,#D757 Corrano#,41,
2.02E+11,11,2,2024,15:00,1,86,86162,1,1,8,6,Boué,46,
2.02E+11,16,12,2024,12:00,1,38,38544,2,6,1,3,D41,45,
2.02E+11,10,2,2024,20:05,3,11,11069,1,1,1,2,A61,43,
2.02E+11,15,11,2024,18:20,3,38,38516,2,1,1,3,Avenue Maréchal Randon,45,
2.02E+11,9,2,2024,19:00,3,68,68097,2,1,1,6,Route départementale 11,48,
2.02E+11,10,2,2024,22:10,5,972,97203,2,1,8,6,route national 1,14,
2.02E+11,19,11,2024,11:20,1,987,98724,2,1,1,2,RT 111,,
2.02E+11,26,12,2024,13:15,1,62,62160,2,9,1,3,Boulevard de l’Europe,50,
2.02E+11,11,2,2024,15:00,1,30,30209,1,6,1,1,N/A,43,
2.02E+11,20,12,2024,16:00,1,62,62758,2,3,1,6,Route de Saint Omer,50,
2.02E+11,11,2,2024,5:45,3,83,83131,1,1,1,1,Route Départementale 554,43,
2.02E+11,14,12,2024,22:50,3,62,62194,2,1,8,7,Rue de Wavrans,50,
2.02E+11,10,2,2024,21:18,3,62,62611,1,1,1,6,D5,50,
2.02E+11,11,2,2024,12:00,1,56,56034,1,1,1,7,Route de Kerloquet,47,
2.02E+11,15,11,2024,18:30,4,62,62555,2,1,1,6,D70,50,
2.02E+11,10,2,2024,20:20,3,80,80522,1,1,2,6,D211,49,
2.02E+11,11,2,2024,1:00,3,11,11254,1,1,2,6,route départementale 119,43,
2.02E+11,10,2,2024,8:30,1,61,61028,1,1,2,6,D909,48,
2.02E+11,11,2,2024,12:10,1,25,25586,1,1,2,7,la Bégelle,47,
2.02E+11,11,2,2024,19:35,3,44,44067,1,1,1,6,21 la Belle Epine de Gascaigne,47,
2.02E+11,12,12,2024,17:50,5,44,44132,1,1,1,3,Route de Guérande,47,
2.02E+11,10,2,2024,20:35,3,44,44146,1,1,1,7,Le Hypean,47,
2.02E+11,21,12,2024,23:30,3,32,32446,2,1,3,7,D3,43,
2.02E+11,7,2,2024,5:30,3,29,29244,1,1,2,2,D32,48,
2.02E+11,11,2,2024,4:50,5,31,31033,2,1,1,6,21 Boulevard Notre Dame,43,
2.02E+11,6,11,2024,17:15,1,32,32319,2,1,1,1,Rue de Barbat,43,
2.02E+11,10,2,2024,11:00,1,38,38439,1,1,2,6,d525,45,
2.02E+11,31,12,2024,11:30,1,43,43154,1,1,1,1,N88,44,
2.02E+11,10,2,2024,18:00,2,2,2748,1,1,2,6,Route de Dormans,49,
2.02E+11,18,7,2024,19:40,1,91,91521,2,3,1,3,Rue Edmond Bonté,48,
2.02E+11,11,2,2024,7:40,1,72,72071,2,1,1,6,5 Chemin de Goulard,47,
2.02E+11,24,12,2024,19:40,5,62,62194,2,2,1,1,RUE DE CALONNE,50,
2.02E+11,11,2,2024,2:00,3,60,60026,1,2,1,3,RD 149,49,
2.02E+11,11,2,2024,17:50,1,43,43218,1,1,1,1,PK 47+300 RN 88,45,
2.02E+11,11,2,2024,19:40,3,16,16137,1,1,1,6,cd 4,45,
2.02E+11,11,2,2024,15:00,1,7,7313,1,1,3,6,D820,45,
2.02E+11,14,10,2024,20:10,3,17,17291,1,1,1,2,N11,46,
2.02E+11,9,2,2024,19:40,5,8,8282,2,1,2,6,N/A,49,
2.02E+11,8,2,2024,21:50,4,1,1274,1,1,2,6,Autoroute A40,,
2.02E+11,26,10,2024,19:15,3,32,32296,1,1,2,3,D931 PK65+584,43,
2.02E+11,11,2,2024,18:35,3,42,42279,1,1,1,2,D498,45,
2.02E+11,17,11,2024,14:46,1,13,13117,2,3,1,2,MOULIN ( AVENUE JEAN),43,
2.02E+11,9,2,2024,16:30,1,976,97613,2,1,2,6,Rue de College - Chembenyoumba,-12,
2.02E+11,17,3,2024,22:30,5,75,75117,2,3,1,3,AVENUE DE LA PORTE DE CLICHY,48,
2.02E+11,11,2,2024,7:15,2,69,69268,1,1,1,1,Route Départementale 386,45,
2.02E+11,11,2,2024,17:00,1,13,13114,1,1,1,2,Ancien Chemin d?Aix Bas,43,
2.02E+11,27,12,2024,17:40,3,38,38053,1,1,5,4,JOLIOT CURIE,45,
2.02E+11,11,2,2024,13:55,1,62,62079,1,1,2,6,A1,50,
2.02E+11,26,11,2024,15:50,1,74,74281,2,1,7,6,RONDE (CHEMIN DE),46,
2.02E+11,11,2,2024,3:15,3,977,97701,1,1,2,6,Route de St Jean,17,
2.02E+11,28,12,2024,14:50,1,74,74159,1,1,8,1,D1205,46,
2.02E+11,15,12,2024,2:00,5,74,74116,1,3,2,3,D1203,46,
2.02E+11,9,2,2024,19:30,3,34,34344,1,1,1,5,D62,43,
2.02E+11,18,12,2024,17:20,3,74,74282,2,1,1,1,2806 Route Impériale,45,
2.02E+11,10,2,2024,6:00,3,83,83068,1,1,3,1,Route Départementale N°558,43,
2.02E+11,11,2,2024,15:07,1,6,6070,1,1,1,7,Route de Gentelly,43,
2.02E+11,3,12,2024,12:05,1,74,74264,2,2,1,1,29 Avenue de la colombière,46,
2.02E+11,2,12,2024,17:30,5,74,74264,2,1,2,7,Avenue du mont blanc,46,
2.02E+11,11,2,2024,11:38,1,13,13014,1,1,1,7,Voie Jean Pierre Lyon,43,
2.02E+11,10,2,2024,14:45,1,57,57303,2,3,1,3,Route de maizières,49,
2.02E+11,2,11,2024,20:15,3,14,14227,1,1,1,5,Route de Lisieux,49,
2.02E+11,10,2,2024,23:45,3,73,73307,1,1,1,7,Rue de la Chenalette,45,
2.02E+11,11,2,2024,6:30,2,42,42089,1,1,2,6,1400 Route des Everts,45,
2.02E+11,10,2,2024,18:30,5,38,38344,2,1,2,6,35 Route de Valence,45,
2.02E+11,29,12,2024,17:25,1,971,97107,2,1,1,7,USINE (RUE DE L'),16,
2.02E+11,8,2,2024,18:40,5,33,33473,2,1,2,1,N/A,45,
2.02E+11,29,11,2024,10:00,1,34,34108,2,6,1,3,ROND POINT SALVADOR ALLENDE,43,
2.02E+11,26,12,2024,20:46,5,78,78190,2,1,1,6,N/A,48,
2.02E+11,9,2,2024,23:00,3,59,59535,1,9,1,3,Route du Mont Noir,50,
2.02E+11,7,9,2024,21:10,4,33,33281,1,1,1,6,N/A,44,
2.02E+11,10,2,2024,6:47,3,13,13071,1,1,3,6,A51-Sens Aix en Provence vers Marseille,43,
2.02E+11,6,12,2024,19:30,5,35,35281,2,2,1,3,rue des 25 Fusillés,48,
2.02E+11,9,2,2024,14:00,1,83,83137,1,1,2,6,A57,43,
2.02E+11,27,11,2024,16:20,1,35,35178,1,1,1,7,N/A,48,
2.02E+11,6,2,2024,18:02,3,67,67365,1,1,1,4,M35,48,
2.02E+11,25,9,2024,10:48,1,49,49015,2,2,2,3,N/A,47,
2.02E+11,10,2,2024,4:40,5,33,33487,1,1,3,1,N/A,44,
2.02E+11,1,12,2024,17:30,1,972,97217,1,1,1,3,La Duprey,14,
2.02E+11,10,2,2024,0:45,4,33,33550,1,1,3,6,N/A,44,
2.02E+11,25,10,2024,12:30,1,61,61339,2,1,2,2,D909,48,
2.02E+11,10,2,2024,18:00,2,91,91136,1,1,2,6,AUTOROUTE A10,48,
2.02E+11,27,10,2024,12:55,1,972,97209,2,1,1,2,RD 41 (ROCADE),14,
2.02E+11,29,10,2024,14:25,1,972,97209,1,1,1,6,AUTOROUTE (A1),14,
2.02E+11,10,2,2024,14:30,1,78,78640,1,1,2,6,A86 INT,48,
2.02E+11,27,10,2024,23:54,5,972,97213,1,1,2,2,AUTOROUTE A1,14,
2.02E+11,26,10,2024,18:46,3,972,97213,1,1,1,1,ROUTE DEPARTEMENTALE 3,14,
2.02E+11,10,2,2024,15:30,1,78,78321,1,1,3,6,RN12 INT,48,
2.02E+11,18,10,2024,6:45,1,972,97213,1,1,1,2,ROUTE NATIONALE 5,14,
2.02E+11,17,10,2024,9:00,1,972,97209,2,1,1,5,REDOUTE (ROUTE DE LA),14,
2.02E+11,16,10,2024,14:35,1,972,97209,2,1,1,2,RD 41 (ROCADE),14,
2.02E+11,10,2,2024,17:45,2,92,92036,1,1,2,2,AUTOROUTE A15,48,
2.02E+11,10,2,2024,10:00,1,95,95241,1,1,2,6,N104,49,
2.02E+11,9,10,2024,8:15,1,972,97213,1,2,1,3,ROUTE DEPARTEMENTALE 3,14,
2.02E+11,10,2,2024,5:00,3,95,95277,1,1,1,2,A3,48,
2.02E+11,9,2,2024,23:00,5,988,98818,2,1,1,1,RUE ADOLPHE ET LOUISE LAPLAGNE,-22,
2.02E+11,8,10,2024,19:10,3,972,97213,1,1,1,4,ROUTE NATIONALE 5,14,
2.02E+11,9,2,2024,6:15,2,974,97407,1,9,1,7,ROUTE DU SACRE COEUR,-20,
2.02E+11,8,10,2024,6:40,1,972,97213,1,1,1,2,ROUTE NATIONALE 5,14,
2.02E+11,9,2,2024,12:40,1,973,97302,2,1,1,3,BADUEL (ROUTE DE),4,
2.02E+11,2,10,2024,2:05,5,972,97213,1,1,1,2,ROUTE DEPARTEMENTALE 15,14,
2.02E+11,9,2,2024,10:30,1,973,97302,1,1,1,2,ROUTE NATIONALE 1,4,
2.02E+11,26,9,2024,6:10,1,972,97213,1,9,3,6,ROUTE DEPARTEMENTALE 15,14,
2.02E+11,18,9,2024,18:20,5,972,97209,1,1,1,2,RD 41 (ROCADE),14,
2.02E+11,9,2,2024,9:35,1,973,97302,1,4,1,2,ROUTE NATIONALE 1,4,
2.02E+11,15,9,2024,18:10,4,972,97213,1,9,1,7,AUTOROUTE A1,14,
2.02E+11,9,2,2024,7:45,1,973,97302,2,1,1,6,BADUEL (ROUTE DE),4,
2.02E+11,10,9,2024,5:55,1,972,97213,1,1,1,3,ROUTE DEPARTEMENTALE 3,14,
2.02E+11,9,2,2024,10:50,1,69,69387,2,2,2,3,Avenue Tony Garnier,45,
2.02E+11,23,8,2024,13:10,1,972,97209,1,4,1,6,RD 41,14,
2.02E+11,9,2,2024,1:00,4,972,97213,1,1,1,7,ROUTE DEPARTEMENTALE 3,14,
2.02E+11,18,8,2024,10:15,1,972,97213,2,1,1,3,ROUTE DEPARTEMENTALE 13,14,
2.02E+11,9,2,2024,14:45,1,2B,2B037,2,1,1,2,TOUTES RUES,42,
2.02E+11,7,8,2024,16:30,1,972,97213,1,1,1,3,AUTOROUTE A1,14,
2.02E+11,9,2,2024,10:35,1,2B,2B033,2,1,1,6,SAMPIERO CORSO - AV,42,
2.02E+11,30,7,2024,12:45,1,972,97213,1,3,1,3,ROUTE DEPARTEMENTALE 15,14,
2.02E+11,8,2,2024,9:45,1,971,97120,1,1,1,3,GERTY ARCHIMEDE (RESIDENCE),16,
2.02E+11,25,10,2024,15:05,1,81,81002,1,6,1,3,N112,43,
2.02E+11,9,2,2024,16:03,1,2A,2A004,2,9,2,3,ALATA ROUTE,41,
2.02E+11,28,10,2024,17:15,2,80,80160,1,1,7,5,A29 - PK 198 - Sens LONGUEAU - DURY,49,
2.02E+11,9,2,2024,7:30,3,95,95500,2,3,8,6,D915,49,
2.02E+11,28,12,2024,23:45,3,28,28229,1,3,2,2,D939,48,
2.02E+11,9,2,2024,19:00,5,91,91471,2,9,1,6,LOUISE WEISS (RUE),48,
2.02E+11,27,12,2024,23:00,3,28,28405,1,2,5,2,N12,48,
2.02E+11,9,2,2024,5:20,5,91,91434,2,2,1,3,COMPIEGNE (VOIE DE),48,
2.02E+11,12,12,2024,11:50,1,38,38563,2,1,7,6,Avenue Docteur Valois,45,
2.02E+11,8,2,2024,11:45,1,83,83137,2,4,1,3,LOUVOIS (BD),43,
2.02E+11,11,1,2024,14:05,1,78,78640,2,1,1,6,EUROPE (AVENUE DE L'),48,
2.02E+11,21,12,2024,18:45,5,38,38563,2,1,1,1,Avenue de Paviot,45,
2.02E+11,6,11,2024,13:30,1,24,24557,2,1,1,6,GRANDOU (AVENUE MICHEL),45,
2.02E+11,7,6,2024,10:30,1,91,91286,1,1,1,3,AUTOROUTE A6,48,
2.02E+11,6,12,2024,7:30,3,84,84095,1,1,1,2,Jas de Puyvert,43,
2.02E+11,7,6,2024,8:50,1,91,91589,1,1,1,2,AUTOROUTE A6,48,
2.02E+11,9,2,2024,20:45,5,72,72181,2,1,2,3,PADERBORN (AV) CONTRE ALLEE,48,
2.02E+11,29,11,2024,23:40,5,84,84087,1,1,1,3,FONTANELLE (CHEMIN),44,
2.02E+11,6,6,2024,18:45,1,92,92036,1,1,1,2,A86,48,
2.02E+11,8,2,2024,20:15,5,72,72181,2,1,2,2,RUBILLARD AV N° PAIRS 2 A 116,48,
2.02E+11,1,12,2024,16:40,1,74,74281,2,1,1,1,EVIAN (AVENUE D'),46,
2.02E+11,23,11,2024,4:00,5,38,38563,1,6,9,6,rocade ouest,45,
2.02E+11,6,6,2024,12:30,1,78,78242,1,1,1,2,A12 Y,48,
2.02E+11,9,2,2024,12:35,1,71,71306,2,1,1,6,ALOUETTES (AVENUE DES),46,
2.02E+11,19,11,2024,16:00,1,75,75118,2,1,3,3,BOULEVARD DE LA CHAPELLE,48,
2.02E+11,9,2,2024,15:35,1,71,71270,2,6,3,3,Rond point des médaillers militaires,46,
2.02E+11,7,6,2024,11:05,1,93,93053,1,1,1,2,A86,48,
2.02E+11,25,12,2024,6:50,5,93,93007,2,3,2,2,Avenue Descartes / Rue Edouard Renault,48,
2.02E+11,8,2,2024,16:55,1,71,71076,2,1,1,3,LOUIS JACQUES THENARD (RUE),46,
2.02E+11,7,6,2024,11:30,1,93,93027,1,1,1,2,A86,48,
2.02E+11,15,12,2024,10:04,1,93,93007,2,1,1,6,CHARLES FLOQUET (AVENUE),48,
2.02E+11,7,6,2024,11:30,1,93,93001,1,1,1,2,A86,48,
2.02E+11,9,2,2024,19:50,2,69,69276,1,6,2,2,Route Départementale 312,45,
2.02E+11,8,12,2024,22:00,5,93,93007,2,1,2,3,PASTEUR (AVENUE),48,
2.02E+11,8,10,2024,18:20,1,93,93007,2,1,2,6,DANIEL CASANOVA (CITE),48,
2.02E+11,7,6,2024,7:10,1,93,93066,1,1,1,5,A86,48,
2.02E+11,8,2,2024,14:25,1,69,69029,2,1,1,3,Boulevard des Droits de l'Homme,45,
2.02E+11,21,8,2024,13:45,1,93,93007,2,3,1,3,Avenue Paul Vaillant Couturier,48,
2.02E+11,9,2,2024,18:15,3,67,67267,2,3,2,6,MOLKENBRONN (RUE DU),48,
2.02E+11,7,6,2024,2:50,4,93,93048,1,1,1,2,A3,48,
2.02E+11,19,7,2024,17:30,1,93,93007,2,3,1,3,Avenue de la République / Rue Richard Wagner,48,
2.02E+11,18,7,2024,2:10,5,93,93007,2,3,1,6,PASTEUR (AVENUE),48,
2.02E+11,9,2,2024,16:30,1,67,67482,2,9,2,5,M35 (BRETELLE ECHANGEUR),48,
2.02E+11,21,10,2024,7:15,2,17,17224,1,2,1,3,RD 939 / RD 121,45,
2.02E+11,16,2,2024,19:30,5,84,84031,2,6,1,3,EISENHOWER AVENUE DWIGHT,44,
2.02E+11,17,7,2024,17:40,1,93,93007,2,1,1,3,Avenue de la Division Leclerc,48,
2.02E+11,6,6,2024,9:00,1,974,97411,2,1,1,7,MONTHYON (RUE),-20,
2.02E+11,9,2,2024,14:15,1,67,67482,2,8,1,3,VOSGES (AVENUE DES),48,
2.02E+11,23,10,2024,15:30,1,87,87103,2,1,1,6,17 Rue du Collège,46,
2.02E+11,16,7,2024,18:40,1,93,93007,2,2,1,3,Avenue du Capitaine Fonck / Avenue Marcel Alizard,48,
2.02E+11,9,2,2024,15:00,1,65,65226,1,1,1,6,PAU (ROUTE DE),43,
2.02E+11,6,6,2024,13:25,1,973,97302,2,6,1,3,BADUEL (ROND POINT DE),4,
2.02E+11,24,10,2024,7:36,2,8,8491,1,1,5,6,RD5,49,
2.02E+11,15,12,2024,18:45,3,73,73010,1,1,1,6,Route de Droisette,45,
2.02E+11,9,2,2024,8:10,1,64,64024,2,6,2,2,COMPAGNET (GIRATOIRE DE),43,
2.02E+11,6,6,2024,8:00,1,973,97302,2,3,1,3,ZEPHIR (ROCADE),4,
2.02E+11,24,10,2024,7:15,2,8,8361,1,4,1,3,D988,49,
2.02E+11,9,2,2024,7:47,1,63,63113,2,1,1,3,BUGHES (PLACE DES),45,
2.02E+11,31,12,2024,4:45,3,28,28398,1,1,2,2,Autoroute A11,,
2.02E+11,6,6,2024,18:30,1,69,69387,2,4,1,3,Rue Domer,45,
2.02E+11,23,10,2024,19:25,3,68,68066,1,1,1,3,A35 PK 066+200,48,
2.02E+11,29,12,2024,18:48,5,60,60175,2,1,5,6,Square Gerard de Nerval,49,
2.02E+11,2,2,2024,11:45,1,59,59501,2,1,1,4,LANOY SUZANNE(RUE),50,
2.02E+11,6,6,2024,15:10,1,69,69383,2,2,2,3,Rue Etienne Richerand,45,
2.02E+11,8,2,2024,21:29,5,57,57672,2,1,1,6,AMERIQUE (CHAUSSEE D'),49,
2.02E+11,5,6,2024,17:05,1,972,97209,1,1,1,2,AUTOROUTE (A1),14,
2.02E+11,22,10,2024,7:35,1,987,98715,2,9,1,3,Voie d'insertion aéroport de TAHITI-FAA'A,-17,
2.02E+11,8,2,2024,10:45,1,57,57306,2,1,2,6,TOURNEUR (RUE) ,49,
2.02E+11,6,6,2024,16:45,1,971,97105,1,1,1,6,SIDAMBAROM(AVENUE),15,
2.02E+11,23,10,2024,6:40,2,987,98714,1,1,1,7,Tereva,-16,
2.02E+11,6,6,2024,8:19,1,2A,2A004,2,1,1,3,N/A,41,
2.02E+11,9,2,2024,12:30,1,56,56098,2,1,1,3,MITTERAND ( AV. FRANCOIS ),47,
2.02E+11,6,6,2024,14:30,1,95,95585,2,2,1,6,ALBERT CAMUS (BOULEVARD),48,
2.02E+11,6,6,2024,17:05,1,91,91339,2,1,1,6,RUE DES ECOLES,48,
2.02E+11,9,2,2024,19:30,5,54,54395,2,1,2,6,Rue de Badonviller,48,
2.02E+11,24,10,2024,13:27,1,971,97117,1,3,1,3,Boisvin,16,
2.02E+11,6,6,2024,8:00,1,91,91477,2,3,1,1,COSMONAUTES (AVENUE DES),48,
2.02E+11,9,2,2024,9:00,1,54,54547,2,3,1,3,Avenue du Reclus,48,
2.02E+11,24,10,2024,9:55,1,41,41155,1,1,1,3,D103,47,
2.02E+11,8,2,2024,15:00,1,54,54395,2,1,2,6,Rue du Faubourg des Trois Maisons,48,
2.02E+11,5,6,2024,18:40,1,87,87085,2,3,1,3,GAY-LUSSAC (COURS),45,
2.02E+11,9,2,2024,10:40,1,51,51454,2,1,1,6,RUISSELET (RUE),49,
2.02E+11,2,10,2024,19:40,5,45,45042,2,2,2,3,39 Rue Nationale,47,
2.02E+11,8,2,2024,18:35,5,51,51454,2,6,2,6,COURCELLES (RUE DE) DU 223 A FIN ET 102,49,
2.02E+11,22,10,2024,18:35,2,77,77339,1,1,1,7,D410,48,
2.02E+11,5,6,2024,10:30,1,84,84007,2,1,1,4,TARASCON ( Avenue de),43,
2.02E+11,9,2,2024,21:01,5,49,49007,2,6,1,3,ONZE NOVEMBRE 1918 AVENUE,47,
2.02E+11,23,10,2024,6:25,5,78,78171,2,1,5,1,D983,48,
2.02E+11,6,6,2024,19:00,1,83,83137,2,3,1,3,FERRIE (RUE GENERAL),43,
2.02E+11,23,10,2024,16:05,1,30,30155,2,1,1,7,10 Rue du Fort,43,
2.02E+11,6,6,2024,9:10,1,83,83153,2,1,1,6,MARIE FLICHE BERGIS (AV),43,
2.02E+11,8,2,2024,8:30,1,49,49007,2,1,2,4,LIBERTE BOULEVARD,47,
2.02E+11,23,10,2024,21:45,3,13,13094,1,1,1,1,D99,43,
2.02E+11,6,6,2024,14:12,1,81,81004,2,1,1,6,TEYSSIER (AV DU COLONEL),43,
2.02E+11,9,2,2024,7:15,5,45,45284,2,3,1,3,72 Rue de Charbonnière,47,
2.02E+11,6,6,2024,23:00,5,79,79191,2,1,1,6,N/A,46,
2.02E+11,5,6,2024,16:40,1,77,77085,2,1,1,1,Rue des Temps Modernes,48,
2.02E+11,24,10,2024,19:00,5,25,25284,2,3,1,3,Rue de la Libération,47,
2.02E+11,9,2,2024,19:40,5,44,44109,2,3,2,3,13 Rue de la Brasserie,47,
2.02E+11,6,6,2024,19:45,2,72,72181,2,1,1,6,CUGNOT NICOLAS (BD),47,
2.02E+11,9,2,2024,14:50,1,44,44109,2,1,1,6,Route de la Chapelle Sur Erdre,47,
2.02E+11,24,10,2024,0:58,3,21,21699,1,1,1,6,D905,47,
2.02E+11,5,6,2024,8:09,1,71,71270,2,6,1,1,RD POINT DES NEUFS CLES,46,
2.02E+11,3,2,2024,16:40,1,43,43046,2,1,1,7,Route de l'Observatoire,45,
2.02E+11,6,6,2024,21:10,1,69,69266,2,1,1,3,Rue Henri Legay,45,
2.02E+11,23,10,2024,17:36,1,52,52416,1,1,1,3,D132a,48,
2.02E+11,6,6,2024,19:20,1,69,69386,2,2,1,3,Rue Garibaldi,45,
2.02E+11,6,6,2024,18:00,1,69,69275,2,1,1,2,43 Rue Sully,45,
2.02E+11,9,2,2024,22:05,5,37,37261,2,3,1,3,WAGNER (BOULEVARD RICHARD),47,
2.02E+11,24,10,2024,10:10,1,68,68072,1,3,1,1,D201,47,
2.02E+11,6,6,2024,9:30,1,69,69256,2,4,1,6,Avenue du 8 Mai 1945,45,
2.02E+11,6,6,2024,8:25,1,69,69259,2,1,1,6,Avenue Marcel Paul,45,
2.02E+11,18,10,2024,8:45,1,57,57433,2,6,1,6,D112F,49,
2.02E+11,6,6,2024,3:25,5,68,68224,2,1,1,7,Rue Jules Verne,47,
2.02E+11,9,2,2024,13:30,1,35,35278,1,1,2,4,RD 137,48,
2.02E+11,6,6,2024,21:55,5,67,67482,2,4,1,3,JEAN MERMOZ (RUE),48,
2.02E+11,24,10,2024,18:00,1,42,42037,1,1,1,5,D8,45,
2.02E+11,7,2,2024,18:35,2,34,34301,2,1,1,3,BLANC CAMILLE (BOULEVARD),43,
2.02E+11,6,6,2024,16:25,1,64,64269,2,6,1,3,TARBES DE,43,
2.02E+11,24,10,2024,7:45,2,17,17146,1,1,1,1,N/A,45,
2.02E+11,6,6,2024,16:50,1,64,64348,2,1,1,3,SALIE,43,
2.02E+11,9,2,2024,21:45,5,34,34172,2,1,1,2,RIMBAUD (RUE PAUL),43,
2.02E+11,6,6,2024,8:50,1,64,64284,2,3,1,3,GUINDALOS DE,43,
2.02E+11,20,9,2024,18:50,1,33,33382,2,1,1,3,N/A,45,
2.02E+11,5,6,2024,8:10,1,64,64445,2,1,1,2,CONDORCET,43,
2.02E+11,9,2,2024,14:24,1,34,34172,2,1,1,3,ITALIE (PLACE D'),43,
2.02E+11,6,6,2024,18:15,1,64,64024,2,1,1,3,rond point de bahinos,43,
2.02E+11,23,10,2024,17:45,1,49,49301,1,1,7,3,La Petite Gaudinière (Tillières),47,
2.02E+11,6,6,2024,15:00,1,64,64024,2,1,1,2,BAB (BOULEVARD DU),43,
2.02E+11,23,10,2024,15:05,1,44,44172,2,1,1,6,34 Rue du Président Coty,47,
2.02E+11,9,2,2024,21:30,5,33,33063,2,2,1,3,N/A,44,
2.02E+11,6,6,2024,9:35,1,64,64024,2,1,1,2,ADOUR (AVENUE DE L'),43,
2.02E+11,9,2,2024,20:00,5,31,31555,1,1,1,3,VA007553 A61,43,
2.02E+11,22,10,2024,10:20,1,35,35015,1,1,5,1,RD 178,48,
2.02E+11,6,6,2024,8:20,1,64,64102,2,1,1,3,MOLINIE (AVENUE JEAN),43,
2.02E+11,3,2,2024,19:35,3,30,30028,2,9,1,7,N/A,44,
2.02E+11,5,6,2024,18:07,1,64,64102,2,3,1,3,NAVARRE (AVENUE HENRI DE),43,
2.02E+11,24,10,2024,18:10,1,2,2443,1,1,1,6,N/A,49,
2.02E+11,5,6,2024,11:20,1,64,64102,2,9,1,3,FAIENCERIE(Rond Point de la),43,
2.02E+11,22,10,2024,17:55,2,59,59139,2,6,1,1,Rue Stephenson,50,
2.02E+11,8,2,2024,12:23,1,29,29019,1,4,2,5,chemin du Grand Kervao,48,
2.02E+11,5,6,2024,9:20,1,64,64102,2,6,1,3,RESPLANDY (AVENUE DU CAPITAINE),43,
2.02E+11,7,2,2024,17:10,1,29,29019,2,1,2,6,rue Victor Eusen,48,
2.02E+11,19,10,2024,20:50,3,1,1275,1,1,1,2,A42 4.329 A 5.760   LYON/GEN,45,
2.02E+11,5,6,2024,20:15,1,62,62194,2,6,1,3,D341,50,
2.02E+11,6,6,2024,11:30,1,62,62193,2,6,1,6,Avenue Pierre de Coubertin,50,
2.02E+11,22,10,2024,5:25,3,57,57356,1,1,1,2,Autoroute A31,49,
2.02E+11,5,6,2024,17:20,1,59,59512,2,3,1,3,Rue Turgot,50,
2.02E+11,23,10,2024,9:00,1,78,78423,1,1,5,6,RN12,48,
2.02E+11,9,2,2024,7:50,1,27,27375,2,6,1,2,THOREL (PLACE ERNEST),49,
2.02E+11,6,6,2024,8:50,1,59,59378,1,6,1,3,STRATEGIQUE PAVE,50,
2.02E+11,22,10,2024,5:30,4,78,78402,1,1,1,6,A13,48,
2.02E+11,8,2,2024,7:55,2,27,27229,2,9,2,6,QUATORZE JUILLET (BOULEVARD),49,
2.02E+11,5,6,2024,6:40,2,59,59009,1,1,1,6,Boulevard du Breucq,50,
2.02E+11,5,6,2024,15:40,1,59,59183,2,3,1,6,REPUBLIQUE,51,
2.02E+11,9,2,2024,20:05,5,25,25056,2,1,2,3,CASSOTTE  RUE DE LA,47,
2.02E+11,22,10,2024,21:45,3,93,93005,1,1,1,4,AUTOROUTE A3,48,
2.02E+11,5,6,2024,18:32,1,56,56121,2,2,1,3,Cours Louis de Chazelles,47,
2.02E+11,5,2,2024,16:13,1,19,19275,2,3,1,1,CLERMONT (AVENUE) N° PAIRS,45,
2.02E+11,23,10,2024,17:30,1,77,77146,1,1,1,3,A4.W,48,
2.02E+11,5,6,2024,16:20,1,54,54025,2,1,1,2,Avenue de la Chartreuse,48,
2.02E+11,6,2,2024,16:45,1,14,14327,2,3,1,3,9 Rue Abbé Lucas,49,
2.02E+11,5,6,2024,12:00,1,54,54395,2,1,1,6,Avenue Raymond Pinchard,48,
2.02E+11,23,10,2024,11:40,1,77,77169,1,1,1,2,RN104,48,
2.02E+11,8,2,2024,15:00,1,13,13213,2,1,1,3,CHEMIN DU MERLAN A LA ROSE ,43,
2.02E+11,17,5,2024,16:45,1,54,54273,2,1,3,1,Route de Tichemont,49,
2.02E+11,22,10,2024,23:50,3,94,94022,1,1,1,2,A86,48,
2.02E+11,9,2,2024,19:29,5,13,13001,2,1,2,1,ROI RENE (BD DU),43,
2.02E+11,5,6,2024,18:25,1,51,51058,2,3,1,3,SACY (RUE),49,
2.02E+11,8,2,2024,19:20,5,12,12202,2,1,1,7,GINESTE (AVENUE DE LA),44,
2.02E+11,5,6,2024,12:50,1,51,51454,2,1,1,2,GERUZEZ (RUE),49,
2.02E+11,8,2,2024,10:03,1,10,10387,2,1,2,6,Avenue des Lombards,48,
2.02E+11,22,10,2024,21:00,3,77,77438,1,1,1,6,A104,48,
2.02E+11,5,6,2024,11:10,1,51,51454,2,2,1,3,ALBERT 1ER (BOULEVARD),49,
2.02E+11,9,2,2024,18:25,5,6,6069,2,1,2,3,Chemin des Capucins,43,