Num_Acc,jour,mois,an,hrmn,lum,dep,com,agg,int,atm,col,adr,lat,long
2.02E+11,8,6,2024,22:00,2,35,35253,1,2,1,6,N/A,48,
2.02E+11,5,6,2024,7:27,1,49,49007,2,1,1,3,LAC DE MAINE AVENUE,47,
2.02E+11,8,2,2024,5:00,3,2,2738,1,9,2,2,N/A,49,
2.02E+11,6,6,2024,8:15,1,47,47001,2,1,2,6,PONT DE PIERRE,44,
2.02E+11,9,2,2024,6:55,5,75,75112,2,1,1,3,PORTE DE CHARENTON,48,
2.02E+11,6,6,2024,16:30,1,42,42218,2,2,1,6,Rue Maître Simone Levaillant,45,
2.02E+11,9,2,2024,7:05,5,75,75119,2,1,1,6,AVENUE DE FLANDRE,48,
2.02E+11,2,6,2024,18:27,1,35,35179,1,2,1,3,La Butte,48,
2.02E+11,8,2,2024,22:05,5,75,75114,2,2,2,3,PLACE DENFERT ROCHEREAU,48,
2.02E+11,5,6,2024,8:48,1,41,41018,2,9,1,6,BEGON (RUE MICHEL)  N° IMPAIRS,47,
2.02E+11,11,10,2024,17:20,1,44,44162,2,1,1,2,N/A,47,
2.02E+11,8,2,2024,13:36,1,75,75114,2,2,2,6,AVENUE DE L OBSERVATOIRE,48,
2.02E+11,3,6,2024,15:37,1,40,40192,2,9,1,3,VIGNAU (AV DU),43,
2.02E+11,10,10,2024,8:50,2,44,44109,2,6,1,6,Boulevard Emile Gabory,47,
2.02E+11,8,2,2024,22:40,5,75,75113,2,2,2,3,RUE DE TOLBIAC,48,
2.02E+11,6,6,2024,18:35,1,38,38053,2,1,1,3,SAINT MICHEL (BLD),45,
2.02E+11,5,6,2024,16:50,1,34,34032,2,3,1,6,22 AOUT 1944 (AVENUE DU),43,
2.02E+11,9,2,2024,15:45,1,75,75111,2,3,1,3,BOULEVARD VOLTAIRE,48,
2.02E+11,23,8,2024,20:00,1,74,74298,2,3,1,3,LIVRON (ROUTE DU),46,
2.02E+11,6,6,2024,17:00,1,31,31069,2,1,1,2,COSTES (AV DIEUDONNE),43,
2.02E+11,9,2,2024,9:05,1,75,75101,2,2,8,3,RUE DE RIVOLI,48,
2.02E+11,6,6,2024,23:36,5,31,31555,2,9,1,3,BD DE STRASBOURG,43,
2.02E+11,6,6,2024,18:00,1,29,29019,2,6,1,6,rue de la Villeneuve,48,
2.02E+11,13,6,2024,9:05,1,29,29019,2,2,1,6,boulevard Montaigne,48,
2.02E+11,12,4,2024,19:40,1,69,69275,2,2,1,5,Rue Emile Zola,45,
2.02E+11,5,6,2024,9:45,1,28,28220,2,1,1,3,MARCEAU (RUE),48,
2.02E+11,5,6,2024,12:15,1,23,23096,2,3,1,6,PASTEUR (AVENUE),46,
2.02E+11,22,10,2024,15:10,1,974,97411,1,9,1,1,BEDIER (AVENUE JOSEPH),-20,
2.02E+11,22,10,2024,9:49,1,973,97302,2,1,1,7,CABASSOU (ROUTE DE),4,
2.02E+11,5,6,2024,17:35,1,18,18033,1,1,1,2,N/A,47,
2.02E+11,6,6,2024,12:40,1,17,17415,2,1,1,2,NATIONAL 1 A 67 ET 2 A 44 COURS,45,
2.02E+11,21,10,2024,17:00,1,973,97302,2,3,1,3,SAINT ANTOINE (CHEMIN),4,
2.02E+11,22,10,2024,15:45,1,69,69383,2,1,1,6,Rue Rabelais,45,
2.02E+11,5,6,2024,9:58,1,17,17300,2,1,1,4,COLIGNY   AVENUE,46,
2.02E+11,22,10,2024,6:20,1,972,97209,2,3,2,3,PAUL NARDAL (AVENUE),14,
2.02E+11,5,6,2024,20:45,2,14,14327,2,2,1,1,29 Avenue de la Grande Cavée,49,
2.02E+11,22,10,2024,22:55,5,95,95585,2,9,1,3,D125,48,
2.02E+11,22,10,2024,9:30,1,95,95280,2,3,1,6,DIDEROT (AVENUE),49,
2.02E+11,7,6,2024,0:05,5,13,13203,2,3,1,3,PLOMBIERES (RUE DE),43,
2.02E+11,21,10,2024,15:26,1,95,95572,1,9,8,3,FOND DE VAUX (AVENUE DU),49,
2.02E+11,7,6,2024,0:40,5,13,13208,2,2,1,3,PRADO (AVENUE DU),43,
2.02E+11,22,10,2024,16:15,1,91,91570,2,1,1,6,RESIDENCE LES TILLEULS RUE RAIE TORTUE,48,
2.02E+11,6,6,2024,19:10,1,13,13210,2,1,1,3,BONNEFOY (RUE),43,
2.02E+11,22,10,2024,7:25,3,91,91685,2,3,1,6,MOCQUET (RUE GUY),48,
2.02E+11,6,6,2024,2:26,5,13,13201,2,3,1,3,LÉON GAMBETTA (ALLEE),43,
2.02E+11,22,10,2024,10:00,1,91,91027,2,1,1,3,AV FRANCOIS MITTERRAND,48,
2.02E+11,5,6,2024,12:30,1,13,13216,2,6,1,3,LITTORAL (CHEMIN DU),43,
2.02E+11,22,10,2024,7:10,5,91,91589,2,1,1,6,AV JEAN ALLEMANE,48,
2.02E+11,5,6,2024,17:45,1,13,13047,2,8,1,3,TARTUGUES CHEMIN DES,43,
2.02E+11,17,10,2024,9:25,1,87,87085,2,3,2,7,MAUVENDIERE (RUE DE LA),45,
2.02E+11,18,5,2024,11:50,1,12,12013,1,1,1,1,LYCEE (AVENUE),44,
2.02E+11,21,10,2024,9:13,1,87,87085,2,3,1,3,RUBEN (AVENUE ERNEST),45,
2.02E+11,21,10,2024,9:54,1,87,87085,2,1,1,6,VANTEAUX (BOULEVARD DE),45,
2.02E+11,6,6,2024,16:52,1,11,11262,2,1,1,4,N/A,43,
2.02E+11,17,10,2024,16:15,1,87,87085,2,3,2,6,MONTMAILLER (RUE),45,
2.02E+11,6,6,2024,14:10,1,10,10297,2,1,1,2,Avenue Jules Guesde,48,
2.02E+11,21,10,2024,7:54,2,87,87050,1,3,1,3,RD947,45,
2.02E+11,6,6,2024,16:16,1,10,10387,2,1,1,6,Mail des Charmilles,48,
2.02E+11,22,10,2024,9:40,1,84,84007,2,2,1,3,PIERRE SEMARD (AVENUE),43,
2.02E+11,5,6,2024,16:44,1,10,10357,1,1,1,4,ROCADE EST (RD 610),48,
2.02E+11,22,10,2024,6:52,5,83,83137,2,1,1,6,JOFFRE (BD MARECHAL),43,
2.02E+11,5,6,2024,18:55,1,9,9225,2,2,1,3,MARCHE AUX BOEUFS PLACE DU,43,
2.02E+11,21,10,2024,15:35,1,81,81004,2,1,1,6,SAINT JUERY (AV DE) DU N° 1 AU N° 48,43,
2.02E+11,5,6,2024,17:25,1,4,4112,2,1,1,6,CHAMP DE PRUNIERS (CH.),43,
2.02E+11,21,10,2024,17:54,1,80,80021,1,1,1,3,Rue Victor Hugo,49,
2.02E+11,2,6,2024,10:05,1,4,4112,1,1,1,1,D907,43,
2.02E+11,21,10,2024,17:34,1,78,78423,2,1,1,6,PARC (AVENUE DU),48,
2.02E+11,5,6,2024,12:10,1,75,75114,2,1,1,2,BD PERIPHERIQUE EXTERIEUR,48,
2.02E+11,22,10,2024,18:20,1,78,78172,2,2,1,3,ANGLAIS (RUE DES),49,
2.02E+11,6,6,2024,19:15,1,75,75119,2,1,1,6,RUE ANDRE DANJON,48,
2.02E+11,6,6,2024,19:00,1,75,75118,2,1,1,6,AVENUE DE SAINT OUEN,48,
2.02E+11,22,10,2024,1:15,4,78,78672,1,1,2,6,DE VOISINS AVENUE DU PRESIDENT GILBERT,48,
2.02E+11,6,6,2024,17:05,1,75,75118,2,7,1,6,RUE MARX DORMOY,48,
2.02E+11,21,10,2024,8:27,1,77,77495,1,1,1,2,N 105,48,
2.02E+11,22,10,2024,18:53,5,77,77284,2,9,8,6,TRINITAIRES (RUE DES),48,
2.02E+11,5,6,2024,16:05,1,75,75117,2,2,1,3,BOULEVARD PEREIRE,48,
2.02E+11,6,6,2024,19:20,1,75,75116,2,1,1,3,ALLEE DES FORTIFICATIONS,48,
2.02E+11,22,10,2024,17:30,1,69,69266,2,3,1,2,Avenue Paul Krüger,45,
2.02E+11,6,6,2024,15:30,1,75,75116,2,1,1,1,RUE DE LA TOUR,48,
2.02E+11,22,10,2024,7:35,5,69,69115,2,6,1,2,Avenue Edouard Herriot,45,
2.02E+11,6,6,2024,8:45,1,75,75116,2,1,1,3,ALLEE DE LA REINE MARGUERITE,48,
2.02E+11,22,10,2024,8:00,1,69,69290,1,2,2,3,Boulevard de la Porte des Alpes,45,
2.02E+11,6,6,2024,14:30,1,75,75115,2,1,1,3,BOULEVARD GARIBALDI,48,
2.02E+11,6,6,2024,9:35,1,75,75111,2,2,1,6,AVENUE LEDRU ROLLIN,48,
2.02E+11,21,10,2024,23:05,5,69,69029,2,1,1,3,Boulevard de l'Université,45,
2.02E+11,5,6,2024,8:50,1,75,75111,2,1,1,3,AVENUE PHILIPPE AUGUSTE,48,
2.02E+11,21,10,2024,17:50,1,69,69029,2,2,1,3,Rue de Reims,45,
2.02E+11,5,6,2024,22:35,5,75,75110,2,2,1,1,RUE DE LANCRY,48,
2.02E+11,21,10,2024,16:58,1,69,69290,2,3,1,2,Boulevard des Roses,45,
2.02E+11,6,6,2024,19:00,1,75,75109,2,7,1,3,PLACE D ESTIENNE D ORVES,48,
2.02E+11,21,10,2024,11:30,1,69,69290,2,3,7,3,Rue d'Alsace,45,
2.02E+11,6,6,2024,9:30,1,75,75104,2,2,1,3,RUE DE RIVOLI,48,
2.02E+11,21,10,2024,16:45,1,64,64348,2,1,1,3,EUROPE DE L',43,
2.02E+11,5,6,2024,17:50,1,75,75104,2,3,1,6,QUAI DE L HOTEL DE VILLE,48,
2.02E+11,22,10,2024,12:15,1,62,62573,2,1,1,1,RD165,50,
2.02E+11,5,6,2024,17:30,1,94,94081,2,2,1,3,Avenue Youri Gagarine / Rue Camille Groult,48,
2.02E+11,22,10,2024,5:05,5,59,59183,2,2,2,3,HUGO VICTOR - BOULEVARD,51,
2.02E+11,4,6,2024,18:15,1,94,94068,2,2,1,3,Avenue Louis Blanc / Boulevard de la Marne,48,
2.02E+11,21,10,2024,16:42,1,56,56098,2,2,1,3,Rue Emile Combes,47,
2.02E+11,5,6,2024,4:40,5,94,94011,2,4,1,6,Rue Pierre Sémard / D60,48,
2.02E+11,21,10,2024,9:05,1,54,54547,1,1,1,2,Rue Victor Basch,48,
2.02E+11,22,10,2024,17:20,1,51,51454,2,1,1,6,BEAULIEU (RUE DU LIEUTENANT COLONNEL),49,
2.02E+11,6,6,2024,19:20,1,94,94078,2,3,1,2,Avenue de Choisy / Rue Madeleine,48,
2.02E+11,21,10,2024,18:30,1,49,49007,2,1,3,3,MAINE,47,
2.02E+11,15,6,2024,12:00,1,94,94017,2,1,1,3,Rue Roland Martin,48,
2.02E+11,21,10,2024,17:00,1,42,42127,2,3,1,3,Rue Alfred de Musset,46,
2.02E+11,5,6,2024,14:49,1,94,94017,2,3,1,3,Avenue Roger Salengro / Avenue Maxime Gorki,48,
2.02E+11,21,10,2024,18:15,2,41,41018,2,1,1,5,DUGAY-TROUIN (RUE)  N° IMPAIRS,47,
2.02E+11,6,6,2024,16:10,1,93,93051,2,1,1,3,Avenue Aristide Briand,48,
2.02E+11,21,10,2024,15:30,1,34,34172,2,1,1,5,CAMBRIDGE (RUE DE),43,
2.02E+11,5,6,2024,22:03,5,93,93051,2,2,1,3,Avenue Médéric / Chemin des Princes,48,
2.02E+11,21,10,2024,14:30,1,34,34129,2,9,1,1,SORIECH (CHEMIN DE),43,
2.02E+11,6,6,2024,8:45,1,93,93014,2,1,1,6,Allée Fernand Lindet,48,
2.02E+11,21,10,2024,13:35,1,34,34172,2,6,1,3,PRES D'ARENES (ROND-POINT DES),43,
2.02E+11,6,6,2024,1:15,5,93,93010,2,3,1,1,Avenue Léon Blum / Rue Odette Pain,48,
2.02E+11,17,10,2024,17:40,1,33,33281,2,5,3,3,N/A,44,
2.02E+11,5,6,2024,12:05,1,93,93008,2,3,1,6,Rue des Marais / Rue des Bons Enfants,48,
2.02E+11,22,10,2024,5:50,5,31,31555,2,6,3,3,VA008493 LA CRABE A624 Sortie 2,43,
2.02E+11,5,6,2024,11:45,1,92,92064,2,9,1,3,PLACE CLEMENCEAU,48,
2.02E+11,5,6,2024,3:20,5,92,92047,2,1,1,6,RAYMOND POINCARE,48,
2.02E+11,21,10,2024,9:10,1,29,29019,2,3,2,3,rue Georges Melou,48,
2.02E+11,6,6,2024,9:10,1,92,92063,2,3,1,3,ZURICH (RUE DE),48,
2.02E+11,22,10,2024,13:10,1,13,13117,2,4,1,6,ROUTE NATIONALE 113-L'ANJOLY,43,
2.02E+11,22,10,2024,17:20,1,13,13039,1,9,1,2,ROUTE NATIONALE 568,43,
2.02E+11,6,6,2024,10:30,1,92,92051,2,3,1,3,CHARLES DE GAULLE (AVENUE,,
2.02E+11,21,10,2024,11:30,1,13,13203,2,1,1,3,NATIONAL (BOULEVARD),43,
2.02E+11,6,6,2024,20:58,2,92,92044,2,9,1,7,CHARLES PASQUA (QUAI) 32 A 58,48,
2.02E+11,21,10,2024,7:25,5,13,13063,2,1,1,6,C.D 10,43,
2.02E+11,6,6,2024,18:20,1,92,92024,2,1,1,2,GENERAL ROGUET (RUE DU) DE (1 A 57)   (2,48,
2.02E+11,21,10,2024,18:05,1,13,13001,2,1,1,3,MONNET JEAN (AV),43,
2.02E+11,5,6,2024,23:42,5,92,92002,2,3,1,6,BONE (RUE DE),48,
2.02E+11,21,10,2024,20:50,3,11,11262,2,1,1,2,N/A,43,
2.02E+11,6,6,2024,10:30,1,37,37210,1,1,1,1,D751,47,
2.02E+11,6,6,2024,8:45,1,37,37072,2,1,1,7,60 Rue Paul Huet,47,
2.02E+11,21,10,2024,11:40,1,11,11069,1,1,1,5,N/A,43,
2.02E+11,21,10,2024,16:40,1,10,10081,1,1,1,7,ROCADE OUEST (RD 610),48,
2.02E+11,7,6,2024,12:30,1,80,80193,1,2,1,1,D14,49,
2.02E+11,21,10,2024,16:30,1,10,10343,2,1,1,6,AUGUSTE TERRENOIRE (RUE),48,
2.02E+11,5,6,2024,21:30,2,26,26323,2,1,1,7,95 Rue Clair,45,
2.02E+11,5,6,2024,18:03,1,40,40065,2,3,1,6,12 Av Mal de Lattre de Tassigny,43,
2.02E+11,22,10,2024,14:15,1,6,6030,2,6,1,3,24 Avenue Lacour,43,
2.02E+11,7,6,2024,20:49,5,974,97410,1,1,1,6,Route Nationale 2 Deviation,-21,
2.02E+11,22,10,2024,7:45,2,6,6029,2,1,1,1,Chemin de la Plaine de Laval,43,
2.02E+11,30,5,2024,21:00,5,84,84091,2,1,1,6,125 Route des Valbonnettes,44,
2.02E+11,7,6,2024,2:30,3,84,84102,1,1,1,6,Chemin de Sainte Croix,43,
2.02E+11,21,10,2024,10:30,1,2,2738,2,2,1,6,1 Rue Jacquard,49,
2.02E+11,2,6,2024,17:35,1,30,30217,2,1,1,1,D976,43,
2.02E+11,17,10,2024,15:10,1,75,75116,2,1,1,4,BD PERIPHERIQUE INTERIEUR,48,
2.02E+11,6,6,2024,18:30,1,91,91573,2,4,1,3,8 Rue Léon Appert,48,
2.02E+11,6,6,2024,20:00,1,67,67355,2,1,1,7,5 Rue de Sarre-union,48,
2.02E+11,22,10,2024,17:03,1,75,75118,2,1,1,2,BD PERIPHERIQUE EXTERIEUR,48,
2.02E+11,7,6,2024,18:00,1,67,67165,1,1,1,7,D392,48,
2.02E+11,22,10,2024,0:40,5,75,75119,2,7,2,6,BOULEVARD DE LA VILLETTE,48,
2.02E+11,6,6,2024,16:00,1,12,12223,1,1,1,1,D921 / La violette,44,
2.02E+11,21,10,2024,17:40,1,75,75117,2,3,1,6,RUE GUSTAVE CHARPENTIER,48,
2.02E+11,6,6,2024,16:30,1,25,25391,1,2,1,4,D41,47,
2.02E+11,22,10,2024,13:25,1,75,75115,2,1,1,3,RUE BRANCION,48,
2.02E+11,6,6,2024,13:25,1,25,25578,2,1,1,5,Grande Rue,47,
2.02E+11,4,6,2024,20:50,2,44,44048,1,1,1,7,130 La Pichaudiere,47,
2.02E+11,22,10,2024,8:30,1,75,75115,2,7,1,3,PLACE BALARD,48,
2.02E+11,7,6,2024,6:50,1,44,44158,2,1,1,3,3 Route de Cordemais,47,
2.02E+11,6,6,2024,23:30,3,3,3258,1,1,1,7,Départementale 67,46,
2.02E+11,22,10,2024,9:45,1,75,75112,2,3,1,2,RUE DE PICPUS,48,
2.02E+11,1,6,2024,19:10,1,3,3128,1,1,2,7,Rue de Bellevue,46,
2.02E+11,21,10,2024,16:10,1,75,75112,2,2,1,3,RUE DE CHARENTON,48,
2.02E+11,22,10,2024,18:30,2,75,75111,2,3,1,6,BOULEVARD RICHARD LENOIR,48,
2.02E+11,5,6,2024,12:13,1,66,66150,1,1,1,7,D115,42,
2.02E+11,22,10,2024,8:48,1,75,75110,2,3,1,2,RUE DU FAUBOURG SAINT DENIS,48,
2.02E+11,6,6,2024,18:45,1,72,72364,1,2,1,6,Lieu Dit la Petite Guibourgere,47,
2.02E+11,22,10,2024,12:55,1,75,75109,2,1,1,3,BOULEVARD DE ROCHECHOUART,48,
2.02E+11,6,6,2024,15:50,1,14,14400,1,3,1,3,Rue Arcisse de Caumont,49,
2.02E+11,7,6,2024,8:50,1,50,50372,1,1,1,6,D900,49,
2.02E+11,21,10,2024,15:10,1,75,75108,1,3,1,7,AVENUE DE FRIEDLAND,48,
2.02E+11,7,6,2024,1:01,4,18,18003,2,6,1,7,Route de Bourges,47,
2.02E+11,22,10,2024,17:31,1,75,75107,2,1,1,3,PONT DE LA CONCORDE,48,
2.02E+11,7,6,2024,19:34,1,10,10232,1,1,1,6,D207,48,
2.02E+11,22,10,2024,13:45,1,75,75107,2,3,1,6,QUAI D ORSAY,48,
2.02E+11,26,5,2024,16:45,1,36,36103,1,1,1,7,Terre Neuve,47,
2.02E+11,6,6,2024,20:25,1,16,16416,1,2,1,7,N/A,45,
2.02E+11,22,10,2024,12:15,1,75,75107,2,2,1,3,BOULEVARD SAINT GERMAIN,48,
2.02E+11,7,6,2024,14:40,1,7,7216,1,1,1,3,D533,44,
2.02E+11,22,10,2024,0:20,5,75,75101,2,2,2,7,BOULEVARD DE SEBASTOPOL,48,
2.02E+11,7,6,2024,16:20,1,7,7338,2,1,2,6,Allée de Prat,44,
2.02E+11,15,10,2024,18:30,1,75,75101,2,2,1,7,RUE DU LOUVRE,48,
2.02E+11,6,6,2024,19:00,1,37,37254,1,1,1,2,Montouvrin,47,
2.02E+11,20,10,2024,19:05,1,75,75103,2,3,1,3,BOULEVARD BEAUMARCHAIS,48,
2.02E+11,6,6,2024,10:55,1,48,48129,1,3,8,3,D34,44,
2.02E+11,21,10,2024,19:06,5,94,94074,2,1,1,1,Rue le Bois Cerdon,48,
2.02E+11,7,6,2024,1:15,3,24,24568,1,1,1,6,1 Chemin des Grands Champs,44,
2.02E+11,22,10,2024,14:00,1,94,94068,2,2,1,6,Avenue Foch,48,
2.02E+11,22,10,2024,0:15,5,94,94043,2,1,2,3,Avenue de Fontainebleau,48,
2.02E+11,6,6,2024,17:35,1,973,97309,2,2,1,1,Route du Mahury,4,
2.02E+11,7,6,2024,12:45,1,68,68278,1,1,1,6,A35 PK 103.800,47,
2.02E+11,22,10,2024,8:50,1,94,94041,2,1,1,3,Boulevard du Colonel Fabien,48,
2.02E+11,22,10,2024,0:10,5,94,94028,2,1,2,6,Avenue de Verdun,48,
2.02E+11,6,6,2024,10:25,1,38,38150,2,4,1,1,Chemin de Malvaisin,45,
2.02E+11,7,6,2024,8:15,1,6,6088,1,1,1,4,Voie liaison boulevard de la Madeleine - chemin de la Costière,43,
2.02E+11,21,10,2024,4:45,5,94,94017,2,3,1,3,Rue Louis Talamoni,48,
2.02E+11,22,10,2024,9:00,1,93,93059,2,1,1,6,CLOS (SENTIER DU),48,
2.02E+11,1,6,2024,10:15,1,971,97121,2,1,1,3,RN2,16,
2.02E+11,22,10,2024,20:42,5,93,93066,2,5,1,3,"""LANDY RD 20",,
2.02E+11,4,6,2024,18:20,1,33,33527,2,3,1,1,N/A,44,
2.02E+11,21,10,2024,22:37,5,93,93032,2,3,2,3,PAUL VAILLANT COUTURIER (RUE),48,
2.02E+11,6,6,2024,8:20,1,91,91041,1,1,1,3,N20,48,
2.02E+11,6,6,2024,19:53,1,91,91200,1,9,1,2,Route de Liphard,48,
2.02E+11,22,10,2024,16:50,1,93,93079,2,3,1,3,SAINT LEU (ROUTE),48,
2.02E+11,7,6,2024,8:44,1,66,66013,1,1,1,3,N/A,42,
2.02E+11,21,10,2024,22:00,5,93,93029,2,1,2,6,JEAN JAURES (AVENUE) N°,48,
2.02E+11,22,10,2024,12:00,1,93,93010,2,1,1,6,VILLEMOMBLE (RTE DE) DE 132 A 169,48,
2.02E+11,6,6,2024,16:20,1,83,83030,1,1,1,1,D43,43,
2.02E+11,21,10,2024,8:00,5,92,92064,1,1,1,6,MARECHAL JUIN,48,
2.02E+11,6,6,2024,15:00,1,52,52269,2,1,1,6,Avenue de la Gare de la Bonnelle (Pont),47,
2.02E+11,22,10,2024,19:04,1,92,92051,2,2,1,3,ROULE (AVENUE DU,,
2.02E+11,7,6,2024,17:26,1,88,88474,1,1,1,2,D164,48,
2.02E+11,21,10,2024,20:07,5,92,92049,2,1,1,3,BARBUSSE RUE HENRI N°1A 3 ET2 A 10,48,
2.02E+11,7,6,2024,11:55,1,57,57360,1,3,7,3,D31,49,
2.02E+11,19,10,2024,16:50,1,84,84143,1,1,1,7,Route de l'Appié,43,
2.02E+11,5,6,2024,17:40,1,73,73253,1,1,1,6,N90,45,
2.02E+11,23,10,2024,14:00,1,95,95487,2,1,1,3,D78,49,
2.02E+11,7,6,2024,8:32,1,1,1185,1,9,1,1,Route départementale 8,45,
2.02E+11,22,10,2024,18:30,1,41,41055,1,1,7,2,D952,47,
2.02E+11,7,6,2024,3:30,3,69,69249,1,1,1,6,Route de Saint-Martin En Haut,45,
2.02E+11,23,10,2024,11:40,1,21,21529,1,1,1,2,A6,47,
2.02E+11,23,10,2024,17:25,2,83,83073,1,1,1,7,Dn7,43,
2.02E+11,4,6,2024,16:08,1,69,69273,2,1,1,3,32 Rue Colière,45,
2.02E+11,22,10,2024,18:30,1,56,56165,2,6,1,3,giratoire henri thebault,47,
2.02E+11,6,6,2024,14:35,1,79,79049,1,1,1,2,N/A,46,
2.02E+11,22,10,2024,22:45,5,63,63178,2,1,2,6,Chemin du Bout du Monde,45,
2.02E+11,7,6,2024,7:25,2,17,17385,1,1,1,7,Route de Matha à Saint Pierre,45,
2.02E+11,23,10,2024,12:24,1,12,12021,1,1,1,5,D648,44,
2.02E+11,6,6,2024,16:25,1,44,44103,1,1,1,3,32 Rue de la Chalandière,47,
2.02E+11,22,10,2024,12:20,1,22,22354,1,1,1,1,COZ PARCOU,48,
2.02E+11,5,6,2024,14:15,1,22,22161,1,6,1,6,rue saint loup,48,
2.02E+11,22,10,2024,10:30,1,39,39478,2,1,2,1,Route de Lyon,46,
2.02E+11,7,6,2024,15:45,1,27,27315,1,1,1,1,D125,49,
2.02E+11,22,10,2024,9:30,2,29,29077,1,1,7,6,34 Route du Curnic,48,
2.02E+11,6,6,2024,17:30,1,76,76043,1,1,1,7,378 Rue d?Yvetot,49,
2.02E+11,19,10,2024,5:30,3,2,2382,1,3,1,1,N/A,49,
2.02E+11,6,6,2024,18:00,1,60,60589,1,1,1,4,D44,49,
2.02E+11,7,6,2024,13:44,1,80,80461,1,3,1,5,D1,49,
2.02E+11,20,10,2024,12:00,1,72,72316,1,1,2,3,D2,48,
2.02E+11,6,6,2024,19:40,1,62,62471,2,4,1,6,D198,50,
2.02E+11,23,10,2024,16:45,1,14,14336,1,1,1,7,2 Route Le Vesque,49,
2.02E+11,23,10,2024,10:45,1,50,50304,1,3,1,1,Le Mesnil-Aubert,48,
2.02E+11,7,6,2024,13:55,1,59,59401,1,3,1,6,not boone straete,50,
2.02E+11,23,10,2024,15:55,1,60,60151,1,1,1,6,N31,49,
2.02E+11,6,6,2024,19:05,1,83,83137,1,1,1,6,A50 TUNNEL TUBE NORD,43,
2.02E+11,20,10,2024,1:15,5,60,60104,2,4,5,6,Rue de Paris,49,
2.02E+11,14,10,2024,19:30,5,64,64495,2,3,2,3,D918,43,
2.02E+11,22,10,2024,12:15,1,36,36021,2,1,1,6,N/A,46,
2.02E+11,6,6,2024,17:10,1,33,33122,1,1,1,4,N/A,44,
2.02E+11,6,6,2024,16:33,1,33,33039,1,1,1,3,N/A,44,
2.02E+11,22,10,2024,18:15,1,36,36065,1,2,1,5,N/A,47,
2.02E+11,15,10,2024,15:00,1,24,24183,1,1,1,6,Chemin de la Rosière de Tursac,45,
2.02E+11,4,6,2024,10:35,1,33,33550,1,1,1,4,N/A,44,
2.02E+11,6,6,2024,3:08,3,94,94065,1,1,1,6,A106,48,
2.02E+11,19,10,2024,12:55,1,85,85028,2,2,2,3,RD24,46,
2.02E+11,23,10,2024,8:00,2,27,27105,1,2,5,3,RD313,49,
2.02E+11,5,6,2024,15:49,1,92,92047,1,1,1,4,A13,48,
2.02E+11,23,10,2024,7:45,2,30,30294,1,9,1,7,Route de Bagnols,44,
2.02E+11,23,10,2024,8:00,1,6,6018,1,6,1,1,105 Route des Chappes,43,
2.02E+11,22,10,2024,15:00,1,987,98715,2,1,7,3,pk 4.3,,
2.02E+11,22,10,2024,18:00,2,33,33468,1,1,1,1,N/A,44,
2.02E+11,22,10,2024,16:30,1,11,11202,1,1,1,7,N/A,42,
2.02E+11,5,6,2024,7:53,1,92,92048,1,9,1,4,N118,48,
2.02E+11,23,10,2024,8:45,1,77,77344,1,1,5,1,Route départementale 41,49,
2.02E+11,6,6,2024,12:00,1,93,93005,1,1,1,2,A3,48,
2.02E+11,6,6,2024,2:50,3,92,92078,1,1,1,6,AUTOROUTE A86,48,
2.02E+11,17,10,2024,16:25,1,13,13105,2,2,1,3,Chemin Donne,43,
2.02E+11,23,10,2024,16:20,1,17,17155,2,1,1,6,71 Rue Charles Hérve,45,
2.02E+11,21,10,2024,19:15,2,33,33533,1,1,1,7,N/A,44,
2.02E+11,22,10,2024,18:40,1,22,22326,1,1,1,6,L'Hotier,48,
2.02E+11,22,10,2024,13:21,1,60,60341,1,6,1,2,Avenue de la gare,49,
2.02E+11,22,10,2024,18:28,1,13,13001,1,1,1,2,A51-Sens Marseille vers Aix en Provence,43,
2.02E+11,22,10,2024,10:00,1,13,13081,1,1,1,2,A7-Sens Lyon vers Marseille,43,
2.02E+11,21,10,2024,7:45,3,33,33448,1,1,1,2,N/A,44,
2.02E+11,16,10,2024,18:30,2,59,59581,1,1,1,2,AUTOROUTE A25,50,
2.02E+11,22,10,2024,14:20,1,91,91228,1,1,1,4,AUTOROUTE A6,48,
2.02E+11,21,10,2024,19:57,2,92,92025,1,1,1,2,A86,48,
2.02E+11,22,10,2024,18:25,2,93,93066,1,1,1,6,AUTOROUTE A1,48,
2.02E+11,22,10,2024,11:00,1,93,93064,1,1,1,5,AUTOROUTE A103,48,
2.02E+11,21,10,2024,19:45,3,95,95582,1,1,1,2,A115,48,
2.02E+11,22,10,2024,8:00,2,94,94079,1,1,1,2,A4,48,
2.02E+11,22,10,2024,6:40,5,94,94052,1,1,2,2,A86,48,
2.02E+11,4,4,2024,12:00,1,75,75106,2,4,8,6,RUE DAUPHINE,48,
2.02E+11,13,6,2024,17:40,1,74,74118,1,1,1,3,A411,46,
2.02E+11,21,8,2024,13:57,1,74,74243,1,1,1,1,D1206,46,
2.02E+11,24,6,2024,11:15,1,74,74193,1,1,1,7,D215,46,
2.02E+11,20,7,2024,11:55,1,74,74043,1,4,1,3,D35,46,
2.02E+11,17,8,2024,12:30,1,74,74118,1,1,1,2,ZONE (ROUTE DE),46,
2.02E+11,21,7,2024,9:10,1,74,74206,2,3,2,5,Route du lyaud,46,
2.02E+11,4,8,2024,3:15,5,74,74012,2,1,1,1,GARE (RUE DE LA),46,