Num_Acc,jour,mois,an,hrmn,lum,dep,com,agg,int,atm,col,adr,lat,long
2.02E+11,8,7,2024,11:45,1,13,13117,1,1,1,2,CD 9 ESTROUBLANS,43,
2.02E+11,21,3,2024,17:25,1,75,75110,2,3,1,7,RUE DU FAUBOURG SAINT MARTIN,48,
2.02E+11,8,7,2024,12:24,1,5,5023,2,1,1,6,BALPIN (CHEMIN),44,
2.02E+11,21,3,2024,8:40,1,75,75109,2,4,1,3,BOULEVARD DES CAPUCINES,48,
2.02E+11,21,3,2024,12:20,1,75,75107,2,3,1,3,AVENUE FREDERIC LE PLAY,48,
2.02E+11,7,7,2024,22:13,5,75,75112,2,1,1,2,PORTE DOREE,48,
2.02E+11,21,3,2024,7:49,1,75,75107,2,4,1,6,BOULEVARD RASPAIL,48,
2.02E+11,7,7,2024,21:00,5,75,75115,2,3,1,6,QUAI BRANLY,48,
2.02E+11,20,3,2024,18:35,1,94,94081,2,3,1,6,Avenue Jean Jaurès / Rue Désiré Granet,48,
2.02E+11,8,7,2024,9:43,1,75,75119,2,2,1,3,AVENUE DE FLANDRE,48,
2.02E+11,21,3,2024,8:05,1,94,94046,2,3,1,3,Rue de Mulhouse / Rue Jean Jaurès,48,
2.02E+11,8,7,2024,6:40,2,75,75116,2,7,1,3,PLACE CLEMENT ADER,48,
2.02E+11,20,3,2024,17:15,1,94,94011,2,6,1,2,Avenue Rhin et Danube / Avenue de Boissy,48,
2.02E+11,7,7,2024,13:30,1,75,75115,2,1,1,3,BOULEVARD DE VAUGIRARD,48,
2.02E+11,21,3,2024,7:30,1,94,94055,2,9,1,2,Route de Provins / Rue Lavoisier,48,
2.02E+11,21,3,2024,17:09,1,93,93070,2,1,1,3,Rue du Docteur Bauer,48,
2.02E+11,8,7,2024,1:17,5,75,75114,2,2,1,3,BOULEVARD JOURDAN,48,
2.02E+11,8,7,2024,12:23,1,75,75113,2,3,1,1,RUE DU CHEVALERET,48,
2.02E+11,21,3,2024,8:11,1,93,93066,2,1,1,4,Avenue du Président Wilson,48,
2.02E+11,7,7,2024,9:00,1,75,75120,2,1,1,6,BOULEVARD MORTIER,48,
2.02E+11,8,7,2024,16:15,1,75,75108,2,2,1,6,AVENUE DES CHAMPS ELYSEES,48,
2.02E+11,8,7,2024,10:40,1,75,75108,2,7,1,3,PLACE DES TERNES,48,
2.02E+11,21,3,2024,12:30,1,93,93055,2,1,1,2,Rue Victor Hugo,48,
2.02E+11,8,7,2024,9:50,1,75,75108,2,2,1,3,RUE DE COURCELLES,48,
2.02E+11,21,3,2024,8:30,1,93,93007,2,2,1,3,Avenue de Bel-abbès / Avenue Edouard Lucy,48,
2.02E+11,8,7,2024,9:40,1,75,75107,2,1,1,6,QUAI D ORSAY,48,
2.02E+11,8,7,2024,9:40,1,75,75101,2,3,1,7,RUE DE RIVOLI,48,
2.02E+11,20,3,2024,22:30,5,93,93007,2,1,1,3,Avenue Descartes,48,
2.02E+11,20,3,2024,18:46,1,92,92078,2,1,1,3,MARECHAL LECLERC (AVENUE) (N° IMPAIRS),48,
2.02E+11,7,7,2024,17:50,1,75,75102,2,2,1,3,RUE DE RICHELIEU,48,
2.02E+11,21,3,2024,11:00,1,92,92048,2,2,1,3,GENERAL DE GAULLE (AVENUE DU),48,
2.02E+11,7,7,2024,14:15,1,94,94043,2,2,1,6,Avenue Charles Gide,48,
2.02E+11,8,7,2024,8:05,1,94,94077,2,1,1,6,Rue Saint Martin,48,
2.02E+11,20,3,2024,18:50,1,92,92036,2,3,1,6,GENEAL DE GAULLE (AVENUE) (1/41),48,
2.02E+11,8,7,2024,12:22,1,94,94079,2,2,8,1,Rue P Doboeuf et Michel Lafon,48,
2.02E+11,19,3,2024,19:35,5,92,92025,2,2,1,6,EDGARD QUINET (BD),48,
2.02E+11,8,7,2024,20:20,1,94,94018,2,3,1,6,Rue des Bordeaux,48,
2.02E+11,20,3,2024,20:20,5,92,92019,2,2,1,2,QUATRE CHEMINS (AVENUE DES),48,
2.02E+11,8,7,2024,6:30,2,93,93064,2,7,1,3,Boulevard Gabriel Péri / Rue Richard Gardebled,48,
2.02E+11,8,7,2024,9:25,1,93,93055,2,2,1,3,Avenue Anatole France / Rue Pierre Brossolette,48,
2.02E+11,8,7,2024,16:32,1,92,92072,2,2,1,3,GRANDE RUE,48,
2.02E+11,8,7,2024,6:12,1,92,92051,2,2,1,3,WINSTON CHURCHILL (PLACE),48,
2.02E+11,7,7,2024,2:39,4,92,92024,2,1,1,6,GUSTAVE EIFFEL (RUE),48,
2.02E+11,8,7,2024,11:00,1,92,92004,2,1,1,6,MOURINOUX ( RUE DES ),48,
2.02E+11,7,7,2024,18:20,1,34,34088,1,1,1,5,Route de Fabrègues,43,
2.02E+11,8,7,2024,16:40,1,54,54192,1,1,1,2,D112,48,
2.02E+11,8,7,2024,19:50,1,2A,2A348,2,1,1,6,1240 Promenade de la plage,42,
2.02E+11,9,7,2024,13:50,1,24,24372,1,1,1,3,2 Route de Montanceix,45,
2.02E+11,9,7,2024,19:10,1,43,43185,1,1,1,1,D656,45,
2.02E+11,8,7,2024,13:30,1,974,97422,2,1,1,1,60 Rue Charles Baudelaire,-21,
2.02E+11,9,7,2024,8:50,1,972,97207,1,9,1,3,Fond d'Or,14,
2.02E+11,8,7,2024,14:35,1,972,97208,1,1,1,2,N3,14,
2.02E+11,7,7,2024,16:16,1,88,88256,1,1,7,7,D50,48,
2.02E+11,9,7,2024,5:25,2,36,36018,1,1,1,3,N/A,46,
2.02E+11,9,7,2024,15:25,1,50,50546,1,1,1,6,Route du Manoir (La Mancellière-sur-Vire),49,
2.02E+11,9,7,2024,14:20,1,50,50363,1,1,1,6,Route du Carrefour Paris,48,
2.02E+11,2,7,2024,13:35,1,62,62211,2,1,3,1,Rue d'Agnières,50,
2.02E+11,8,7,2024,17:40,1,34,34309,1,1,1,1,croisement D145 et rue du montferrier,43,
2.02E+11,9,7,2024,16:30,1,57,57556,2,9,1,2,rue du lac,49,
2.02E+11,9,7,2024,9:15,1,51,51380,2,1,1,3,la chaussée a chateauneuf,48,
2.02E+11,9,7,2024,17:30,1,19,19252,1,2,1,6,la crouzade,45,
2.02E+11,3,6,2024,16:00,1,56,56234,2,1,1,5,Le Fort Penthievre,47,
2.02E+11,9,7,2024,2:00,3,56,56157,1,1,2,6,Kermarec,47,
2.02E+11,8,7,2024,16:25,1,2B,2B012,1,1,1,6,314,42,
2.02E+11,9,7,2024,14:00,1,2B,2B319,1,9,1,4,Valle Longhe,42,
2.02E+11,8,7,2024,22:48,3,82,82076,1,1,1,7,Route de Molieres,44,
2.02E+11,9,7,2024,17:30,1,63,63148,1,3,1,5,D224 / chemin de la Grenouillère,45,
2.02E+11,8,7,2024,17:40,1,61,61181,2,1,1,5,Voie Communale,48,
2.02E+11,7,7,2024,19:40,1,12,12186,1,1,1,6,rd999,43,
2.02E+11,8,7,2024,16:56,1,47,47226,1,3,1,3,D668,44,
2.02E+11,7,7,2024,12:10,1,34,34261,1,1,7,7,D4,43,
2.02E+11,9,7,2024,7:10,1,25,25578,1,1,1,3,D50,47,
2.02E+11,2,7,2024,17:30,1,44,44217,1,3,1,3,la Bosse Billy,47,
2.02E+11,8,7,2024,22:40,3,31,31345,1,1,1,5,D820,43,
2.02E+11,8,7,2024,12:30,1,72,72089,2,9,1,5,20 Grande Rue,48,
2.02E+11,9,7,2024,12:09,1,5,5056,2,1,1,7,Rue de la Charrière,44,
2.02E+11,4,7,2024,11:37,1,64,64547,1,4,1,1,Chemin de Halage,43,
2.02E+11,9,7,2024,12:50,1,7,7334,1,1,1,7,d901,44,
2.02E+11,8,7,2024,13:25,1,4,4075,1,1,1,1,Route de la Clue,44,
2.02E+11,9,7,2024,0:45,3,87,87072,1,1,1,6,D82a2,45,
2.02E+11,27,6,2024,19:10,1,87,87154,1,1,1,7,Le Pont du Dérot,45,
2.02E+11,9,7,2024,8:08,1,87,87017,1,1,1,6,RN 145 Pk 4+400,46,
2.02E+11,8,7,2024,17:18,1,30,30004,2,1,1,1,Rue de la Gare,43,
2.02E+11,9,7,2024,10:00,1,30,30073,1,1,1,3,D19a,43,
2.02E+11,9,7,2024,10:30,1,30,30188,1,3,1,3,D936,44,
2.02E+11,7,7,2024,23:55,3,88,88408,1,6,1,6,ROND POINT DES MEIX,47,
2.02E+11,9,7,2024,14:25,1,77,77333,1,1,1,2,A6 > PARIS,48,
2.02E+11,20,6,2024,8:15,1,44,44020,1,1,1,3,N/A,47,
2.02E+11,9,7,2024,8:00,1,37,37079,1,2,1,3,Rue de Beauregard,47,
2.02E+11,5,7,2024,18:00,1,28,28372,1,1,1,1,D101,48,
2.02E+11,7,7,2024,21:50,3,2B,2B298,2,9,1,7,Route du pont de fer,42,
2.02E+11,9,7,2024,9:15,1,66,66008,1,6,1,3,N/A,42,
2.02E+11,3,7,2024,19:55,1,66,66144,1,3,1,3,N/A,42,
2.02E+11,3,7,2024,22:00,5,34,34090,2,3,1,3,route départementale 613,43,
2.02E+11,9,7,2024,9:35,1,6,6091,1,1,1,1,D53,43,
2.02E+11,6,7,2024,15:24,1,4,4171,1,1,1,3,RD 952,43,
2.02E+11,8,7,2024,15:00,1,26,26002,1,1,1,3,Autoroute A7,45,
2.02E+11,4,7,2024,20:00,1,70,70279,2,6,1,3,rue du chemin neuf,47,
2.02E+11,8,7,2024,10:00,1,68,68329,1,1,1,1,Route de la Schlucht,48,
2.02E+11,4,7,2024,18:50,1,42,42328,1,1,1,2,Route du Mongenet,45,
2.02E+11,9,7,2024,8:35,1,38,38277,1,1,1,1,Départementale 529,45,
2.02E+11,9,7,2024,3:05,3,17,17409,1,1,1,7,Route du Stade,45,
2.02E+11,30,6,2024,19:00,1,33,33035,2,2,1,3,N/A,45,
2.02E+11,9,7,2024,15:00,1,85,85083,1,1,1,1,RD96,46,
2.02E+11,6,7,2024,22:30,3,44,44179,1,1,1,1,10 bellevue,47,
2.02E+11,9,7,2024,10:30,1,76,76489,1,1,2,1,Route du Hamelet,49,
2.02E+11,8,7,2024,18:30,1,59,59254,2,1,1,2,Rue du Nord,50,
2.02E+11,8,7,2024,16:55,1,33,33249,1,1,1,7,N/A,44,
2.02E+11,8,7,2024,17:25,1,91,91340,1,1,1,2,AUTOROUTE A6,48,
2.02E+11,17,9,2024,5:58,5,93,93005,2,9,1,7,JACQUES DAGUERRE (AVENUE),48,
2.02E+11,17,9,2024,19:00,1,93,93062,2,1,1,3,RESISTANCE (AVENUE DE LA),48,
2.02E+11,17,9,2024,8:55,1,93,93051,2,6,1,2,RU DE NESLE (BOULEVARD),48,
2.02E+11,17,9,2024,9:50,1,93,93053,2,2,1,3,ARISTIDE BRIAND (BOULEVARD),48,
2.02E+11,17,9,2024,14:10,1,93,93027,2,5,1,3,PALMERS (PONT),48,
2.02E+11,17,9,2024,3:30,5,93,93010,2,1,1,6,ETOILE (AL. DE L'),48,
2.02E+11,17,9,2024,17:25,1,93,93007,2,2,1,3,MASCOTTES (RUE DES),48,
2.02E+11,17,9,2024,15:30,1,93,93027,2,1,1,3,VAILLANT-COUTURIER (AVENUE PAUL),48,
2.02E+11,17,9,2024,18:30,1,92,92063,2,1,1,6,BONAPARTE (AVENUE NAPOLEON) NORD,48,
2.02E+11,17,9,2024,22:20,5,92,92040,2,6,1,2,FRERES VOISIN (BOULEVARD DES),48,
2.02E+11,17,9,2024,20:15,5,62,62534,2,6,1,3,D342,50,
2.02E+11,7,9,2024,5:30,5,95,95487,2,1,2,3,D4Z,49,
2.02E+11,17,9,2024,15:25,1,84,84137,2,1,1,7,Avenue Ulysse Fabre,44,
2.02E+11,7,9,2024,11:57,1,22,22093,1,1,1,4,RN12,48,
2.02E+11,18,9,2024,8:00,1,30,30141,1,3,1,3,N 580,44,
2.02E+11,17,9,2024,20:55,2,61,61497,1,1,1,6,Aire de la Dentelle,48,
2.02E+11,16,9,2024,16:50,1,51,51530,2,3,1,3,22 rue du 11 novembre,49,
2.02E+11,14,9,2024,19:15,1,51,51161,2,1,1,7,Rue du 8 Mai,49,
2.02E+11,18,9,2024,16:15,1,76,76452,1,1,1,7,D44,49,
2.02E+11,18,9,2024,11:00,1,82,82184,1,1,1,6,1280 Route de Nègrepelisse,44,
2.02E+11,18,9,2024,7:45,2,11,11437,1,1,1,1,N/A,43,
2.02E+11,18,9,2024,16:05,1,25,25326,1,1,1,7,D11,47,
2.02E+11,16,9,2024,17:40,1,35,35306,1,3,1,3,D117,48,
2.02E+11,18,9,2024,12:25,1,29,29158,2,2,1,3,Rue du 19 Mars 1962,47,
2.02E+11,17,9,2024,18:00,1,38,38126,2,2,1,6,Chemin Charles Pajon,45,
2.02E+11,18,9,2024,13:15,1,2,2693,1,1,1,7,D2,49,
2.02E+11,18,9,2024,7:15,3,26,26357,1,1,1,7,Route d'Orange,44,
2.02E+11,18,9,2024,12:00,1,72,72080,1,4,1,3,Lieu Dit la Justiere,48,
2.02E+11,17,9,2024,14:00,1,18,18138,1,1,1,3,N/A,47,
2.02E+11,16,9,2024,17:15,1,18,18242,1,1,1,7,N/A,46,
2.02E+11,18,9,2024,10:00,1,7,7346,2,3,1,3,1 Faubourg de la Madeleine,44,
2.02E+11,17,9,2024,17:46,1,38,38249,1,3,1,1,D11 / A41s,45,
2.02E+11,11,9,2024,14:45,1,17,17228,1,1,1,1,route centre europe atlantique,45,
2.02E+11,18,9,2024,12:55,1,973,97311,2,3,1,3,Avenue Gaston Monnerville - Chemin de fatima,5,
2.02E+11,15,9,2024,4:30,5,91,91662,2,1,1,6,1 Route de Montflix,48,
2.02E+11,16,9,2024,11:15,1,91,91180,1,1,1,6,D372,48,
2.02E+11,17,9,2024,11:25,1,83,83016,1,1,1,3,Dn8,43,
2.02E+11,30,11,2024,1:00,3,49,49248,1,1,1,7,Rd 71,47,
2.02E+11,17,9,2024,19:00,1,13,13100,1,1,1,1,D99,43,
2.02E+11,17,9,2024,16:00,1,71,71176,2,3,1,2,11 Rue des Blattiers,46,
2.02E+11,30,11,2024,2:13,3,6,6123,1,1,1,4,A8 PK 184.000 Nord,43,
2.02E+11,17,9,2024,6:14,3,71,71325,2,1,1,1,D979,46,
2.02E+11,17,9,2024,11:00,1,42,42265,1,2,1,3,Route de Chuyer,45,
2.02E+11,29,11,2024,21:00,3,59,59488,1,1,1,5,A2 sens VALENCIENNES vers PARIS PK 031.400,50,
2.02E+11,18,9,2024,12:45,1,42,42261,2,3,1,6,Route de Lyon,45,
2.02E+11,28,11,2024,13:15,1,987,98722,2,1,1,1,pk 19,-17,
2.02E+11,16,9,2024,8:40,1,38,38507,1,1,1,3,rue de la chapelle,45,
2.02E+11,30,11,2024,12:30,1,988,98802,1,1,1,7,Route menant à Bouraké,-21,
2.02E+11,16,9,2024,10:00,1,1,1297,1,1,1,1,D22,45,
2.02E+11,29,11,2024,19:15,3,986,98613,1,6,1,1,Ahoa,-13,
2.02E+11,30,11,2024,12:00,1,45,45010,2,1,5,6,D921 PR 22 + 880,48,
2.02E+11,1,8,2024,20:30,1,35,35206,2,3,1,2,D837,48,
2.02E+11,30,11,2024,14:45,1,77,77145,1,1,5,1,D1036,48,
2.02E+11,18,9,2024,12:45,1,76,76495,2,1,1,2,Rue Pihet,49,
2.02E+11,28,11,2024,23:55,3,78,78305,1,1,9,7,D45 intersection chemin de Poissy,48,
2.02E+11,30,11,2024,1:50,4,66,66182,1,6,1,2,D81,42,
2.02E+11,17,9,2024,17:40,1,2,2555,1,2,1,3,D11,48,
2.02E+11,29,11,2024,13:05,1,34,34050,1,1,1,3,D106,43,
2.02E+11,30,11,2024,4:47,3,5,5151,1,1,1,6,Route Nationale de Prelles,44,
2.02E+11,16,9,2024,12:00,1,59,59400,2,2,1,3,Place de la Libération,50,
2.02E+11,30,11,2024,5:15,3,13,13042,1,1,1,1,D8n,43,
2.02E+11,17,9,2024,8:00,1,91,91286,1,1,1,2,AUTOROUTE A6,48,
2.02E+11,16,9,2024,14:45,1,93,93063,1,1,1,2,AUTOROUTE A3,48,
2.02E+11,29,11,2024,18:30,5,38,38087,2,9,1,6,1799 Avenue Frédéric Mistral,45,
2.02E+11,16,9,2024,13:00,1,93,93027,1,1,1,4,AUTOROUTE A1,48,
2.02E+11,29,11,2024,7:05,3,38,38215,1,2,5,6,Route des Moilles,45,
2.02E+11,27,11,2024,12:40,1,38,38276,2,1,1,6,D 1085,45,
2.02E+11,16,9,2024,6:30,3,93,93064,1,1,1,2,AUTOROUTE A86,48,
2.02E+11,30,11,2024,15:20,1,69,69009,1,1,1,1,Route de Lyon,45,
2.02E+11,15,9,2024,7:25,2,93,93005,1,1,1,2,AUTOROUTE A1,48,
2.02E+11,26,11,2024,8:23,2,35,35047,2,6,1,6,Rue du Champ Niguel,48,
2.02E+11,16,9,2024,18:40,1,93,93051,1,1,1,6,A4,48,
2.02E+11,8,4,2024,19:00,1,55,55029,2,1,1,6,SCHUMAN ( RUE ROBERT ),48,
2.02E+11,18,11,2024,7:42,1,60,60134,1,1,8,4,D1016,49,
2.02E+11,31,5,2024,16:10,1,84,84088,1,1,1,1,318 Route de Patris,44,
2.02E+11,29,11,2024,18:48,3,13,13210,1,1,1,2,A50-Sens Aubagne vers Marseille,43,
2.02E+11,17,7,2024,21:25,2,57,57597,1,1,1,7,CD9,49,
2.02E+11,28,11,2024,14:55,1,83,83137,2,1,1,2,A50 TUNNEL TUBE NORD,43,
2.02E+11,17,7,2024,17:30,1,28,28085,2,3,1,3,COURTILLE (BOULEVARD DE LA),48,
2.02E+11,21,11,2024,6:00,2,69,69029,1,1,1,3,Route Départementale 383,45,
2.02E+11,28,11,2024,20:15,5,42,42005,1,1,1,2,A72,45,
2.02E+11,30,3,2024,4:10,4,75,75112,2,1,3,2,QUAI DE BERCY,48,
2.02E+11,19,7,2024,18:40,1,57,57690,2,3,1,2,40 Rue du Wenheck,49,
2.02E+11,29,11,2024,18:56,3,33,33318,1,1,1,4,N/A,44,
2.02E+11,16,9,2024,11:14,1,987,98735,2,1,1,2,CLEMENCEAU (RUE QTIER MAMAO),-17,
2.02E+11,28,11,2024,10:05,1,33,33550,1,1,1,4,N/A,44,
2.02E+11,16,9,2024,10:45,1,987,98736,2,9,1,3,CHARLES DE GAULLE (AV),-17,
2.02E+11,27,11,2024,18:45,4,33,33249,1,1,1,4,N/A,44,
2.02E+11,15,9,2024,15:57,1,987,98736,1,6,1,3,ARIIPAEA POMARE (AV),-17,
2.02E+11,29,11,2024,15:43,1,78,78640,1,1,1,3,N118,48,
2.02E+11,16,9,2024,13:28,1,976,97611,2,1,3,3,doujani-Mouhindi Hassani (rue ),-12,
2.02E+11,23,11,2024,23:40,5,92,92051,1,1,1,3,RN13,48,
2.02E+11,16,9,2024,8:45,1,974,97416,2,9,1,3,HIPPOLYTE  PIOT (RUE),-21,
2.02E+11,29,11,2024,14:00,1,95,95018,1,1,1,3,A15,48,
2.02E+11,16,9,2024,6:50,1,974,97416,2,9,1,6,LIGNE PARADIS(ROUTE DE LA),-21,
2.02E+11,29,11,2024,7:20,3,95,95018,1,1,1,2,A15,48,
2.02E+11,15,9,2024,17:00,1,974,97411,1,1,1,3,JAURES (BOULEVARD JEAN),-20,
2.02E+11,29,11,2024,4:00,5,93,93005,1,1,1,2,AUTOROUTE A3,48,
2.02E+11,15,9,2024,20:30,3,973,97302,2,1,1,6,FELIX EBOUE(ROCADE),4,
2.02E+11,28,11,2024,10:05,1,95,95256,1,1,1,3,N184,49,
2.02E+11,14,9,2024,23:55,4,973,97302,2,1,1,7,REPUBLIQUE (BD DE LA),4,
2.02E+11,28,11,2024,9:08,1,93,93005,1,1,1,2,AUTOROUTE A3,48,
2.02E+11,27,11,2024,17:50,1,92,92036,1,1,1,3,AUTOROUTE A15,48,
2.02E+11,16,9,2024,17:30,1,69,69383,2,2,8,3,Rue André Philip,45,
2.02E+11,27,11,2024,10:30,1,93,93027,1,1,1,3,BDL,48,
2.02E+11,29,11,2024,8:00,1,77,77121,1,1,1,2,A104,48,
2.02E+11,15,9,2024,19:50,3,972,97213,1,1,1,2,ROUTE NATIONALE 5,14,
2.02E+11,14,9,2024,8:50,1,69,69384,2,1,1,3,85 Boulevard de la Croix-Rousse,45,
2.02E+11,24,7,2024,20:35,1,34,34301,2,6,1,3,AVENUE GILBERT MARTELLI,43,
2.02E+11,15,9,2024,12:00,1,971,97101,1,1,1,2,ROUTE DE CHAZEAU,16,
2.02E+11,14,9,2024,18:30,5,971,97113,1,1,1,3,SECTION BESSON,16,
2.02E+11,16,9,2024,12:10,1,2A,2A004,2,1,1,6,#226 Salario#,41,
2.02E+11,15,9,2024,18:40,1,95,95582,2,3,1,3,D14,48,
2.02E+11,26,7,2024,22:30,4,34,34301,1,1,1,3,BALARUC (ROUTE DE),43,
2.02E+11,16,9,2024,11:55,1,91,91027,2,1,1,3,AV DU 18 AVRIL,48,
2.02E+11,28,6,2024,12:59,1,93,93029,2,1,1,3,Avenue Henri Barbusse,48,
2.02E+11,21,6,2024,21:15,2,93,93029,2,3,1,6,Avenue Jean Jaures / Avenue de la Saussaye,48,
2.02E+11,16,9,2024,12:15,1,91,91326,2,2,1,6,MONTTESSUY (RUE DE),48,
2.02E+11,25,6,2024,20:45,2,93,93029,2,1,1,3,Avenue de la Concorde,48,
2.02E+11,21,6,2024,8:20,1,93,93029,2,1,2,6,Rue Saint Stenay / Centre Commercial Avenir,48,
2.02E+11,17,6,2024,16:40,1,93,93029,2,1,1,6,Rue Anatole France,48,
2.02E+11,16,9,2024,7:00,2,91,91027,2,2,1,3,AV FRANCOIS MITTERRAND,48,
2.02E+11,16,6,2024,22:50,5,93,93029,2,1,1,6,Rue Emmanuel Vinson,48,
2.02E+11,8,6,2024,13:45,1,93,93029,2,9,1,1,Rue de la Republique,48,
2.02E+11,16,9,2024,8:30,1,91,91433,1,1,1,2,R.D. 20,48,
2.02E+11,7,6,2024,13:50,1,93,93029,2,1,1,6,Rue Sadi Carnot,48,
2.02E+11,7,9,2024,7:19,1,88,88413,1,9,1,7,RUE DE L ANCIENNE FECULERIE,48,
2.02E+11,16,9,2024,10:04,1,87,87085,2,1,1,6,PERRIN (RUE FRANCOIS),45,
2.02E+11,3,6,2024,7:16,1,93,93029,2,3,1,2,Avenue Henri Barbusse / Rue Pegoud,48,
2.02E+11,13,9,2024,16:46,1,87,87065,2,1,1,6,RD979,45,
2.02E+11,1,6,2024,15:40,1,93,93029,2,3,3,3,Avenue Jean Jaures / Avenue Garibaldi,48,
2.02E+11,13,9,2024,18:52,1,86,86158,2,1,7,6,Rue de Nanteuil,46,
2.02E+11,7,7,2024,10:15,1,13,13099,1,3,1,1,Chemin Departemental 952,43,
2.02E+11,16,9,2024,7:20,1,84,84080,2,6,1,6,PASTEUR BOULEVARD,44,
2.02E+11,28,11,2024,15:50,1,988,98818,2,2,1,6,RUE SUZANNE ULM/RUE DES DAHLIAS,-22,
2.02E+11,16,9,2024,10:45,1,84,84007,2,2,1,3,TARASCON (AVENUE DE),43,
2.02E+11,28,11,2024,17:40,1,974,97416,1,1,1,2,ENTRE DEUX(route de l'),-21,
2.02E+11,16,9,2024,18:05,1,83,83062,2,1,1,2,BARTOLINI (RUE JEAN),43,
2.02E+11,28,11,2024,14:00,1,974,97409,2,3,1,5,DU LYCEE(RUE),-20,
2.02E+11,15,9,2024,14:10,1,80,80674,1,1,1,6,ROCADE NORD EST RN 25,49,
2.02E+11,15,9,2024,10:30,1,80,80674,1,1,1,7,ROCADE NORD RN 1,49,
2.02E+11,29,11,2024,0:40,5,974,97407,2,1,1,2,COMMUNE DE PARIS (AVENUE),-20,
2.02E+11,15,9,2024,2:50,5,80,80021,2,1,1,7,Rue Vanmarcke,49,
2.02E+11,28,11,2024,1:00,3,972,97209,1,1,1,6,Chateauboeuf  (Pont de),14,
2.02E+11,15,9,2024,6:59,2,77,77288,1,1,1,3,D605,48,
2.02E+11,28,11,2024,8:25,1,69,69384,2,1,2,5,20 Montée de la Boucle,45,
2.02E+11,14,9,2024,18:30,1,76,76447,1,6,1,7,RD 31,49,
2.02E+11,14,9,2024,19:10,1,76,76351,2,2,1,3,DENIS CORDONNIER (RUE),49,
2.02E+11,15,9,2024,9:40,1,72,72181,2,6,7,3,MAILLETS (RUE DES) IMP 161 ET plus,48,
2.02E+11,27,11,2024,19:20,3,2B,2B037,2,8,1,3,TOUTES RUES,42,
2.02E+11,28,11,2024,15:00,1,971,97101,2,1,1,2,GRAND CAMP(SECTION),16,
2.02E+11,16,9,2024,15:45,1,69,69092,1,2,1,3,Route de Tarare,45,
2.02E+11,16,9,2024,21:45,3,64,64373,1,1,1,6,D802,43,
2.02E+11,27,11,2024,15:53,1,971,97113,2,2,1,3,GRAND BAIE ( RN4),16,
2.02E+11,28,11,2024,10:15,1,95,95585,2,6,1,6,D125,48,
2.02E+11,16,9,2024,21:18,5,64,64445,2,2,1,1,JEAN MERMOZ,43,
2.02E+11,28,11,2024,10:30,1,95,95277,1,1,1,2,D170,48,
2.02E+11,16,9,2024,13:24,1,63,63075,2,1,1,2,ROYAT (AVENUE DE),45,
2.02E+11,28,11,2024,13:30,1,95,95598,2,1,1,7,ANDILLY (RUE D'),48,
2.02E+11,11,9,2024,13:10,1,62,62065,2,1,1,2,Rue Charles Helle,50,
2.02E+11,28,11,2024,16:00,1,95,95488,2,1,7,6,D106,49,
2.02E+11,12,9,2024,1:45,5,62,62270,2,1,2,7,Rue Maurice Thorez,50,
2.02E+11,28,11,2024,13:15,1,91,91589,2,3,1,3,RUE DE L EGLISE,48,
2.02E+11,12,9,2024,17:45,1,62,62642,2,1,1,1,D941,50,
2.02E+11,16,9,2024,11:37,1,60,60463,2,1,1,6,Rue Ronsard,49,
2.02E+11,15,9,2024,12:15,1,60,60159,2,1,1,6,Avenue Royale,49,
2.02E+11,27,11,2024,17:57,5,91,91286,2,2,2,3,EMILE ALLIAUD (AVENUE),48,
2.02E+11,28,11,2024,19:00,5,91,91174,2,1,1,6,RUE LAMARTINE,48,
2.02E+11,13,9,2024,9:14,1,59,59585,2,8,1,3,Rue Edouard Watrelot,50,
2.02E+11,28,4,2024,17:45,1,974,97416,1,1,1,2,RN1 (ROUTE NATIONALE),-21,
2.02E+11,27,11,2024,17:20,5,91,91228,2,1,2,6,BD DES COQUIBUS,48,
2.02E+11,28,4,2024,16:30,1,974,97416,1,1,1,6,CONCESSION CONDE(CHEMIN),-21,
2.02E+11,16,9,2024,12:50,1,56,56260,2,9,1,3,Boulevard du Colonel Rémy,47,
2.02E+11,27,11,2024,22:35,3,30,30011,1,1,1,7,ARAMON (ROUTE D'),43,
2.02E+11,28,4,2024,6:05,3,974,97411,2,1,1,6,DIGUE (ROUTE),-20,
2.02E+11,16,9,2024,13:50,1,56,56083,2,1,1,6,Rue Gérard Philipe,47,
2.02E+11,27,11,2024,9:30,1,84,84007,2,1,1,6,PINEDE (AVENUE DE LA) MTF,43,
2.02E+11,27,4,2024,18:20,5,974,97411,2,1,1,3,BRIDET,-20,
2.02E+11,14,9,2024,17:11,1,56,56121,2,6,1,2,Place du Bourgneuf,47,
2.02E+11,27,11,2024,8:30,1,84,84007,2,1,1,2,EUROPE (PONT DE L'),43,
2.02E+11,15,9,2024,16:20,1,51,51454,2,1,1,7,ARBALETE (RUE),49,
2.02E+11,28,4,2024,17:50,1,972,97213,2,1,1,1,LEOPOLD BISSOL (RUE),14,
2.02E+11,27,11,2024,16:50,2,83,83090,2,1,1,1,Boulevard de Léry prolongé,43,
2.02E+11,15,9,2024,12:15,1,51,51172,2,1,1,7,ROUSSILLON (AVENUE),49,