Num_Acc,jour,mois,an,hrmn,lum,dep,com,agg,int,atm,col,adr,lat,long
2.02E+11,14,12,2024,10:05,1,74,74223,1,1,4,1,Route du Fer à cheval,46,
2.02E+11,8,2,2024,7:20,4,35,35238,1,6,2,3,ALMA (DE L'),48,
2.02E+11,29,6,2024,0:24,5,44,44109,2,3,1,3,15 Boulevard Joliot Curie,47,
2.02E+11,8,2,2024,8:00,5,35,35238,2,1,2,3,CLEMENCEAU (BD GEORGES),48,
2.02E+11,28,6,2024,9:30,1,44,44143,2,1,1,6,1 Rue Victor Hugo,47,
2.02E+11,7,2,2024,10:10,1,34,34172,2,6,1,2,SAINT MAUR (AVENUE DE),43,
2.02E+11,20,12,2024,16:25,1,84,84035,1,1,6,1,AVIGNON-RD973 (ROUTE D'),43,
2.02E+11,28,11,2024,10:00,1,2B,2B050,1,1,1,6,RT 30,42,
2.02E+11,8,2,2024,17:50,1,32,32013,2,1,8,3,TAPIS VERT,43,
2.02E+11,8,2,2024,21:19,5,31,31069,2,1,2,6,PAILLE (CH DE LA),43,
2.02E+11,25,11,2024,21:39,3,91,91661,1,1,1,2,AUTOROUTE A10,48,
2.02E+11,8,2,2024,15:00,1,31,31555,2,2,1,3,BD PIERRE ET MARIE CURIE,43,
2.02E+11,30,12,2024,9:52,1,30,30189,2,3,1,6,BIR HAKEIM (AVENUE),43,
2.02E+11,7,10,2024,9:25,1,60,60138,1,1,1,4,D1330,49,
2.02E+11,7,2,2024,15:25,1,19,19031,2,2,1,3,BUGEAUD (AVENUE MARECHAL),45,
2.02E+11,1,10,2024,15:45,1,60,60286,2,1,7,6,Place Barbier,49,
2.02E+11,8,2,2024,1:42,4,18,18279,2,1,2,6,19 Rue du Docteur Pierre Roux,47,
2.02E+11,30,10,2024,6:50,2,55,55181,2,3,1,3,Rue Raymond Poincare,49,
2.02E+11,8,2,2024,7:50,3,14,14118,2,3,2,7,30 Place de la Liberté,49,
2.02E+11,8,2,2024,20:30,5,13,13209,2,1,1,3,MICHELET (BOULEVARD),43,
2.02E+11,21,11,2024,19:08,5,14,14220,2,6,4,2,2 Rue Désiré le Hoc,49,
2.02E+11,8,2,2024,20:00,5,13,13210,2,1,1,6,CAPELETTE (AVENUE DE LA),43,
2.02E+11,8,2,2024,7:25,1,13,13214,2,1,1,1,SAINTE MARTHE (chemin),43,
2.02E+11,13,12,2024,7:15,2,74,74007,1,3,1,1,Route de Bonneville,46,
2.02E+11,3,2,2024,11:00,1,13,13214,2,1,1,6,SAINTE MARTHE (chemin),43,
2.02E+11,8,2,2024,15:00,1,13,13028,2,1,1,3,Rond-Point Rovarch/Saint Jean,43,
2.02E+11,12,12,2024,21:10,3,74,74171,1,1,1,3,Route de geneve,46,
2.02E+11,8,2,2024,11:10,1,13,13004,2,4,1,3,RUE DE L AMPHITHEATRE,43,
2.02E+11,12,12,2024,8:30,1,74,74143,2,3,1,6,2150 Avenue des alpages,45,
2.02E+11,2,2,2024,19:30,5,13,13001,2,1,1,6,RD 17,43,
2.02E+11,9,12,2024,15:35,1,74,74280,2,1,1,6,8 Avenue d'annecy,45,
2.02E+11,7,2,2024,7:45,2,11,11069,2,1,1,2,71 Rue Antoine Marty,43,
2.02E+11,21,11,2024,12:10,1,32,32119,2,1,1,6,Boulevard d'Artagnan,43,
2.02E+11,8,2,2024,18:30,5,10,10387,2,1,2,7,Boulevard Gambetta,48,
2.02E+11,8,2,2024,18:30,5,8,8409,2,7,3,6,MARNE (AVENUE DE LA),49,
2.02E+11,29,11,2024,10:50,1,32,32043,1,9,1,5,D1,43,
2.02E+11,7,2,2024,9:55,1,7,7281,2,1,1,3,BOUVAT (QUAI JULES),44,
2.02E+11,21,11,2024,17:45,2,32,32121,1,2,1,3,D634 - PR 8+450,43,
2.02E+11,8,2,2024,14:14,1,6,6088,2,2,1,3,Boulevard Gambetta,43,
2.02E+11,21,11,2024,16:00,1,29,29158,2,1,6,1,Rue de l'Abbé Stéphan,47,
2.02E+11,8,2,2024,10:30,1,6,6069,2,1,1,3,Route de Cannes,43,
2.02E+11,28,11,2024,15:40,1,13,13021,1,1,1,2,D9,43,
2.02E+11,8,2,2024,18:15,5,6,6029,2,1,1,1,Avenue Michel Jourdan,43,
2.02E+11,16,12,2024,10:55,1,62,62473,1,1,1,7,rue du nocq picot,50,
2.02E+11,8,2,2024,8:58,1,4,4070,2,1,1,1,NOEL (AV. DU COL.),44,
2.02E+11,3,10,2024,22:40,5,62,62108,2,3,1,3,Rue Alfred Lambert,50,
2.02E+11,8,2,2024,8:10,2,1,1053,2,6,2,3,MERCIER (AVENUE AMEDEE DU 45 AU FIN),46,
2.02E+11,8,2,2024,19:30,5,75,75113,2,1,2,2,QUAI D IVRY,48,
2.02E+11,7,5,2024,19:40,1,44,44162,2,1,1,4,Boulevard Charles De Gaulle,47,
2.02E+11,2,5,2024,17:00,1,44,44109,2,2,1,3,Boulevard de la Beaujoire,47,
2.02E+11,8,2,2024,23:00,5,75,75118,2,1,2,5,BOULEVARD BARBES,48,
2.02E+11,30,4,2024,15:55,1,44,44109,2,1,1,6,31 Rue du Corps de Garde ,47,
2.02E+11,19,1,2024,23:15,5,64,64102,2,1,1,6,N/A,43,
2.02E+11,8,2,2024,16:15,1,75,75117,2,3,2,3,AVENUE DE LA PORTE DE CLICHY,48,
2.02E+11,7,2,2024,11:35,1,75,75114,2,1,2,6,BOULEVARD ARAGO,48,
2.02E+11,17,4,2024,9:05,1,44,44109,2,1,1,3,69 Boulevard Joliot Curie,47,
2.02E+11,8,2,2024,16:30,1,75,75113,2,3,2,6,AVENUE D ITALIE,48,
2.02E+11,31,10,2024,16:25,1,62,62108,2,1,1,6,Rue Gabriel Péri,50,
2.02E+11,7,12,2024,5:45,3,84,84142,1,1,1,6,D146,43,
2.02E+11,8,2,2024,18:25,5,75,75111,2,2,2,6,BOULEVARD DE BELLEVILLE,48,
2.02E+11,8,2,2024,9:30,1,75,75108,2,1,2,7,COURS ALBERT 1ER,48,
2.02E+11,18,10,2024,22:35,3,84,84004,1,3,1,3,route de saint-véran,44,
2.02E+11,8,2,2024,14:32,1,75,75107,2,1,2,6,BOULEVARD DES INVALIDES,48,
2.02E+11,8,2,2024,10:40,1,75,75107,2,2,2,6,RUE DU BAC,48,
2.02E+11,31,8,2024,7:00,2,84,84122,1,1,1,1,2122 Route d'Orange,44,
2.02E+11,7,2,2024,14:30,1,75,75107,2,1,2,6,BOULEVARD SAINT GERMAIN,48,
2.02E+11,23,12,2024,19:55,5,74,74012,2,1,2,6,FLORISSANT (AVENUE),46,
2.02E+11,8,2,2024,18:00,2,94,94078,2,3,2,3,Rue Pommier / Rue du Roi Albert 1er,48,
2.02E+11,18,12,2024,23:20,5,74,74010,2,6,1,3,CHARLES DE GAULLE (PLACE),45,
2.02E+11,8,2,2024,16:15,1,94,94046,2,2,2,5,Rue Michelet / Rue Condorcet,48,
2.02E+11,13,12,2024,13:10,1,74,74010,2,1,1,3,RHONE (AVENUE DU),45,
2.02E+11,8,2,2024,15:20,1,93,93078,2,1,2,6,Avenue du Maréchal de Lattre de Tassigny,48,
2.02E+11,2,12,2024,7:50,2,74,74012,2,3,9,3,EUROPE (AVENUE DE L'),46,
2.02E+11,8,2,2024,19:40,5,93,93059,2,1,8,6,Avenue Ledru Rollin,48,
2.02E+11,12,9,2024,11:15,1,73,73181,2,3,1,6,Rue cardinale,45,
2.02E+11,8,2,2024,18:20,5,93,93005,2,6,2,1,Avenue Eugène Schueller / Rue Arthur Chevalier,48,
2.02E+11,4,9,2024,15:35,1,73,73003,1,1,1,6,N90,45,
2.02E+11,8,2,2024,9:05,1,93,93005,2,9,8,1,Rue des Arts,48,
2.02E+11,21,10,2024,11:10,1,19,19146,2,9,1,2,N/A,45,
2.02E+11,8,2,2024,19:45,5,93,93066,2,3,2,3,Avenue Jean Moulin / Rue Jacques Woog,48,
2.02E+11,15,11,2024,16:05,1,50,50272,1,3,1,6,Rue du 30 Juillet 1944,48,
2.02E+11,8,2,2024,9:00,1,93,93066,2,1,2,3,Avenue du Président Wilson,48,
2.02E+11,31,10,2024,18:35,3,73,73106,1,1,1,1,D911,45,
2.02E+11,8,2,2024,8:30,1,93,93064,2,3,2,6,Rue Lavoisier / Rue Missak Manouchian,48,
2.02E+11,19,1,2024,12:00,1,64,64445,2,2,1,3,N/A,43,
2.02E+11,8,2,2024,5:25,5,93,93032,2,2,2,3,MONTFERMEIL   (ALLEE DE),48,
2.02E+11,30,9,2024,16:55,1,84,84143,1,4,1,1,D4,43,
2.02E+11,7,2,2024,11:10,1,93,93032,2,1,3,6,Avenue Jean Jaurès,48,
2.02E+11,29,9,2024,8:30,1,84,84099,2,1,1,1,Avenue Jean Giono,43,
2.02E+11,8,2,2024,8:27,1,93,93057,2,3,2,3,Avenue Aristide Briand / Rue des Ecoles,48,
2.02E+11,13,10,2024,20:00,3,84,84092,1,1,1,6,D28,43,
2.02E+11,19,7,2024,13:14,1,63,63113,2,1,1,2,viaduc Saint-Jacques,45,
2.02E+11,8,2,2024,19:10,5,93,93005,2,3,2,6,Boulevard de l'Hôtel de Ville / Rue Rouget de L'isle,48,
2.02E+11,28,3,2024,19:30,5,44,44190,2,6,1,6,1 Avenue de Glinde,47,
2.02E+11,5,6,2024,1:30,3,95,95488,1,1,1,6,A15,49,
2.02E+11,8,2,2024,15:40,1,93,93001,2,1,2,2,Rue du Moutier,48,
2.02E+11,9,8,2024,21:10,2,9,9282,2,8,1,6,N/A,43,
2.02E+11,4,6,2024,21:15,2,93,93010,1,1,1,3,A3,48,
2.02E+11,8,2,2024,10:57,1,92,92078,1,1,2,6,MARC SANGNIER (AVENUE),48,
2.02E+11,20,3,2024,14:10,1,44,44162,2,1,1,7,121 Boulevard François Mitterand,47,
2.02E+11,7,2,2024,22:26,4,92,92073,2,1,2,7,SELLIER (BOULEVARD HENRI),48,
2.02E+11,6,6,2024,13:55,1,77,77146,1,1,1,2,A4.Y,48,
2.02E+11,14,3,2024,17:10,1,44,44143,2,1,1,6,Rue Ordronneau,47,
2.02E+11,7,2,2024,19:26,5,92,92072,2,3,2,6,VILLE D'AVRAY (RUE DE ),48,
2.02E+11,6,6,2024,9:00,1,93,93051,1,1,1,2,A4,48,
2.02E+11,13,3,2024,17:25,1,44,44109,2,1,1,2,53 Rue du Coprs de Garde,47,
2.02E+11,3,2,2024,14:30,1,88,88413,2,1,1,2,Rue d'ALSACE,48,
2.02E+11,8,2,2024,13:25,1,92,92020,2,1,1,2,VANVES BOULEVARD N° IMPAIRS,48,
2.02E+11,7,2,2024,16:00,1,92,92012,2,9,2,6,GALLIENI (RUE) 55/157 - 50/140,48,
2.02E+11,7,6,2024,20:17,1,76,76255,1,4,1,1,Route d’Abbeville,50,
2.02E+11,27,5,2024,8:50,1,44,44020,1,1,1,2,N/A,47,
2.02E+11,3,1,2024,13:04,1,64,64102,2,8,1,6,Quai Resplandy,43,
2.02E+11,6,2,2024,8:15,1,974,97415,2,2,1,3,Rue Saint Louis,-20,
2.02E+11,25,1,2024,13:25,1,974,97411,2,2,1,6,LORY LES HAUTS (RUE),-20,
2.02E+11,11,3,2024,9:30,1,44,44047,2,1,1,3,20 Rue Jan Palach,47,
2.02E+11,25,5,2024,14:05,1,44,44109,2,1,1,6,Boulevard des Tirbunes,47,
2.02E+11,25,5,2024,6:45,2,44,44190,1,1,1,7,N/A,47,
2.02E+11,20,1,2024,13:30,1,6,6130,1,1,1,3,1916 Route de Cabris,43,
2.02E+11,24,5,2024,17:33,1,44,44109,2,1,1,2,28 Boulevard des Anglais,47,
2.02E+11,23,5,2024,8:30,1,44,44162,2,6,1,3,Rond-Point du Chemin de la Botardière,47,
2.02E+11,8,2,2024,14:15,1,62,62332,1,2,2,3,D919,50,
2.02E+11,21,5,2024,8:40,1,44,44109,2,3,1,3,71 Rue de Bel Air,47,
2.02E+11,9,2,2024,7:30,4,30,30047,1,1,2,2,D6113,43,
2.02E+11,21,5,2024,16:15,1,44,44114,2,6,8,3,Place de la France Libre,47,
2.02E+11,11,1,2024,10:00,1,57,57067,2,1,1,6,30 Grand Rue,49,
2.02E+11,18,5,2024,14:30,1,44,44109,2,1,1,6,35 Rue Félix Faure,47,
2.02E+11,9,2,2024,8:35,1,19,19276,1,1,8,6,N/A,45,
2.02E+11,17,5,2024,11:30,1,44,44109,2,1,8,6,1bis Quai de Tourville,47,
2.02E+11,7,2,2024,11:00,1,76,76697,1,1,3,7,D915,49,
2.02E+11,9,2,2024,9:30,1,63,63287,1,3,2,3,Intersection D999/D727,45,
2.02E+11,4,6,2024,18:50,5,987,98736,2,2,1,5,ARIIPAEA POMARE (AV),-17,
2.02E+11,5,6,2024,8:15,1,972,97209,1,1,1,3,AUTOROUTE (A1),14,
2.02E+11,9,2,2024,8:05,1,42,42159,1,2,8,3,Route de Lyon,45,
2.02E+11,5,6,2024,11:44,1,2B,2B033,2,1,1,2,FRANCOIS VITTORI,42,
2.02E+11,8,2,2024,7:15,3,35,35162,1,1,2,1,PK 5 RD177,48,
2.02E+11,5,6,2024,9:47,1,971,97120,2,9,1,6,HANNE (BOULEVARD),16,
2.02E+11,9,2,2024,17:15,1,29,29026,2,1,1,6,Quai Charles de Gaulle,48,
2.02E+11,5,6,2024,6:30,1,971,97105,2,3,1,3,FLAMBOYANTS (ALLEE DES),16,
2.02E+11,26,1,2024,19:00,3,29,29177,1,3,1,1,Le Rheun,48,
2.02E+11,5,6,2024,22:45,3,2A,2A004,2,1,1,6,SAINT ANTOINE RUE,41,
2.02E+11,5,6,2024,11:16,1,2A,2A004,2,3,1,4,Cara,41,
2.02E+11,5,6,2024,12:40,1,95,95598,2,1,1,2,D144,48,
2.02E+11,3,6,2024,19:50,1,91,91657,2,2,1,3,AV PAUL VAILLANT COUTURIER,48,
2.02E+11,4,6,2024,17:34,1,87,87085,2,1,1,6,BEAUBREUIL (AVENUE DE),45,
2.02E+11,3,6,2024,16:27,1,87,87085,2,1,1,6,THOMAS (AVENUE ALBERT),45,
2.02E+11,2,6,2024,22:10,3,86,86194,2,1,1,3,D910,46,
2.02E+11,13,5,2024,17:15,1,86,86194,2,1,1,5,Rue Georges Guynemer,46,
2.02E+11,5,6,2024,19:10,1,85,85191,2,2,1,3,Rue charles bourseul,46,
2.02E+11,5,6,2024,18:40,1,84,84087,1,3,1,3,JONQUIERES (ROUTE DE),44,
2.02E+11,5,6,2024,11:30,1,83,83137,2,2,1,6,FORT ROUGE (CHEMIN DU),43,
2.02E+11,2,6,2024,17:05,1,80,80021,2,1,1,3,Rue de Cagny,49,
2.02E+11,5,6,2024,21:35,1,78,78423,2,2,1,3,AUBISQUE (RUE DE L'),48,
2.02E+11,5,6,2024,9:00,1,74,74008,2,1,1,6,PAIX (RUE DE LA),46,
2.02E+11,1,6,2024,16:15,1,73,73065,2,1,1,6,VERDUN (QUAI DE),45,
2.02E+11,5,6,2024,13:40,1,73,73011,2,1,1,6,VIBERT (PLACE LEONTINE),45,
2.02E+11,4,6,2024,18:25,1,72,72003,2,1,1,2,CROIX GEORGETTE (RTE DE LA),47,
2.02E+11,4,6,2024,14:38,1,72,72181,2,8,1,3,JAURES JEAN (AV) N° IMP 35 A 179,47,
2.02E+11,5,6,2024,7:35,1,69,69275,2,3,1,3,Avenue Jean Jaurès,45,
2.02E+11,4,6,2024,22:05,2,69,69290,2,1,1,6,Rue Garibaldi,45,
2.02E+11,5,6,2024,7:30,1,69,69096,2,2,7,1,Avenue de la Liberté,45,
2.02E+11,4,6,2024,16:30,1,67,67482,2,1,1,1,REMPART (RUE DU),48,
2.02E+11,5,6,2024,7:00,1,66,66136,2,1,1,6,BARCAROLLES DES,42,
2.02E+11,5,6,2024,9:00,1,64,64445,2,2,1,3,CAMOU,43,
2.02E+11,4,6,2024,18:25,1,64,64102,2,1,1,2,REDUIT (PLACE DU),43,
2.02E+11,5,6,2024,18:00,1,63,63113,2,3,1,1,RABELAIS (RUE FRANCOIS),45,
2.02E+11,5,6,2024,13:44,1,63,63113,2,9,1,3,Carrefour des pistes (Clémentel-Jouhaux),45,
2.02E+11,5,6,2024,18:53,1,62,62065,2,1,1,1,Rue Joseph Petit,50,
2.02E+11,5,6,2024,9:30,1,59,59426,2,6,1,3,Route du Petit Menin,50,
2.02E+11,5,6,2024,23:20,5,59,59648,2,2,1,3,Rue Clémenceau,50,
2.02E+11,30,5,2024,22:44,5,57,57672,2,1,1,1,ROBERT SCHUMANN (BOULEVARD),49,
2.02E+11,5,6,2024,8:30,1,51,51454,2,1,1,6,SAVOYE (RUE),49,
2.02E+11,4,6,2024,19:17,1,49,49007,2,7,1,7,MADELEINE,47,
2.02E+11,4,6,2024,13:32,1,49,49353,2,1,1,7,DAUTEL BOULEVARD,47,
2.02E+11,4,6,2024,16:12,1,49,49007,2,1,1,4,POISSONNERIE,47,
2.02E+11,4,6,2024,9:56,1,49,49007,2,1,1,3,BRIOLLAY ROUTE,47,
2.02E+11,5,6,2024,23:00,5,45,45234,2,1,1,1,220 Rue du Faubourg Bannier,47,
2.02E+11,25,4,2024,18:52,1,74,74158,2,9,1,1,703 Route des voirons,46,
2.02E+11,5,6,2024,13:00,1,43,43157,1,1,1,7,Viaduc de Taulhac,45,
2.02E+11,23,2,2024,18:55,3,13,13039,1,1,1,1,RN 544,43,
2.02E+11,5,6,2024,13:20,1,36,36044,2,2,1,5,Avenue Charles de Gaulle 1890-1970,46,
2.02E+11,21,10,2024,22:40,4,974,97411,2,1,1,7,REYDELLET (ROUTE JULES),-20,
2.02E+11,20,10,2024,7:00,1,973,97302,1,1,1,6,ROUTE NATIONALE 1,4,
2.02E+11,5,6,2024,11:00,1,35,35238,2,6,1,2,SAINT-MALO (RUE DE),48,
2.02E+11,20,10,2024,3:50,5,973,97302,2,1,1,6,MONTABO (ROUTE DE) 1,4,
2.02E+11,5,6,2024,14:30,1,33,33063,2,9,1,6,N/A,44,
2.02E+11,21,10,2024,19:38,3,69,69387,2,3,1,3,Avenue Félix Faure,45,
2.02E+11,5,6,2024,8:30,1,33,33063,2,2,7,3,Rue de la Benatte,44,
2.02E+11,5,6,2024,19:30,1,33,33529,1,1,1,1,N/A,44,
2.02E+11,21,10,2024,14:30,1,69,69387,2,2,1,3,Rue Saint Jérome,45,
2.02E+11,5,6,2024,14:15,1,33,33009,2,6,1,3,N/A,44,
2.02E+11,21,10,2024,14:05,1,69,69386,2,1,1,3,Boulevard Stalingrad,45,
2.02E+11,5,6,2024,22:00,5,31,31555,2,9,1,3,CHE DE LA GLACIERE,43,
2.02E+11,5,6,2024,5:30,2,31,31555,2,2,1,3,RUE JEAN PHILIPPE RAMEAU,43,
2.02E+11,21,10,2024,10:50,1,69,69387,2,3,1,2,Rue Pasteur,45,
2.02E+11,4,6,2024,14:55,1,27,27229,2,1,1,3,CHURCHILL (AVENUE WINSTON),49,
2.02E+11,20,10,2024,6:40,2,971,97105,2,1,3,1,CHARLES DE GAULLE (BD DU GENERAL),15,
2.02E+11,4,6,2024,8:35,1,27,27229,2,1,1,3,ALLENDE (RUE SALVADOR),49,
2.02E+11,21,10,2024,13:10,1,95,95277,1,1,1,6,D902,48,
2.02E+11,5,6,2024,8:20,1,22,22215,2,1,1,1,ST-HERVE (RUE DE),48,
2.02E+11,21,10,2024,8:35,1,91,91691,2,1,1,6,GENERAL LECLER(RUE),48,
2.02E+11,18,10,2024,9:06,1,87,87085,2,3,1,3,TUILIERES (RUE DES),45,
2.02E+11,5,6,2024,11:42,1,19,19031,2,2,1,3,LOMBARD (AVENUE JACQUES),45,
2.02E+11,20,10,2024,6:33,5,86,86194,2,1,2,6,Boulevard Pont Achard,46,
2.02E+11,5,6,2024,6:10,1,17,17200,2,1,1,7,CLAVIER   AVENUE DU,46,
2.02E+11,21,10,2024,18:15,2,84,84007,2,1,1,1,FOLIE (AVENUE DE LA),43,
2.02E+11,5,6,2024,18:55,1,14,14333,2,1,1,3,avenue des hauts bords,49,
2.02E+11,21,10,2024,13:30,1,84,84034,1,1,1,2,CAVAILLON (ROUTE DE) MFT,43,
2.02E+11,5,6,2024,9:15,1,13,13215,2,3,1,1,ODDO (bd),43,
2.02E+11,3,10,2024,11:00,1,83,83123,2,1,1,3,SAINT ROCH (CHEMIN),43,
2.02E+11,5,6,2024,14:25,1,1,1344,2,1,1,3,TREVOUX (AVENUE DE),46,
2.02E+11,5,6,2024,20:00,1,75,75113,2,1,1,6,PORTE D ITALIE,48,
2.02E+11,21,10,2024,20:30,5,81,81065,2,2,1,3,METZ (PT.DE),43,
2.02E+11,4,6,2024,9:40,1,75,75119,2,1,1,4,BD PERIPHERIQUE EXTERIEUR,48,
2.02E+11,3,6,2024,11:30,1,75,75118,2,1,1,2,BD PERIPHERIQUE EXTERIEUR,48,
2.02E+11,21,10,2024,6:05,5,78,78401,2,1,2,2,RHIN ET DANUBE (PONT),48,
2.02E+11,3,6,2024,9:30,1,75,75120,2,1,1,3,BD PERIPHERIQUE EXTERIEUR,48,
2.02E+11,5,6,2024,14:35,1,75,75120,2,3,1,2,AVENUE DE LA PORTE DE VINCENNES,48,
2.02E+11,21,10,2024,16:10,1,77,77284,2,1,1,6,GAMBETTA (RUE),48,
2.02E+11,5,6,2024,8:05,1,75,75120,2,9,1,3,AVENUE DE LA PORTE DE VINCENNES,48,
2.02E+11,21,10,2024,7:50,2,76,76575,2,6,2,6,Avenue de l'Université,49,
2.02E+11,5,6,2024,11:45,1,75,75119,2,3,1,6,RUE DE KABYLIE,48,
2.02E+11,21,10,2024,7:15,5,76,76351,2,2,3,6,WINSTON CHURCHILL,49,
2.02E+11,5,6,2024,11:23,1,75,75117,2,3,1,3,BOULEVARD BESSIERES,48,
2.02E+11,5,6,2024,10:50,1,75,75117,2,2,1,3,RUE BROCHANT,48,
2.02E+11,20,10,2024,13:52,1,67,67365,2,1,1,6,FRERES (RUE DES),48,
2.02E+11,21,10,2024,11:15,1,64,64024,2,1,1,6,BOIS BELIN (RUE DU),43,
2.02E+11,5,6,2024,9:40,1,75,75116,2,1,1,5,ALLEE DU BORD DE L EAU,48,
2.02E+11,21,10,2024,7:15,5,64,64102,2,1,1,6,ROND POINT DU GRAND BASQUE,43,
2.02E+11,5,6,2024,8:55,2,75,75113,2,2,1,6,RUE DE TOLBIAC,48,
2.02E+11,5,6,2024,18:00,1,75,75112,2,3,1,6,RUE DU FAUBOURG SAINT ANTOINE,48,
2.02E+11,21,10,2024,15:30,1,59,59428,2,6,1,3,HUIT MAI 1945 (RUE DU),50,
2.02E+11,5,6,2024,10:50,1,75,75110,2,2,1,6,RUE LA FAYETTE,48,
2.02E+11,19,10,2024,14:00,1,56,56121,2,1,1,7,Rue général de Bollardière,47,
2.02E+11,5,6,2024,10:05,1,75,75109,2,3,1,6,RUE SAINT LAZARE,48,
2.02E+11,3,6,2024,15:40,1,94,94052,2,2,1,3,Rue du Général Chanzy / Rue de l’Amiral Courbet,48,
2.02E+11,18,10,2024,11:37,1,56,56083,2,1,1,7,Avenue de la République,47,
2.02E+11,5,6,2024,13:10,1,94,94054,2,1,1,2,Rue des Hautes Bornes,48,
2.02E+11,19,10,2024,17:00,1,55,55545,2,1,1,7,REPUBLIQUE ( QUAI DE LA ),49,
2.02E+11,4,6,2024,8:30,1,94,94017,2,1,1,2,Boulevard de Stalingrad,48,
2.02E+11,14,10,2024,11:10,1,55,55545,2,1,1,7,METZ ( AVENUE DE ),49,
2.02E+11,5,6,2024,17:39,1,93,93066,2,2,1,6,Boulevard Félix Faure / Rue Gabriel Péri,48,
2.02E+11,5,6,2024,7:15,1,93,93064,2,1,1,1,Rue du 4e Zouave,48,
2.02E+11,20,10,2024,13:15,1,54,54274,2,5,1,1,Rue Gabriel Fauré,48,
2.02E+11,30,5,2024,16:38,1,93,93053,2,1,8,1,Avenue de Rosny,48,
2.02E+11,4,6,2024,11:28,1,92,92078,2,1,1,6,EDOUARD MANET (RUE),48,
2.02E+11,20,10,2024,17:20,1,51,51454,2,1,1,3,DRUART (RUE EMILE),49,
2.02E+11,5,6,2024,15:49,1,92,92046,2,1,1,6,Charles de gaulle,48,
2.02E+11,20,10,2024,1:55,5,51,51454,2,1,1,6,LANSON (RUE),49,
2.02E+11,5,6,2024,7:30,1,92,92040,2,1,1,6,PIERRE BROSSOLETTE,48,
2.02E+11,21,10,2024,15:12,1,50,50532,1,6,3,3,LANDE (ROUTE),48,
2.02E+11,5,6,2024,9:44,1,92,92036,2,1,1,3,LOUIS ROCHE (AVENUE) (46/148),48,
2.02E+11,5,6,2024,12:18,1,92,92024,2,2,1,6,HENRI BARBUSSE (RUE) DE (73 A 139),48,
2.02E+11,19,10,2024,19:30,5,50,50129,2,6,8,5,ROND POINT DE CAPEL,49,
2.02E+11,5,6,2024,9:44,1,92,92012,2,9,1,1,PIERRE GRENIER (AVENUE),48,
2.02E+11,20,10,2024,9:00,1,49,49246,2,1,8,3,HUGO VICTOR RUE,47,
2.02E+11,5,6,2024,9:25,1,92,92002,2,3,1,3,ARISTIDE BRIAND (AVENUE),48,
2.02E+11,20,10,2024,7:30,2,48,48095,2,1,5,1,RD 42,44,
2.02E+11,21,10,2024,16:30,1,45,45232,2,3,1,1,108 Avenue du Loiret,47,
2.02E+11,2,6,2024,6:30,1,974,97415,1,1,1,5,Route Nationale 1,-20,
2.02E+11,21,10,2024,15:10,1,45,45075,2,1,1,3,10 Rue Montesquieu,47,
2.02E+11,6,6,2024,16:20,1,62,62327,1,1,1,1,D94,50,
2.02E+11,21,10,2024,12:45,1,37,37261,2,2,1,3,RENAULT (RUE DU GAL),47,
2.02E+11,5,6,2024,18:15,1,43,43185,1,3,1,1,Route de Charbonnier Carrefour D14 et D76,45,
2.02E+11,21,10,2024,7:45,2,37,37214,2,1,1,6,HUGO (RUE VICTOR),47,
2.02E+11,6,6,2024,16:23,1,76,76404,1,6,1,3,D925,49,
2.02E+11,21,10,2024,20:40,5,35,35238,2,3,8,6,SAINT-HELIER,48,
2.02E+11,5,6,2024,2:30,3,971,97132,1,1,2,6,Axe RN1,15,
2.02E+11,5,6,2024,14:00,1,14,14061,1,1,1,6,Route de Caen,48,
2.02E+11,21,10,2024,10:45,1,35,35238,2,3,2,3,BREST (DE),48,
2.02E+11,6,6,2024,7:30,1,67,67472,1,1,1,1,D138,48,
2.02E+11,21,10,2024,7:45,2,35,35189,1,1,3,4,RD 137,48,
2.02E+11,21,10,2024,17:30,1,33,33522,2,3,1,3,N/A,44,
2.02E+11,5,6,2024,16:50,1,34,34270,1,1,1,3,M132e2,43,
2.02E+11,21,10,2024,10:35,1,33,33318,2,2,7,2,N/A,44,
2.02E+11,21,10,2024,2:30,3,33,33281,2,1,1,6,N/A,44,
2.02E+11,5,6,2024,16:00,1,4,4033,1,1,1,1,d900,44,
2.02E+11,21,10,2024,23:05,5,31,31555,2,1,1,6,MINIMES (BD DES) DU 1AU 76,43,
2.02E+11,6,6,2024,8:30,1,2B,2B319,2,9,1,3,Valle Longhe,42,
2.02E+11,5,6,2024,14:00,1,65,65460,1,3,1,3,D935,43,
2.02E+11,21,10,2024,13:50,1,31,31483,2,1,1,2,GAMBETTA (BOULEVARD),43,
2.02E+11,5,6,2024,14:00,1,81,81201,1,1,1,2,Croix de Mille,44,
2.02E+11,5,6,2024,17:35,1,89,89460,1,1,1,1,Route de Misy,48,
2.02E+11,21,10,2024,20:10,3,30,30243,2,1,1,4,MONTEE DES CYPRES,44,
2.02E+11,21,10,2024,7:45,5,17,17415,2,1,1,7,CHERMIGNAC RUE DE,45,
2.02E+11,22,10,2024,0:30,5,13,13056,2,1,1,2,ZIEM (Avenue Félix),43,
2.02E+11,21,10,2024,21:30,5,13,13215,2,1,1,1,LYON (RUE DE),43,