Num_Acc,jour,mois,an,hrmn,lum,dep,com,agg,int,atm,col,adr,lat,long
2.02E+11,5,6,2024,17:10,1,49,49002,1,2,1,3,Route de l'Automne,47,
2.02E+11,21,10,2024,14:45,1,13,13211,2,3,1,3,RTE D' ALLAUCH,43,
2.02E+11,5,6,2024,21:00,1,12,12257,1,4,1,3,loupiac,44,
2.02E+11,21,10,2024,21:20,5,13,13047,2,1,1,3,RADOLFZELL AVENUE DE,43,
2.02E+11,4,6,2024,12:05,1,47,47208,1,1,1,2,D933,44,
2.02E+11,5,6,2024,20:11,1,68,68267,1,1,1,7,D19,47,
2.02E+11,20,10,2024,19:15,2,10,10343,2,3,1,1,GARE (RUE DE LA),48,
2.02E+11,5,6,2024,17:10,1,44,44163,2,1,1,1,11 Rue du Prieuré,47,
2.02E+11,21,10,2024,19:22,2,5,5061,1,3,1,3,D994,44,
2.02E+11,10,5,2024,11:00,1,29,29260,1,1,1,6,Rue de Pontavenec,48,
2.02E+11,21,10,2024,8:40,1,75,75117,2,3,1,3,RUE JACQUES IBERT,48,
2.02E+11,4,6,2024,11:20,1,38,38224,2,1,1,1,50 Route du Lac,44,
2.02E+11,21,10,2024,18:50,5,75,75108,2,1,1,6,COURS ALBERT 1ER,48,
2.02E+11,6,6,2024,9:35,1,2,2419,1,1,1,6,D774,49,
2.02E+11,21,10,2024,12:18,1,75,75108,2,2,8,6,RUE DE PONTHIEU,48,
2.02E+11,6,6,2024,17:00,1,2,2290,1,4,1,6,N/A,49,
2.02E+11,21,10,2024,7:50,2,75,75107,2,4,1,3,QUAI D ORSAY,48,
2.02E+11,5,6,2024,20:30,1,3,3062,1,1,1,7,3 Beaulieu,46,
2.02E+11,21,10,2024,11:55,1,75,75101,2,2,1,7,BOULEVARD DE SEBASTOPOL,48,
2.02E+11,5,6,2024,18:30,2,15,15199,1,1,1,7,VC lieu dit la Branche,44,
2.02E+11,21,10,2024,22:00,5,94,94073,1,1,2,3,Rue des Alouettes,48,
2.02E+11,6,6,2024,8:30,1,15,15019,1,4,1,7,RD 922,45,
2.02E+11,5,6,2024,17:45,1,66,66004,1,1,1,6,départementale 32,42,
2.02E+11,21,10,2024,18:00,1,94,94048,2,3,1,3,Rue des Orfevres,48,
2.02E+11,31,5,2024,23:00,5,6,6079,2,9,1,3,856 Avenue de Fréjus,43,
2.02E+11,21,10,2024,16:05,1,93,93055,2,1,1,4,JEAN LOLIVE (AVENUE)(55/73.62/86),48,
2.02E+11,21,10,2024,11:30,1,92,92078,2,2,1,6,GERARD PHILIPPE (SQUARE),48,
2.02E+11,4,6,2024,10:25,1,14,14011,1,2,1,3,Route de Caen,49,
2.02E+11,21,10,2024,8:30,1,92,92062,2,9,1,3,GENERAL DE GAULLE (AV) DU 63 AU 107,48,
2.02E+11,5,6,2024,18:10,1,14,14610,1,3,1,3,Rue de Caumont,49,
2.02E+11,21,10,2024,19:04,5,92,92023,2,1,8,6,HENRI BARBUSSE (AVENUE),48,
2.02E+11,21,10,2024,18:50,1,33,33243,2,1,1,6,N/A,44,
2.02E+11,21,10,2024,8:50,1,47,47145,1,1,1,6,N21,44,
2.02E+11,5,6,2024,13:25,1,60,60297,1,2,1,3,D151,49,
2.02E+11,22,10,2024,8:14,1,69,69273,2,1,2,2,1 Avenue du 24 Août 1944,45,
2.02E+11,5,6,2024,14:35,1,16,16292,2,1,1,6,6 Boulevard des Grands Rocs,46,
2.02E+11,21,10,2024,17:50,1,49,49343,1,2,8,3,D258,46,
2.02E+11,5,6,2024,15:18,1,16,16066,1,4,1,1,N/A,45,
2.02E+11,22,10,2024,7:25,2,10,10363,2,3,1,3,Route de Vaudes,48,
2.02E+11,5,6,2024,11:05,1,7,7349,2,1,1,2,20 Avenue Léon Blum,44,
2.02E+11,21,10,2024,21:00,3,67,67445,1,1,1,7,D35,48,
2.02E+11,6,6,2024,17:30,1,21,21345,1,1,1,1,D101k,47,
2.02E+11,6,6,2024,17:05,1,24,24326,1,1,1,6,base de canoé,44,
2.02E+11,20,10,2024,10:52,3,42,42198,1,2,1,3,Route de la Gare,46,
2.02E+11,16,10,2024,18:15,1,42,42157,2,1,1,3,Route de Roanne,46,
2.02E+11,6,6,2024,9:15,1,85,85024,1,2,1,3,RD21A,46,
2.02E+11,20,10,2024,10:45,1,41,41252,1,1,1,6,A10 PK 137.900 vers Paris,47,
2.02E+11,6,6,2024,9:15,1,85,85047,1,1,1,3,RD58,46,
2.02E+11,5,6,2024,17:30,1,85,85051,2,6,1,7,D949b,46,
2.02E+11,21,10,2024,21:15,5,1,1033,2,1,1,1,Rue de l'Industrie,46,
2.02E+11,22,10,2024,9:35,1,12,12270,1,1,1,2,Autoroute 75 - PK 199+040,44,
2.02E+11,4,6,2024,18:00,1,28,28047,1,1,1,5,N 154,48,
2.02E+11,16,4,2024,0:20,3,28,28199,1,1,1,3,N254,48,
2.02E+11,6,6,2024,11:30,1,30,30012,1,1,1,4,Départementale 2,43,
2.02E+11,22,10,2024,9:40,1,80,80680,2,3,1,1,2 Rue d'Hangest Dolez,49,
2.02E+11,6,6,2024,10:15,1,30,30266,2,1,1,3,route nationale,44,
2.02E+11,5,6,2024,17:15,1,30,30173,1,1,1,7,N/A,44,
2.02E+11,22,10,2024,8:15,1,63,63040,1,6,1,7,D997,45,
2.02E+11,5,6,2024,17:30,1,30,30284,1,1,1,1,Rocade Nord,44,
2.02E+11,21,10,2024,10:45,1,61,61211,2,1,3,3,4 Rue des Rhodos,48,
2.02E+11,5,6,2024,12:20,1,68,68375,2,1,1,6,Rue des Pays-Bas,47,
2.02E+11,22,10,2024,7:40,2,49,49120,1,1,1,1,D751,47,
2.02E+11,18,10,2024,17:00,2,41,41059,1,4,1,3,Rue des Carrières,47,
2.02E+11,5,6,2024,17:10,1,38,38405,1,3,1,2,D520 intersection chemin des roux,45,
2.02E+11,21,10,2024,12:15,1,44,44157,1,3,1,3,La Billonniere,46,
2.02E+11,31,5,2024,3:50,3,67,67194,1,1,3,7,A35,48,
2.02E+11,4,6,2024,7:00,1,976,97606,1,1,1,3,CCD5 - MALAMANI,-12,
2.02E+11,22,10,2024,15:21,1,29,29105,2,6,1,2,Boulevard de la République,48,
2.02E+11,5,6,2024,16:15,1,987,98724,2,1,1,3,District de Fare,-16,
2.02E+11,22,10,2024,12:30,1,2,2589,1,2,1,3,D15,49,
2.02E+11,22,10,2024,10:44,1,3,3208,1,1,1,6,Route du Donjon,46,
2.02E+11,6,6,2024,7:51,1,973,97306,1,1,1,2,Avenue Eugene Lesperant CD9 PK31,5,
2.02E+11,21,10,2024,15:50,1,15,15204,1,2,1,5,RD 120,44,
2.02E+11,5,6,2024,19:50,3,971,97129,1,1,1,1,Route Nationale 2,16,
2.02E+11,19,10,2024,15:40,1,1,1338,1,1,1,6,D19,45,
2.02E+11,6,6,2024,11:40,1,13,13025,2,1,1,1,D7n,43,
2.02E+11,21,10,2024,17:25,1,70,70245,1,9,1,6,rn57,47,
2.02E+11,21,10,2024,20:15,5,6,6079,2,1,1,6,605 Avenue du Général De Gaulle,43,
2.02E+11,5,6,2024,21:40,2,91,91587,2,1,1,4,N20,48,
2.02E+11,22,10,2024,10:30,1,5,5036,1,1,1,1,RN94,44,
2.02E+11,6,6,2024,18:40,1,66,66129,1,1,1,3,D8,42,
2.02E+11,5,6,2024,20:00,1,13,13062,2,1,1,1,Chemin des Vignes Basses,43,
2.02E+11,5,6,2024,23:25,3,68,68204,1,1,1,6,lieu dit steinabruck,48,
2.02E+11,20,10,2024,18:00,1,45,45146,1,1,1,3,D2020 PR 53 + 240,47,
2.02E+11,22,10,2024,13:20,1,36,36014,1,1,1,7,Route de Buret,46,
2.02E+11,5,6,2024,14:35,1,3,3190,2,1,1,5,118 Rue de Paris,46,
2.02E+11,5,6,2024,18:30,1,44,44209,1,1,1,7,137 Rue de Nantes,47,
2.02E+11,19,10,2024,15:40,1,7,7255,1,3,1,1,d104,44,
2.02E+11,21,10,2024,17:15,1,40,40211,1,1,1,6,D17,43,
2.02E+11,5,6,2024,19:00,2,69,69140,1,2,7,3,Chemin du Chevronnet,45,
2.02E+11,22,10,2024,18:30,1,85,85146,1,1,1,6,la gouraudière,46,
2.02E+11,22,10,2024,6:00,2,973,97309,1,1,1,2,N 3 (rn3),4,
2.02E+11,5,6,2024,16:40,1,33,33357,1,1,1,4,N/A,44,
2.02E+11,22,10,2024,19:20,3,68,68253,1,1,8,3,A 36 PK 114.000,47,
2.02E+11,30,5,2024,18:40,1,33,33330,2,1,1,1,N/A,44,
2.02E+11,17,10,2024,16:00,1,36,36127,1,2,3,3,les sablons,46,
2.02E+11,21,10,2024,16:55,1,34,34157,1,1,1,6,PK136.000,43,
2.02E+11,5,6,2024,14:50,1,50,50041,1,2,1,3,D37,49,
2.02E+11,6,6,2024,8:10,1,14,14733,1,6,7,3,Rue de Vieux Pont,49,
2.02E+11,21,10,2024,7:40,3,29,29234,1,2,3,3,la Croix Neuve,47,
2.02E+11,5,6,2024,18:45,1,22,22050,2,1,1,6,Rue General de Gaulle,48,
2.02E+11,22,10,2024,11:20,1,28,28007,2,1,1,6,2 Boulevard Ferdinand Moreau,48,
2.02E+11,22,10,2024,7:20,3,77,77352,1,1,1,6,Rue de Guignes,48,
2.02E+11,21,10,2024,13:17,1,91,91129,2,1,1,6,Avenue Carnot,48,
2.02E+11,29,5,2024,12:35,1,22,22176,1,3,1,3,Rue de la Rochette,48,
2.02E+11,22,10,2024,14:00,1,30,30130,1,1,1,7,belvedère des bouzèdes,44,
2.02E+11,22,10,2024,18:18,3,83,83107,2,1,1,6,Chemin des Hauts Petignons,43,
2.02E+11,5,6,2024,21:00,2,60,60010,1,1,1,3,D121,49,
2.02E+11,22,10,2024,15:30,1,73,73307,1,1,1,6,D215A,45,
2.02E+11,6,6,2024,7:15,1,80,80338,2,3,7,6,D523,49,
2.02E+11,22,10,2024,7:40,2,69,69176,1,1,2,1,Route de Brignais,45,
2.02E+11,6,6,2024,15:50,1,62,62604,2,2,1,3,D119,50,
2.02E+11,21,10,2024,19:52,3,9,9099,1,1,1,1,RD117,42,
2.02E+11,6,6,2024,16:50,1,59,59411,1,2,1,1,Pavé du Moulin,50,
2.02E+11,4,6,2024,19:35,1,33,33122,1,1,1,3,N/A,44,
2.02E+11,24,9,2024,15:40,1,33,33233,1,1,1,4,N/A,45,
2.02E+11,1,6,2024,8:50,1,59,59343,1,1,2,6,AUTOROUTE A27,50,
2.02E+11,5,6,2024,10:20,1,94,94021,1,1,1,3,A6A,48,
2.02E+11,22,10,2024,7:00,5,33,33449,2,2,1,5,N/A,44,
2.02E+11,5,6,2024,17:30,1,78,78423,1,1,1,3,RN12,48,
2.02E+11,21,10,2024,8:50,2,85,85302,1,1,1,1,RD6,46,
2.02E+11,4,6,2024,7:40,1,92,92025,1,1,1,3,A86,48,
2.02E+11,5,6,2024,18:00,1,94,94073,1,1,1,2,A86,48,
2.02E+11,21,10,2024,13:00,1,13,13211,1,1,1,2,A50-Sens Marseille vers Aubagne,43,
2.02E+11,5,6,2024,17:00,1,94,94028,1,1,1,2,A86,48,
2.02E+11,18,10,2024,12:26,1,59,59090,1,1,2,5,AUTOROUTE A22,50,
2.02E+11,3,6,2024,15:00,1,976,97611,1,1,1,6,kaweni-Pendu (Place),45,
2.02E+11,21,10,2024,19:30,3,91,91689,1,1,1,3,AUTOROUTE A6,48,
2.02E+11,5,6,2024,0:01,5,974,97411,1,1,2,6,KARTING (DU),-20,
2.02E+11,4,6,2024,15:50,1,974,97411,1,1,1,2,LITTORAL (ROUTE 1 DU),-20,
2.02E+11,21,10,2024,14:30,1,91,91340,1,1,1,5,AUTOROUTE A6,48,
2.02E+11,4,6,2024,8:40,1,974,97411,2,1,1,3,GUADELOUPE (DE LA),-20,
2.02E+11,20,10,2024,6:32,3,92,92036,1,1,1,6,A86,48,
2.02E+11,4,6,2024,9:45,1,974,97407,2,1,1,6,MONPELLIER (RUE),-20,
2.02E+11,4,6,2024,6:15,2,974,97407,2,6,1,3,ROND POINT ROSE DES VENTS,-20,
2.02E+11,21,10,2024,9:45,1,93,93064,1,1,1,2,AUTOROUTE A103,48,
2.02E+11,4,6,2024,20:35,1,69,69149,2,1,1,6,48 Boulevard de l'Europe ,45,
2.02E+11,21,10,2024,19:20,3,94,94069,1,1,1,2,A4,48,
2.02E+11,4,6,2024,19:30,5,69,69384,2,1,1,6,Tunnel de la Croix-Rousse,45,
2.02E+11,16,7,2024,13:10,1,62,62108,2,3,1,3,Rue de l’Impératrice,50,
2.02E+11,4,6,2024,13:50,1,69,69389,2,9,1,3,Avenue Ben Gourion,45,
2.02E+11,7,10,2024,17:03,2,44,44109,2,2,1,3,7 Rue du Général de Bollardière,47,
2.02E+11,4,6,2024,7:54,1,2B,2B033,2,1,1,4,SAMPIERO CORSO - AV,42,
2.02E+11,20,10,2024,16:05,1,47,47001,2,1,1,3,BARBUSSE (AV. HENRI),44,
2.02E+11,4,6,2024,16:20,1,971,97101,1,1,1,3,BESSON,16,
2.02E+11,20,10,2024,6:25,1,987,98736,1,6,1,3,CHARLES DE GAULLE (AV),-17,
2.02E+11,19,10,2024,18:05,2,987,98736,2,1,1,1,PATER (RUE),-17,
2.02E+11,19,10,2024,18:05,2,972,97209,2,1,2,3,RD 41 (ROCADE),14,
2.02E+11,19,10,2024,18:10,2,95,95277,2,1,2,1,GONESSE A VILLEPINTE (CHEMIN DE),48,
2.02E+11,20,10,2024,20:10,4,95,95219,2,9,1,3,D502,48,
2.02E+11,19,10,2024,18:20,1,91,91521,2,1,2,1,LIBERATION (AVENUE DE LA) N°28 A 84,48,
2.02E+11,20,10,2024,18:05,1,86,86194,2,3,1,6,Avenue du 11 Novembre,46,
2.02E+11,19,10,2024,18:13,1,84,84031,2,1,1,2,MISTRAL AVENUE FREDERIC,44,
2.02E+11,18,10,2024,17:55,1,84,84031,2,1,1,3,FABRE AVENUE JEAN HENRI,44,
2.02E+11,20,10,2024,7:15,5,82,82121,2,1,1,3,avenue jean moulin,44,
2.02E+11,20,10,2024,20:45,5,82,82033,2,9,1,7,Chemin de l’Artel,44,
2.02E+11,20,10,2024,17:50,1,77,77284,2,4,1,3,D603,48,
2.02E+11,20,10,2024,9:25,1,76,76231,1,1,1,6,Rue Bourgtheroulde,49,
2.02E+11,20,10,2024,6:00,3,69,69013,2,1,1,6,Route Nationale 6,46,
2.02E+11,20,10,2024,18:35,5,67,67180,1,1,1,3,RHIN (ROUTE DU),48,
2.02E+11,20,10,2024,20:00,3,66,66136,1,1,1,1,AERODROME AVENUE DE L'(CD117),42,
2.02E+11,19,10,2024,18:20,1,66,66136,2,1,1,4,ALDUY (Paul),42,
2.02E+11,19,10,2024,17:02,1,63,63300,2,3,1,3,STADE (AVENUE DU) / rue du Torpilleur Sirocco,45,
2.02E+11,20,10,2024,19:07,2,63,63019,1,1,1,6,HENRI POURRAT (AV),45,
2.02E+11,19,10,2024,6:36,5,63,63113,2,2,1,3,M771 Pochet Lagaye /  Bd Lafayette,45,
2.02E+11,20,10,2024,2:00,5,62,62563,2,1,2,6,D166,50,
2.02E+11,19,10,2024,1:00,3,60,60175,2,1,2,6,Rue de Gournay,49,
2.02E+11,20,10,2024,16:20,1,59,59426,1,1,1,2,SCHUMAN (RUE ROBERT),50,
2.02E+11,20,10,2024,22:05,5,59,59650,2,9,2,3,CASTERMANT (RUE CHARLES),50,
2.02E+11,19,10,2024,12:05,1,59,59041,2,6,1,7,Rue de Maubeuge,50,
2.02E+11,20,10,2024,15:00,1,56,56260,2,1,8,2,Rue Jean Gougaud,47,
2.02E+11,20,10,2024,11:47,1,45,45004,1,1,1,6,D163 PR 5 + 910,47,
2.02E+11,20,10,2024,2:50,5,37,37233,2,1,5,1,JAURES (RUE JEAN),47,
2.02E+11,19,10,2024,15:20,1,37,37208,2,5,2,3,LAC (AVENUE DU),47,
2.02E+11,19,10,2024,4:50,5,36,36044,2,1,1,6,Rue Porte Neuve,46,
2.02E+11,21,10,2024,2:10,3,35,35238,2,1,2,6,HOUX (DU),48,
2.02E+11,20,10,2024,18:20,1,35,35238,2,2,2,3,PATTON (AVENUE DU GENERAL SIR GEORGES),48,
2.02E+11,20,10,2024,11:15,1,33,33063,2,1,1,3,N/A,44,
2.02E+11,20,10,2024,4:25,3,33,33119,2,1,1,6,N/A,44,
2.02E+11,20,10,2024,19:00,2,31,31555,2,1,1,6,RUE MARIA MONBIOLA,43,
2.02E+11,20,10,2024,0:01,5,31,31557,2,1,1,2,TARBES (ROUTE DE),43,
2.02E+11,20,10,2024,9:00,1,31,31555,2,1,1,6,RUE LOUIS PLANA,43,
2.02E+11,20,10,2024,9:24,1,31,31557,2,1,1,6,AURIOL (BD VINCENT),43,
2.02E+11,19,10,2024,16:20,1,30,30007,2,6,1,1,BELGIQUE (PLACE DE),44,
2.02E+11,20,10,2024,15:40,1,27,27701,2,9,1,5,RD6015,49,
2.02E+11,20,10,2024,15:51,1,27,27229,2,1,1,7,FOCH (AVENUE DU MARECHAL),49,
2.02E+11,20,10,2024,5:50,5,26,26362,2,1,1,6,Avenue de Marseille,44,
2.02E+11,20,10,2024,22:32,3,22,22215,1,1,2,3,PONT NOIR (RUE DU),48,
2.02E+11,20,10,2024,9:53,1,19,19031,2,6,1,3,CHAUMEIL (RUE PIERRE),45,
2.02E+11,20,10,2024,19:11,1,13,13071,1,1,1,3,PLAN DE CAMPAGNE (AVE. DE ),43,
2.02E+11,20,10,2024,5:05,5,13,13103,2,1,1,6,AVENUE DE LATTRE DE TASSIGNY-RD 17-,43,
2.02E+11,20,10,2024,21:47,5,13,13204,2,1,1,2,CHARTREUX (AVENUE DES),43,
2.02E+11,20,10,2024,19:05,2,13,13208,2,1,1,3,RABATAU (BOULEVARD),43,
2.02E+11,20,10,2024,14:30,1,13,13206,2,8,1,3,ROME (RUE DE),43,
2.02E+11,19,10,2024,20:00,5,13,13212,2,1,1,6,SAINT JULIEN (AVENUE DE ),43,
2.02E+11,19,10,2024,15:55,1,13,13209,2,1,1,3,Boulevard trollat,43,
2.02E+11,20,10,2024,19:20,5,13,13001,2,2,1,3,GALICE (RTE DE),43,
2.02E+11,20,10,2024,15:45,1,7,7281,1,1,1,7,C.D.533,44,
2.02E+11,4,10,2024,14:50,1,5,5061,1,6,1,2,EYSSAGNIERES ( ROUTE DES ),44,
2.02E+11,9,10,2024,8:55,1,5,5061,2,6,8,3,Avenue de Veynes,44,
2.02E+11,19,10,2024,19:20,2,2,2408,2,2,1,6,31 Rue Eugène Leduc,49,
2.02E+11,20,10,2024,17:30,1,75,75112,2,4,2,4,BD PERIPHERIQUE INTERIEUR,48,
2.02E+11,19,10,2024,21:20,5,75,75118,2,4,1,2,BD PERIPHERIQUE EXTERIEUR,48,
2.02E+11,19,10,2024,16:30,1,75,75112,2,1,1,2,BD PERIPHERIQUE INTERIEUR,48,
2.02E+11,20,10,2024,0:05,5,75,75120,2,2,2,7,COURS DE VINCENNES,48,
2.02E+11,19,10,2024,17:55,1,75,75119,2,3,8,6,AVENUE JEAN JAURES,48,
2.02E+11,20,10,2024,17:30,1,75,75116,2,2,1,3,ALLEE DE LONGCHAMP,48,
2.02E+11,20,10,2024,15:40,1,75,75115,2,1,1,3,BOULEVARD PASTEUR,48,
2.02E+11,20,10,2024,2:45,5,75,75115,2,4,1,3,BOULEVARD DU MONTPARNASSE,48,
2.02E+11,20,10,2024,0:55,5,75,75113,2,4,7,6,RUE DE TOLBIAC,48,
2.02E+11,20,10,2024,0:42,5,75,75110,2,3,1,6,RUE DU FAUBOURG POISSONNIERE,48,
2.02E+11,19,3,2024,19:05,2,47,47060,1,1,1,6,2386 Route de Saint Sixte,44,
2.02E+11,21,3,2024,20:50,3,8,8115,1,1,1,6,D977,49,
2.02E+11,22,3,2024,8:30,1,73,73269,1,2,1,3,D921C / D41,45,
2.02E+11,20,3,2024,14:30,1,43,43033,1,1,1,5,D20,45,
2.02E+11,20,3,2024,21:12,5,45,45247,2,3,1,3,D94 PR 3 + 999,48,
2.02E+11,22,3,2024,11:15,1,18,18272,1,1,1,1,N/A,47,
2.02E+11,22,3,2024,14:00,1,84,84116,2,1,1,2,Route de Nyons,44,
2.02E+11,22,3,2024,15:30,1,81,81238,2,3,1,2,89 Avenue de la Méditerranée,43,
2.02E+11,18,3,2024,16:45,1,11,11203,2,1,1,3,Avenue Marechal Joffre,43,
2.02E+11,21,3,2024,15:40,1,86,86198,1,1,1,7,Route de Chauvigny,46,
2.02E+11,22,3,2024,1:40,3,35,35063,1,1,5,2,A84 PK125.000,48,
2.02E+11,21,3,2024,9:37,1,6,6064,1,1,1,1,Route de la Manda,43,
2.02E+11,21,3,2024,15:30,1,83,83116,1,3,1,1,Dn7,43,
2.02E+11,22,3,2024,6:33,2,95,95660,1,1,1,3,D909,49,
2.02E+11,21,3,2024,9:15,1,51,51247,1,2,1,1,D343,48,
2.02E+11,21,3,2024,8:00,1,51,51149,1,1,1,4,RN 44,48,
2.02E+11,21,3,2024,16:30,1,76,76689,1,6,1,4,Route Departementale 926,49,
2.02E+11,21,3,2024,18:00,1,80,80500,1,2,1,1,D48,50,
2.02E+11,22,3,2024,1:30,3,80,80622,1,1,1,7,D121,49,
2.02E+11,21,3,2024,11:48,1,11,11094,1,1,1,6,N/A,43,
2.02E+11,21,3,2024,16:30,1,89,89418,1,1,1,6,Les Terres de Soulangy,47,
2.02E+11,21,3,2024,7:00,1,63,63453,2,6,1,3,RD2089 Jacques Duclos/RDZAC du Gros chêne,45,
2.02E+11,21,3,2024,9:35,1,61,61332,1,3,5,4,D924,48,
2.02E+11,22,3,2024,5:35,3,61,61508,1,1,5,6,D16 PR55+940,48,
2.02E+11,19,3,2024,15:25,1,46,46293,1,1,1,6,Chemin des Granges,44,
2.02E+11,22,3,2024,7:30,1,25,25527,2,2,1,3,Rue du Creux du Loup,47,
2.02E+11,21,3,2024,14:00,1,25,25612,1,1,1,6,RD 14,47,
2.02E+11,18,3,2024,18:25,2,31,31311,1,1,1,1,Route des Vins,43,
2.02E+11,21,3,2024,18:00,1,84,84050,1,1,1,1,1729 D207,43,
2.02E+11,20,3,2024,17:00,1,3,3304,2,3,1,1,RD 27 intersection rue de CHAMPOUX,46,
2.02E+11,22,3,2024,15:50,1,15,15265,1,2,1,1,RD 922,45,
2.02E+11,21,3,2024,13:00,1,58,58229,1,1,1,7,D20,47,
2.02E+11,22,3,2024,5:20,3,14,14161,1,1,1,1,426 Route de Dives,49,
2.02E+11,21,3,2024,8:15,2,14,14716,1,1,5,1,Route des Vallées,49,
2.02E+11,20,3,2024,12:30,1,43,43137,2,9,1,3,45 Avenue de la Libération,45,
2.02E+11,22,3,2024,14:21,1,10,10323,2,1,1,3,Rue du Maréchal Lyautey,48,
2.02E+11,22,3,2024,19:50,3,36,36226,1,1,1,6,Les Loges des Bois,46,
2.02E+11,21,3,2024,23:00,3,7,7337,1,1,1,6,route de talentieux,45,
2.02E+11,1,3,2024,13:16,1,4,4209,2,6,1,3,Avenue du Jabron,44,
2.02E+11,21,3,2024,16:00,1,4,4022,1,1,1,6,RN85,43,
2.02E+11,22,3,2024,16:28,1,27,27463,1,1,1,1,D438,49,
2.02E+11,22,3,2024,17:15,1,87,87187,1,1,1,1,Route du Pont des Farges,45,
2.02E+11,22,3,2024,10:15,1,8,8251,1,1,1,1,N/A,49,
2.02E+11,21,3,2024,17:15,1,35,35206,1,1,1,5,la Boisardière,48,
2.02E+11,21,3,2024,20:10,4,69,69244,2,2,1,6,101 Avenue Charles de Gaulle,45,
2.02E+11,20,3,2024,22:03,3,1,1089,1,1,1,2,A42 PK 041+000 sens LYON/GENÈVE,45,
2.02E+11,21,3,2024,8:00,1,42,42255,1,1,1,6,Route de Planchetorse,45,
2.02E+11,8,2,2024,9:30,1,69,69097,1,1,1,1,Route départementale 28E2,45,
2.02E+11,17,3,2024,6:30,2,971,97115,1,1,1,1,Bréfort,16,
2.02E+11,22,3,2024,16:10,1,33,33085,1,1,1,1,N/A,44,
2.02E+11,21,3,2024,17:35,1,77,77329,2,3,7,3,Rue des Arches,48,
2.02E+11,21,3,2024,18:10,1,13,13027,1,6,1,3,rond point route d'avignon D34,43,
2.02E+11,22,3,2024,15:20,1,42,42165,1,1,1,1,Route de Feurs,45,
2.02E+11,22,3,2024,17:45,2,42,42107,1,1,7,1,Route des Limites,45,
2.02E+11,21,3,2024,17:00,1,38,38449,2,1,1,6,Boulevard de Tharabie,45,
2.02E+11,20,3,2024,8:00,1,1,1027,1,3,1,3,D84c,45,
2.02E+11,21,3,2024,14:45,1,64,64230,1,1,1,7,D24,43,
2.02E+11,22,3,2024,20:15,3,33,33517,1,1,1,6,N/A,45,
2.02E+11,22,3,2024,15:15,1,33,33256,2,1,1,7,N/A,44,
2.02E+11,22,3,2024,13:15,1,22,22277,1,2,1,3,Les Bruyères,48,
2.02E+11,22,3,2024,1:35,3,60,60134,1,1,1,7,Rue du Bout du Monde,49,
2.02E+11,22,3,2024,12:00,1,59,59036,2,1,1,2,Rue de France,50,
2.02E+11,21,3,2024,18:00,1,13,13028,1,1,1,3,A50,43,
2.02E+11,20,3,2024,9:00,1,67,67124,1,1,1,3,M35,48,
2.02E+11,21,3,2024,16:05,1,33,33090,1,1,1,3,N/A,44,
2.02E+11,21,3,2024,6:50,2,33,33162,1,1,1,6,N/A,44,
2.02E+11,18,3,2024,10:30,1,59,59179,1,1,1,6,AUTOROUTE A2,50,
2.02E+11,21,3,2024,17:30,1,91,91617,1,1,1,2,RN 104,48,
2.02E+11,21,3,2024,17:00,1,92,92060,1,1,1,4,RN 385 Extèrieure,48,
2.02E+11,21,3,2024,12:40,1,91,91228,1,1,1,2,RN 104,48,
2.02E+11,21,3,2024,6:10,2,91,91521,1,1,1,7,RN 104,48,
2.02E+11,21,3,2024,16:45,1,92,92036,1,1,7,5,A86,48,
2.02E+11,21,3,2024,20:05,3,95,95500,1,1,1,2,A15,49,
2.02E+11,21,3,2024,8:15,1,95,95018,1,1,1,2,A15,48,
2.02E+11,21,3,2024,2:50,4,93,93027,1,1,1,6,A16,48,
2.02E+11,20,3,2024,8:00,1,93,93053,1,1,1,6,A3,48,
2.02E+11,20,3,2024,9:00,1,93,93066,1,1,1,5,A1,48,
2.02E+11,21,3,2024,18:30,3,94,94004,1,1,1,6,34 Avenue du Général Leclerc,48,
2.02E+11,21,3,2024,19:25,2,94,94022,1,1,1,5,A86,48,
2.02E+11,21,3,2024,9:30,1,94,94065,1,1,1,2,A86,48,
2.02E+11,20,3,2024,14:00,1,75,75112,1,1,1,2,A4,48,
2.02E+11,20,3,2024,8:00,1,77,77373,1,1,1,2,RN104,48,
2.02E+11,20,3,2024,6:30,2,94,94028,1,1,1,5,A86,48,
2.02E+11,7,3,2024,13:20,1,44,44190,2,1,8,2,72 Route de Clisson,47,
2.02E+11,6,3,2024,0:20,5,44,44109,2,3,8,2,Quai de la Fosse,47,
2.02E+11,6,3,2024,9:50,1,44,44109,2,6,8,3,13 Rue Gaëtan Rondeau,47,
2.02E+11,1,3,2024,9:45,1,44,44190,2,1,8,3,162 Route de Clisson,47,
2.02E+11,19,1,2024,22:55,5,14,14118,2,3,9,6,24 Rue du Blanc,49,
2.02E+11,1,3,2024,17:10,1,44,44162,2,1,1,6,Boulevard Charles De Gaulle,47,
2.02E+11,7,1,2024,6:35,5,75,75120,2,3,1,2,RUE DU COMMANDANT L HERMINIER,48,