Num_Acc,jour,mois,an,hrmn,lum,dep,com,agg,int,atm,col,adr,lat,long
2.02E+11,20,3,2024,9:50,1,974,97411,2,2,1,6,MANES (RUE EDOUARD),-20,
2.02E+11,20,3,2024,7:25,1,974,97411,2,1,1,6,BOIS DE NEFLES (ROUTE DE),-20,
2.02E+11,20,3,2024,16:50,1,69,69383,2,2,1,6,57 Cours Eugénie,45,
2.02E+11,20,3,2024,20:30,5,69,69389,2,3,1,3,Rue Marietton,45,
2.02E+11,8,7,2024,10:21,1,91,91345,1,1,1,5,AUTOROUTE A6,48,
2.02E+11,20,3,2024,8:44,1,2B,2B037,2,1,1,4,TOUTES RUES,42,
2.02E+11,20,3,2024,8:50,1,95,95219,2,6,1,6,PAUL ELUARD (RUE),48,
2.02E+11,8,7,2024,17:50,1,78,78118,1,1,1,2,A13,48,
2.02E+11,6,7,2024,20:40,1,78,78640,1,1,1,7,N118,48,
2.02E+11,20,3,2024,20:10,5,91,91103,2,1,1,3,RUE DU DOCTEUR BABIN,48,
2.02E+11,8,7,2024,21:30,1,95,95256,1,1,1,6,N184,49,
2.02E+11,18,3,2024,7:20,1,89,89024,1,2,1,3,DE LATTRE DE TASSIGNY (AVENUE),47,
2.02E+11,8,7,2024,0:05,3,95,95607,1,1,1,2,A115,49,
2.02E+11,20,3,2024,9:21,1,87,87085,2,2,1,3,BORIE (BOULEVARD DE LA),45,
2.02E+11,7,7,2024,21:05,1,92,92036,1,1,1,3,AUTOROUTE A15,48,
2.02E+11,19,3,2024,16:37,1,87,87050,2,1,1,3,Avenue de Limoges,45,
2.02E+11,8,7,2024,9:00,1,94,94004,1,1,1,3,N19,48,
2.02E+11,19,3,2024,15:45,1,87,87065,2,1,1,2,VALIN (AVENUE MARTIAL),45,
2.02E+11,8,1,2024,22:30,5,93,93008,2,1,4,2,Rue de Paris,48,
2.02E+11,18,3,2024,17:08,1,87,87085,2,7,1,3,DUSSOUBS (PLACE DENIS),45,
2.02E+11,7,2,2024,1:20,3,93,93027,1,1,1,6,A86,48,
2.02E+11,18,3,2024,11:46,1,87,87085,2,1,1,6,LOCARNO (AVENUE),45,
2.02E+11,20,3,2024,17:45,1,85,85194,2,1,1,7,Boulevard de l'île vertime,46,
2.02E+11,20,3,2024,16:30,1,85,85194,2,1,1,1,Avenue de talmont,46,
2.02E+11,6,2,2024,23:00,3,93,93029,1,1,1,7,AUTOROUTE A86,48,
2.02E+11,20,3,2024,9:30,1,84,84080,1,6,1,6,BEAULIEU ALLEE DE,44,
2.02E+11,17,3,2024,15:20,1,84,84007,2,3,8,7,TRILLADE (avenue de la ),43,
2.02E+11,19,3,2024,20:30,5,78,78440,2,2,1,3,LEON BLUM (AVENUE),48,
2.02E+11,16,3,2024,18:35,1,78,78644,2,9,1,6,NOES  (AVENUE DES),48,
2.02E+11,20,3,2024,9:00,1,77,77449,2,2,1,1,D344,48,
2.02E+11,6,2,2024,17:45,1,93,93066,2,9,1,5,AUTOROUTE A1,48,
2.02E+11,19,3,2024,11:30,1,76,76351,2,3,1,6,ROGER SALENGRO,49,
2.02E+11,6,2,2024,17:45,3,93,93053,1,1,2,7,AUTOROUTE A3,48,
2.02E+11,8,7,2024,2:10,5,974,97411,2,1,1,6,TOPAZES(ALLEE DES),-20,
2.02E+11,20,3,2024,20:05,5,69,69266,2,4,1,3,Cours Tolstoï,45,
2.02E+11,7,7,2024,21:00,3,973,97302,2,1,1,7,MONTABO (ROUTE DE) 1,4,
2.02E+11,19,3,2024,19:45,2,69,69029,2,9,1,3,3 Rue Lionel Terray,45,
2.02E+11,7,7,2024,22:48,5,69,69386,2,2,1,3,Rue Notre-Dame,45,
2.02E+11,20,3,2024,10:00,1,67,67482,2,3,1,3,PRESIDENT WILSON (BOULEVARD),48,
2.02E+11,7,7,2024,5:50,2,69,69259,2,2,1,2,Boulevard Ambroise Croizat,45,
2.02E+11,20,3,2024,11:10,1,64,64122,2,1,1,6,N/A,43,
2.02E+11,7,7,2024,6:15,5,2B,2B033,2,1,1,1,TUNNEL,42,
2.02E+11,20,3,2024,7:00,2,64,64122,2,2,1,1,FRANCIS JAMMES (RUE),43,
2.02E+11,7,7,2024,17:30,1,95,95424,2,9,1,1,D122,48,
2.02E+11,20,3,2024,5:20,2,62,62498,2,4,1,3,D162E2,50,
2.02E+11,7,7,2024,13:30,1,91,91377,2,1,1,6,RUE GAMBETTA,48,
2.02E+11,19,3,2024,17:25,1,54,54547,1,1,1,2,Route de Mirecourt,48,
2.02E+11,20,3,2024,20:05,5,51,51454,1,1,1,6,CHALONS (ROUTE DE) RN 44,49,
2.02E+11,20,3,2024,14:20,1,51,51454,2,9,1,3,TAITTINGER (RUE PIERRE),49,
2.02E+11,7,7,2024,21:10,1,88,88428,1,1,1,3,ROUTE D'HERBAVILLE,48,
2.02E+11,20,3,2024,15:49,1,51,51454,2,1,1,2,CAPUCINS (RUE DES),49,
2.02E+11,6,7,2024,18:00,1,86,86066,2,2,1,3,Avenue des Stades,46,
2.02E+11,20,3,2024,14:40,1,49,49328,2,6,1,3,RENAULT (BOULEVARD LOUIS),47,
2.02E+11,7,7,2024,17:10,1,84,84031,2,1,1,2,SAINT ROCH AVENUE,44,
2.02E+11,21,2,2024,15:30,1,49,49099,2,1,2,6,CLEMENCEAU (RUE GEORGES),47,
2.02E+11,6,7,2024,13:20,1,84,84080,1,3,1,5,SAINT GENS CHEMIN DE,44,
2.02E+11,19,3,2024,14:05,1,49,49007,2,1,1,6,RABELAIS,47,
2.02E+11,20,3,2024,13:20,1,37,37261,2,1,1,3,GRAMMONT (AVENUE DE),47,
2.02E+11,20,3,2024,18:30,1,35,35238,2,1,1,6,BELLANGERAIS (DE LA),48,
2.02E+11,6,7,2024,18:35,1,76,76114,2,3,1,3,MARECHAL FOCH (AVENUE DU) N°1/45  2/14,49,
2.02E+11,20,3,2024,9:10,1,34,34032,1,3,1,3,FOCH MARECHAL FERDINAND (AVENUE DU),43,
2.02E+11,20,3,2024,8:40,1,33,33318,2,1,1,7,Avenue du Pont de l'Orient,44,
2.02E+11,7,7,2024,5:14,5,74,74010,2,6,2,3,FRANCE (AVENUE)(SECTEUR 310),45,
2.02E+11,17,3,2024,11:40,1,33,33075,2,2,1,3,N/A,44,
2.02E+11,7,7,2024,5:35,5,73,73065,1,1,1,6,N201,45,
2.02E+11,7,7,2024,21:15,2,63,63308,1,1,1,1,GRAVENOIRE (PETIT CHEMIN DE),45,
2.02E+11,20,3,2024,6:40,2,33,33063,2,2,1,3,N/A,44,
2.02E+11,7,7,2024,3:40,5,62,62239,2,6,1,6,Avenue Charles de Gaulle,50,
2.02E+11,20,3,2024,20:20,5,31,31149,2,6,1,3,Rond Point fontaine lumineuse,43,
2.02E+11,23,7,2024,16:30,1,60,60159,2,3,1,3,Rue Lavoisier,49,
2.02E+11,20,3,2024,17:15,1,28,28134,2,6,1,3,TRAIT D'UNION (RUE DU),48,
2.02E+11,7,7,2024,16:20,1,56,56206,1,9,1,3,Route de Rennes,47,
2.02E+11,19,3,2024,8:30,1,27,27299,2,1,1,7,BRIAND (AVENUE ARISTIDE),49,
2.02E+11,7,7,2024,14:10,1,54,54254,1,1,1,7,RN52,49,
2.02E+11,20,3,2024,14:20,1,25,25056,2,1,7,3,KENNEDY  BOULEVARD J.F.,47,
2.02E+11,5,7,2024,23:10,3,47,47201,1,1,1,3,RN21,44,
2.02E+11,19,3,2024,18:39,1,25,25056,2,2,1,1,LAGRANGE  AVENUE LEO,47,
2.02E+11,7,7,2024,11:55,1,45,45338,2,2,1,2,79 Rue Jean Mermoz,47,
2.02E+11,19,3,2024,10:40,1,23,23096,2,3,1,3,MENDES FRANCE (AVENUE),46,
2.02E+11,7,7,2024,8:15,1,37,37261,2,2,1,3,GIRAUDEAU (RUE),47,
2.02E+11,20,3,2024,20:00,1,19,19031,2,1,1,3,POMPIDOU (AVENUE GEORGES),45,
2.02E+11,7,7,2024,11:30,1,34,34301,2,1,1,3,BLANC CAMILLE (BOULEVARD),43,
2.02E+11,20,3,2024,7:45,1,17,17415,2,6,1,3,DICONCHE,45,
2.02E+11,7,7,2024,10:42,1,34,34172,2,1,1,6,RABELAIS (BOULEVARD),43,
2.02E+11,20,3,2024,9:55,1,17,17306,2,1,1,6,REGAZZONI (AVENUE CHARLES),45,
2.02E+11,7,7,2024,10:50,1,29,29039,1,3,8,7,Rue Parmentier,47,
2.02E+11,20,3,2024,23:25,5,13,13208,2,1,1,1,BARRAL (BOULEVARD),43,
2.02E+11,20,3,2024,18:00,1,13,13210,2,1,1,1,MARCEL ACHILLE (BOULEVARD),43,
2.02E+11,20,3,2024,11:30,1,13,13209,2,1,1,3,GUSTAVE GANAY (BOULEVARD),43,
2.02E+11,7,7,2024,20:10,1,13,13214,2,1,1,6,MORETTI (BOULEVARD),43,
2.02E+11,20,3,2024,6:55,1,13,13209,2,1,1,2,MICHELET (BOULEVARD),43,
2.02E+11,18,3,2024,8:30,1,12,12176,1,1,2,1,D888,44,
2.02E+11,6,7,2024,12:15,1,7,7116,1,1,1,1,RN 102,44,
2.02E+11,20,3,2024,13:40,1,9,9225,2,1,1,3,MILLIANE ESPLANADE DE,43,
2.02E+11,7,7,2024,14:50,1,6,6088,2,2,1,6,Rue Vernier,43,
2.02E+11,20,3,2024,5:38,5,6,6027,2,2,1,3,Avenue de Nice,43,
2.02E+11,7,7,2024,13:20,1,6,6088,2,2,1,3,68 Boulevard Auguste Raynaud,43,
2.02E+11,19,3,2024,13:10,1,6,6004,2,1,1,1,Chemin de Saint Claude,43,
2.02E+11,7,7,2024,19:00,1,4,4070,2,1,1,6,BARLES (ROUTE DE),44,
2.02E+11,20,3,2024,16:45,1,75,75119,2,3,1,3,AVENUE DE FLANDRE,48,
2.02E+11,6,7,2024,0:29,5,3,3185,2,7,1,1,REPUBLIQUE ( AV. DE LA ),46,
2.02E+11,20,3,2024,19:00,3,75,75116,2,1,1,2,ROUTE DES TRIBUNES,48,
2.02E+11,6,7,2024,1:58,5,75,75116,2,1,1,3,PORTE D AUTEUIL,48,
2.02E+11,17,3,2024,17:30,1,75,75116,2,1,1,6,ROUTE DES TRIBUNES,48,
2.02E+11,5,7,2024,5:50,2,75,75118,2,1,1,4,BD PERIPHERIQUE INTERIEUR,48,
2.02E+11,20,3,2024,19:15,2,75,75115,2,3,1,6,RUE VASCO DE GAMA,48,
2.02E+11,6,7,2024,18:00,1,75,75107,2,3,1,2,RUE DE SEVRES,48,
2.02E+11,20,3,2024,18:59,1,75,75115,2,2,1,2,RUE FREMICOURT,48,
2.02E+11,20,3,2024,17:30,1,75,75115,2,2,1,7,RUE DE SEVRES,48,
2.02E+11,6,7,2024,16:37,1,75,75120,2,1,1,5,BD PERIPHERIQUE INTERIEUR,48,
2.02E+11,7,7,2024,12:50,1,75,75106,2,5,1,1,RUE DU CHERCHE MIDI,48,
2.02E+11,7,7,2024,9:40,1,75,75119,2,1,1,6,RUE DAVID D ANGERS,48,
2.02E+11,20,3,2024,13:15,1,75,75115,2,3,1,3,AVENUE DE SUFFREN,48,
2.02E+11,6,7,2024,23:40,5,75,75116,2,1,1,6,AVENUE DE NEW YORK,48,
2.02E+11,20,3,2024,16:50,1,75,75113,2,3,1,3,BOULEVARD DE L HOPITAL,48,
2.02E+11,7,7,2024,19:00,1,75,75115,2,1,1,6,BOULEVARD DES FRERES VOISIN,48,
2.02E+11,19,3,2024,18:20,1,75,75112,2,1,1,3,COURS DES MARECHAUX,48,
2.02E+11,5,7,2024,23:45,5,75,75115,2,2,1,3,RUE LINOIS,48,
2.02E+11,20,3,2024,16:40,1,75,75110,2,1,7,7,RUE DU FAUBOURG SAINT MARTIN,48,
2.02E+11,6,7,2024,12:40,1,75,75113,2,3,1,2,BOULEVARD DE L HOPITAL,48,
2.02E+11,20,3,2024,9:38,1,75,75107,2,3,1,1,QUAI VOLTAIRE,48,
2.02E+11,7,7,2024,14:53,1,75,75108,2,5,1,7,AVENUE DE FRIEDLAND,48,
2.02E+11,20,3,2024,7:19,2,75,75107,2,3,1,7,QUAI BRANLY,48,
2.02E+11,6,7,2024,4:20,5,75,75108,2,3,1,7,RUE FRANCOIS 1ER,48,
2.02E+11,20,3,2024,19:10,1,75,75104,2,3,1,6,RUE BEAUBOURG,48,
2.02E+11,7,7,2024,15:30,1,75,75101,2,3,1,3,AVENUE DE L OPERA,48,
2.02E+11,20,3,2024,0:45,5,75,75104,2,3,1,6,RUE DE RIVOLI,48,
2.02E+11,19,3,2024,11:30,1,75,75101,2,1,1,1,RUE DE RIVOLI,48,
2.02E+11,7,7,2024,16:30,1,94,94078,2,1,1,2,Rue Marc Seguin,48,
2.02E+11,19,3,2024,9:05,1,75,75104,2,2,1,7,QUAI DE L HOTEL DE VILLE,48,
2.02E+11,7,7,2024,3:05,5,94,94076,2,1,1,6,Rue du Moulin de Saquet,48,
2.02E+11,20,3,2024,18:20,1,94,94081,2,1,1,4,Avenue du Moulin de Saquet,48,
2.02E+11,7,7,2024,11:00,1,94,94034,2,9,1,3,Rue de la Loge,48,
2.02E+11,20,3,2024,22:00,5,94,94073,2,3,1,3,Rue Henri Dunant / Avenue du Général de Gaulle,48,
2.02E+11,7,7,2024,17:30,1,93,93073,1,1,1,6,CHAPIT RE ( RUE DU),48,
2.02E+11,20,3,2024,14:02,1,94,94022,2,3,1,6,Boulevard des Alliés / Rue Louise Michel,48,
2.02E+11,7,7,2024,2:45,5,93,93072,2,3,1,3,Avenue de Stalingrad / Avenue Paul Vaillant-Couturier,48,
2.02E+11,20,3,2024,6:40,2,77,77291,1,1,1,2,CHAPIT RE ( RUE DU),49,
2.02E+11,7,7,2024,18:55,1,93,93048,2,1,1,3,Boulevard Paul Vaillant Couturier,48,
2.02E+11,20,3,2024,19:15,5,93,93066,2,5,1,3,Avenue du Président Wilson / Rue du Landy,48,
2.02E+11,20,3,2024,11:50,1,93,93064,2,1,1,4,Rue Lavoisier,48,
2.02E+11,7,7,2024,5:00,2,92,92051,2,1,1,7,GENERAL LECLERC (BOULEVARD DU,,
2.02E+11,7,7,2024,5:45,2,92,92050,2,1,1,7,CLEMENCEAU GEORGES AVENUE N° PAIR,48,
2.02E+11,19,3,2024,12:05,1,93,93053,2,5,1,1,Avenue Marceau / Boulevard Michelet,48,
2.02E+11,7,7,2024,16:45,1,78,78356,1,1,1,7,D91,48,
2.02E+11,20,3,2024,12:30,1,93,93071,2,1,1,3,Allée de Villenaut,48,
2.02E+11,20,3,2024,12:30,1,92,92046,2,1,1,3,GABRIEL PERI,48,
2.02E+11,6,7,2024,21:15,1,76,76543,1,2,1,3,D149 Intersection route de raffetot,49,
2.02E+11,7,7,2024,17:00,1,49,49244,1,1,8,7,Le Calcaire (Montjean-sur-Loire),47,
2.02E+11,20,3,2024,19:38,5,92,92073,2,9,1,4,PONT DE SURESNES,48,
2.02E+11,7,7,2024,19:15,1,8,8232,1,1,1,1,D129,49,
2.02E+11,20,3,2024,12:29,1,92,92012,2,1,1,2,JEAN JAURES (BOULEVARD) 217/FIN - 210/FI,48,
2.02E+11,6,7,2024,9:15,1,62,62745,1,3,2,7,Rue de Loison,50,
2.02E+11,21,3,2024,17:15,1,51,51423,2,1,1,6,Route de Maurupt,48,
2.02E+11,8,7,2024,5:35,2,28,28085,1,1,1,6,A11 PK 056+500 vers PARIS,48,
2.02E+11,21,3,2024,15:10,1,5,5174,1,3,1,3,route de Pont Saint Esprit,44,
2.02E+11,7,7,2024,23:00,3,71,71481,1,1,1,6,Autoroute A6 PK 401.300 sens PARIS LYON,46,
2.02E+11,20,3,2024,18:10,1,76,76404,1,2,1,1,D31,49,
2.02E+11,7,7,2024,17:00,1,67,67437,2,1,1,7,38 Rue de Dettwiller,48,
2.02E+11,7,7,2024,18:00,1,22,22229,1,3,1,3,intersection Départementale 8 et départementale 790,48,
2.02E+11,20,3,2024,16:55,1,74,74112,2,1,1,5,Avenue du Centre,45,
2.02E+11,21,3,2024,9:35,1,77,77242,2,1,1,6,D 412,48,
2.02E+11,8,7,2024,13:35,1,83,83070,2,3,1,3,Avenue du Cap Nègre,43,
2.02E+11,7,7,2024,15:35,1,41,41184,1,1,1,7,bellevue,47,
2.02E+11,21,3,2024,16:45,1,79,79096,1,2,1,2,N/A,46,
2.02E+11,21,3,2024,19:24,5,2B,2B096,2,9,1,3,pk 1 T50,42,
2.02E+11,8,7,2024,19:56,1,62,62773,1,1,8,7,D52,50,
2.02E+11,20,3,2024,20:22,3,82,82156,1,9,2,6,D15,43,
2.02E+11,6,7,2024,14:14,1,56,56101,1,1,1,7,Le Faouët Bodery,47,
2.02E+11,20,3,2024,16:40,1,71,71367,1,1,1,5,RD 678,46,
2.02E+11,8,7,2024,9:20,1,69,69248,1,1,1,6,1100 Route de la Montagne (Marnand),46,
2.02E+11,21,3,2024,12:55,1,49,49215,1,2,1,3,D347,47,
2.02E+11,20,3,2024,17:00,1,12,12286,1,1,1,6,LE PONT DE LA BOURSE,43,
2.02E+11,18,6,2024,21:24,2,69,69066,2,3,1,3,Rue Georges Clémenceau,46,
2.02E+11,20,3,2024,15:30,1,47,47306,1,1,1,6,route de castelmoron,44,
2.02E+11,8,7,2024,18:26,1,71,71263,2,3,1,5,Rue de Gruay,46,
2.02E+11,20,3,2024,17:00,1,68,68018,1,3,1,1,D103,47,
2.02E+11,8,7,2024,19:55,2,71,71162,2,3,1,3,Rue de la Côte,46,
2.02E+11,6,7,2024,22:45,3,71,71014,1,1,1,7,Route de Saint Denis,46,
2.02E+11,21,3,2024,9:00,1,35,35327,1,1,1,2,N157,48,
2.02E+11,8,7,2024,9:45,1,89,89025,2,1,1,6,rue Carnot,47,
2.02E+11,19,3,2024,19:50,3,35,35023,1,1,1,1,D62,48,
2.02E+11,7,7,2024,16:45,1,89,89419,1,1,1,1,D965,47,
2.02E+11,18,3,2024,19:40,4,38,38144,1,4,1,5,D53,45,
2.02E+11,7,7,2024,21:25,2,76,76374,2,6,1,3,rue Jules Verne,50,
2.02E+11,21,3,2024,16:20,1,3,3188,1,3,1,1,D987,46,
2.02E+11,7,7,2024,3:52,3,49,49002,1,3,1,6,Route du Gue de Louet,47,
2.02E+11,19,3,2024,10:30,1,58,58082,1,1,1,7,D161,47,
2.02E+11,7,7,2024,8:30,2,29,29250,1,1,1,6,D769,48,
2.02E+11,19,3,2024,18:20,1,66,66015,2,1,1,7,N/A,42,
2.02E+11,25,6,2024,8:15,1,38,38029,2,1,1,6,97 Rue des Canuts,45,
2.02E+11,7,7,2024,17:30,1,2,2185,1,1,1,7,D11,49,
2.02E+11,7,7,2024,20:00,1,3,3089,1,1,1,6,Chemin des trois virons,46,
2.02E+11,21,3,2024,12:15,1,6,6153,2,1,1,5,Saint-Dalmas,44,
2.02E+11,7,7,2024,16:05,1,1,1147,2,1,1,7,Route de la Bresse,46,
2.02E+11,8,7,2024,15:50,1,26,26112,1,1,1,3,1635 Route des Alpes,44,
2.02E+11,6,7,2024,17:15,1,58,58039,2,1,1,3,Route Buissonniére,47,
2.02E+11,6,7,2024,16:18,1,14,14578,1,3,1,3,Route de Trouville,49,
2.02E+11,8,7,2024,12:35,1,5,5184,1,1,1,2,D1085,44,
2.02E+11,8,7,2024,10:00,1,50,50615,2,1,2,1,Boulevard de Verdun,49,
2.02E+11,7,7,2024,16:00,1,16,16339,1,1,1,1,N/A,45,
2.02E+11,7,7,2024,11:30,1,4,4166,2,9,1,6,Chemin de la Rouguière,43,
2.02E+11,7,7,2024,17:22,1,37,37064,1,2,1,3,D366,46,
2.02E+11,7,7,2024,12:10,1,48,48086,1,1,1,1,D906,44,
2.02E+11,8,7,2024,12:20,1,34,34333,1,9,1,2,D612,43,
2.02E+11,8,7,2024,12:33,1,82,82037,1,1,7,6,PK 398+200 - A20,44,
2.02E+11,1,7,2024,16:00,1,91,91085,1,1,1,2,le Bas de Torfou,48,
2.02E+11,7,7,2024,1:00,3,31,31036,1,1,2,1,Route de Revel,43,
2.02E+11,8,7,2024,0:15,3,13,13087,1,1,1,1,lieu dit la bégude - D7N,43,
2.02E+11,7,7,2024,18:30,1,45,45119,1,1,1,1,D2152,48,
2.02E+11,25,6,2024,7:55,1,45,45254,2,1,1,3,Allée de Vieux Cours,47,
2.02E+11,7,7,2024,5:20,2,77,77364,1,1,1,7,D27,49,
2.02E+11,8,7,2024,12:35,1,2A,2A247,1,1,1,3,D368,41,
2.02E+11,8,7,2024,1:08,5,66,66037,2,9,1,6,Boulevard de la Cote Radieuse,42,
2.02E+11,8,7,2024,19:15,1,83,83065,1,1,1,3,Route Departementale 98a,43,
2.02E+11,7,7,2024,20:31,1,13,13119,2,1,1,3,Boulevard du Marechal Juin,43,
2.02E+11,8,7,2024,8:50,1,57,57348,2,1,1,7,2 Rue de la Gare,49,
2.02E+11,4,7,2024,19:15,1,73,73178,1,1,1,7,D61 Route de la Motte,45,
2.02E+11,7,7,2024,16:46,1,69,69019,1,1,1,6,Route du Pizay,46,
2.02E+11,6,7,2024,12:20,1,65,65123,1,1,2,6,1154 rte des 2 cols,43,
2.02E+11,8,7,2024,9:30,1,17,17155,2,5,7,6,Rue Charles Hérve,45,
2.02E+11,7,7,2024,17:20,1,27,27279,2,2,1,3,Route de la Roche Guyon,49,
2.02E+11,6,7,2024,11:30,1,62,62201,2,4,1,1,Rue de l’Eglise,50,
2.02E+11,15,9,2024,0:01,3,38,38442,1,1,1,6,447 Route du Col de Porte,45,
2.02E+11,30,6,2024,7:03,1,59,59401,1,1,1,1,Route du Mont des Cats,50,
2.02E+11,15,9,2024,17:05,1,26,26235,2,6,6,2,D59,44,
2.02E+11,6,7,2024,0:31,3,13,13005,1,1,1,2,A50-Sens Aubagne vers Marseille,43,
2.02E+11,6,7,2024,3:45,3,69,69152,1,1,1,2,Route de Métropole 7,45,
2.02E+11,16,9,2024,12:10,1,69,69171,1,1,1,5,Route Départementale 389,45,
2.02E+11,7,7,2024,4:35,3,42,42218,1,1,1,6,RN88,45,
2.02E+11,15,9,2024,16:40,1,19,19211,2,1,1,1,D1089,45,
2.02E+11,7,7,2024,16:30,1,91,91521,1,1,1,4,AUTOROUTE A6,48,
2.02E+11,21,8,2024,8:41,2,72,72244,2,7,1,6,Place Saint Pierre,47,
2.02E+11,7,7,2024,13:05,1,91,91228,1,1,1,4,AUTOROUTE A6,48,
2.02E+11,14,9,2024,15:20,1,72,72154,1,2,1,3,Avenue Charles de Gaulle,47,
2.02E+11,7,7,2024,9:45,1,77,77384,1,1,1,6,AUTOROUTE A5A,48,
2.02E+11,7,7,2024,8:40,1,91,91363,1,1,1,7,RN 104,48,
2.02E+11,16,9,2024,15:15,1,27,27436,1,1,1,2,D140,48,
2.02E+11,16,9,2024,18:50,1,33,33281,1,1,1,2,N/A,44,
2.02E+11,7,7,2024,2:50,3,91,91347,1,1,1,3,RN 104,48,
2.02E+11,6,7,2024,17:00,1,78,78158,1,1,1,2,A13,48,
2.02E+11,13,9,2024,8:30,1,59,59560,1,1,1,6,AUTOROUTE A1,50,
2.02E+11,13,9,2024,7:50,2,59,59532,1,1,3,2,AUTOROUTE A16,50,
2.02E+11,7,7,2024,18:10,1,93,93078,1,1,1,4,A104,48,
2.02E+11,15,9,2024,23:20,3,91,91235,1,1,1,3,RN 104,48,
2.02E+11,6,7,2024,21:45,1,93,93053,1,1,1,5,A3,48,
2.02E+11,15,9,2024,22:40,3,95,95675,1,1,1,6,A1,49,
2.02E+11,6,7,2024,11:10,1,93,93027,1,1,1,5,A86,48,
2.02E+11,15,9,2024,21:15,3,93,93066,1,1,1,2,AUTOROUTE A1,48,
2.02E+11,5,7,2024,17:50,1,95,95306,1,1,1,7,A15,49,
2.02E+11,15,9,2024,17:45,1,93,93078,1,1,1,2,AUTOROUTE A104,48,
2.02E+11,7,7,2024,6:00,2,77,77175,1,1,1,2,RN104,48,
2.02E+11,14,9,2024,23:00,4,93,93010,1,1,1,6,AUTOROUTE A3,48,
2.02E+11,14,9,2024,21:20,3,93,93078,1,1,1,2,AUTOROUTE A104,48,
2.02E+11,6,7,2024,19:30,1,77,77294,1,1,1,4,A104,48,
2.02E+11,14,9,2024,12:00,1,93,93064,1,1,1,2,AUTOROUTE A86,48,
2.02E+11,6,7,2024,16:20,1,94,94028,1,1,1,3,A86,48,
2.02E+11,13,9,2024,13:15,1,93,93027,1,1,1,6,AUTOROUTE A86,48,
2.02E+11,6,7,2024,14:50,1,77,77141,1,1,1,3,A4,48,
2.02E+11,7,8,2024,9:25,1,93,93008,2,1,8,3,Avenue Paul Vaillant-Couturier,48,
2.02E+11,6,7,2024,14:00,1,93,93051,1,1,1,5,A4,48,
2.02E+11,3,6,2024,14:18,1,93,93005,1,1,1,3,A3,48,
2.02E+11,3,7,2024,20:40,5,974,97407,2,9,1,3,VERDUN (BOULEVARD),-20,
2.02E+11,28,4,2024,19:00,1,93,93027,2,2,8,1,Rue Pierre Curie / Boulevard Pasteur,48,
2.02E+11,5,7,2024,12:10,1,93,93001,2,1,1,6,DANIELLE CASANOVA (RUE)  56 =>,48,
2.02E+11,25,4,2024,18:15,1,93,93079,2,1,1,1,Route de Saint-Leu,48,
2.02E+11,30,6,2024,23:06,5,44,44114,2,3,8,7,2 Rue de la Brise,47,
2.02E+11,6,7,2024,2:55,5,976,97611,2,1,1,7,convalescence/vetivers-Seize Villas ( ru,-12,
2.02E+11,21,4,2024,14:40,1,93,93079,2,1,1,3,Rue Maurice Paillard,48,
2.02E+11,5,7,2024,14:00,1,974,97416,2,1,1,6,HAVRE (RUE DU),-21,
2.02E+11,20,4,2024,16:15,1,93,93079,2,3,1,3,Route de Saint-Leu / Rue des Berceaux,48,
2.02E+11,5,7,2024,8:00,1,974,97416,1,1,1,3,RN02,-21,
2.02E+11,6,7,2024,6:20,1,974,97411,2,1,1,7,JAURES (BOULEVARD JEAN),-20,
2.02E+11,21,4,2024,18:20,1,93,93079,2,1,1,6,Avenue Jean Jaurès,48,
2.02E+11,5,7,2024,19:00,5,974,97407,2,1,1,3,CARPAYE(AVENUE),-20,
2.02E+11,30,4,2024,14:50,1,93,93027,2,2,1,3,Rue Jean-Pierre Timbaud / Avenue Paul Vaillant-Couturier,48,
2.02E+11,6,7,2024,23:26,5,69,69386,2,2,1,3,Rue Tête d'Or,45,
2.02E+11,19,4,2024,19:00,1,93,93007,2,2,2,3,Avenue du 8 Mai 1945 / Rue de l'Abbé Niort,48,
2.02E+11,6,7,2024,18:40,1,69,69387,2,1,2,6,Rue Lortet,45,
2.02E+11,5,7,2024,18:10,1,69,69383,2,2,1,3,Rue des Cuirassiers,45,
2.02E+11,19,4,2024,9:15,1,93,93072,2,2,1,2,Rue Pierre de Geyter / Rue Léon Gonot,48,
2.02E+11,6,7,2024,16:25,1,972,97209,1,1,1,7,RN9,14,
2.02E+11,18,4,2024,19:22,1,93,93031,2,1,1,3,Avenue Joffre,48,
2.02E+11,6,7,2024,11:45,1,972,97213,1,1,1,2,AUTOROUTE (A1),14,
2.02E+11,6,7,2024,16:15,1,2A,2A004,2,1,1,6,CASALONGA SERGENT  RUE DU,41,
2.02E+11,16,4,2024,21:25,5,93,93013,2,1,1,3,Avenue de la Division Leclerc,48,
2.02E+11,6,7,2024,20:20,1,95,95268,1,1,1,3,D84,48,
2.02E+11,6,7,2024,18:45,1,91,91549,2,1,1,6,LA FAYETTE (RUE),48,
2.02E+11,16,4,2024,16:25,1,93,93027,2,3,1,3,Rue du 17 Octobre 1961 / Rue Renoir,48,
2.02E+11,6,7,2024,0:27,5,91,91691,2,6,1,2,ROND POINT DU QUEBEC,48,
2.02E+11,16,4,2024,10:05,1,93,93027,2,1,1,6,Avenue Roger Salengro,48,
2.02E+11,6,7,2024,18:30,1,91,91589,2,2,1,6,RUE DES COQUELICOTS,48,