Num_Acc,jour,mois,an,hrmn,lum,dep,com,agg,int,atm,col,adr,lat,long
2.02E+11,4,6,2024,20:00,1,76,76319,2,1,1,6,Boulevard du Rouvray,49,
2.02E+11,17,11,2024,4:25,5,972,97213,1,4,1,2,AUTOROUTE A1,14,
2.02E+11,4,6,2024,12:35,1,76,76540,2,2,1,3,Rue Alsace Lorraine,49,
2.02E+11,20,12,2024,15:20,1,972,97213,1,1,3,3,ROUTE DEPARTEMENTALE 3,14,
2.02E+11,5,2,2024,19:40,3,972,97213,1,1,1,5,ROUTE NATIONALE 5,14,
2.02E+11,4,2,2024,20:20,3,972,97213,2,1,1,6,ROUTE NATIONALE 1,14,
2.02E+11,4,6,2024,0:05,3,76,76351,1,1,1,6,RD 6382,49,
2.02E+11,19,11,2024,17:55,5,75,75107,2,7,2,7,ROND POINT DU BLEUET DE FRANCE,48,
2.02E+11,4,6,2024,4:50,2,72,72181,2,6,1,3,MUTUEL (BD),48,
2.02E+11,4,2,2024,1:15,5,972,97209,2,1,1,1,BISHOP (Avenue Maurice),14,
2.02E+11,22,8,2024,11:15,1,1,1447,1,3,1,3,Route de Simandre,46,
2.02E+11,3,6,2024,15:00,1,72,72181,2,1,1,2,RUBILLARD AV N° PAIRS 118 ET >,48,
2.02E+11,6,2,2024,18:15,5,69,69381,2,1,8,2,Quai Saint Vincent,45,
2.02E+11,3,6,2024,7:40,1,69,69029,2,1,1,6,Avenue Pierre Brossolette,45,
2.02E+11,25,12,2024,12:45,1,50,50419,1,2,2,4,RUE DU MONT ST MICHEL,48,
2.02E+11,3,6,2024,19:52,1,67,67482,2,1,8,2,PARIS (PONT DE),48,
2.02E+11,3,6,2024,16:35,1,67,67482,2,1,8,6,SCHULMEISTER (RUE),48,
2.02E+11,24,7,2024,8:15,1,971,97125,1,2,1,3,RN5,16,
2.02E+11,27,11,2024,18:09,5,19,19031,2,1,1,3,CHAUMEIL (RUE PIERRE),45,
2.02E+11,4,6,2024,16:50,1,64,64122,2,2,1,3,MARNE (AVENUE DE LA),43,
2.02E+11,23,9,2024,19:29,2,1,1283,2,1,1,3,PASCAL,46,
2.02E+11,30,9,2024,13:35,1,2B,2B077,1,1,1,3,Lieu dit Corso,42,
2.02E+11,4,6,2024,18:25,1,63,63113,2,2,1,3,Rue Rouvier / rue Verlaine,45,
2.02E+11,4,6,2024,19:25,1,62,62083,1,1,1,6,D179E1,50,
2.02E+11,3,6,2024,21:30,5,62,62510,1,1,1,7,D58,50,
2.02E+11,15,9,2024,17:00,1,2B,2B030,1,1,1,6,A Marina di Ghjottani,42,
2.02E+11,3,6,2024,8:55,1,62,62108,2,1,1,3,Rue Alfred Lambert,50,
2.02E+11,10,10,2024,15:35,1,50,50046,2,3,8,3,Le Bourg,49,
2.02E+11,4,6,2024,7:45,1,61,61001,2,1,1,6,VC,48,
2.02E+11,3,6,2024,21:15,1,60,60159,2,1,1,6,Rue du Docteur Guérin,49,
2.02E+11,18,6,2024,17:30,1,85,85213,2,1,1,5,75 rue Georges clemenceau,46,
2.02E+11,30,11,2024,15:40,1,45,45063,1,1,1,6,D51 PR 25 + 760,47,
2.02E+11,4,6,2024,8:20,1,59,59512,2,2,1,3,Boulevard de Strasbourg,50,
2.02E+11,4,6,2024,19:00,1,59,59328,2,1,1,6,Avenue de Dunkerque (Lille),50,
2.02E+11,28,5,2024,17:30,1,59,59588,2,1,1,1,FURNES - ROUTE NATIONALE,51,
2.02E+11,4,6,2024,9:42,1,57,57463,2,1,1,3,CAMBOUT (RUE DU ),49,
2.02E+11,3,6,2024,8:50,1,56,56260,1,1,1,4,Kerlann,47,
2.02E+11,3,6,2024,17:00,1,54,54578,2,1,1,2,Boulevard des Aiguillettes,48,
2.02E+11,3,6,2024,13:15,1,54,54547,2,3,1,3,Avenue Jeanne d'Arc,48,
2.02E+11,3,6,2024,13:15,1,54,54184,2,1,1,2,Rue Mère Térèsa,48,
2.02E+11,3,6,2024,11:45,1,54,54395,2,1,1,6,Rue de Malzéville,48,
2.02E+11,3,6,2024,14:50,1,49,49007,2,1,1,3,SAINT JACQUES,47,
2.02E+11,3,6,2024,12:00,1,49,49007,2,1,1,2,CHEF DE VILLE,47,
2.02E+11,3,6,2024,17:35,1,47,47001,1,1,1,6,VERONE (AVENUE DE),44,
2.02E+11,4,6,2024,22:00,2,44,44109,2,2,1,3,36 Rue Camille Flammarion,47,
2.02E+11,3,6,2024,17:15,1,34,34108,2,9,1,6,CARRIERES (AVENUE DES),43,
2.02E+11,4,6,2024,19:20,1,34,34172,2,1,1,1,LUMIERE (RUE DES FRERES),43,
2.02E+11,4,6,2024,18:00,1,33,33529,2,1,1,3,N/A,44,
2.02E+11,3,6,2024,8:30,1,29,29039,1,2,1,3,rue de Penanguer,47,
2.02E+11,4,6,2024,10:20,1,28,28134,2,1,1,6,VIOLETTE (RUE MAURICE),48,
2.02E+11,4,6,2024,18:30,1,27,27681,2,3,1,3,BONNARD (RUE PIERRE),49,
2.02E+11,4,6,2024,11:55,1,27,27375,2,1,1,2,THOREL (PLACE ERNEST),49,
2.02E+11,4,6,2024,21:05,1,25,25056,2,6,1,6,TORCOLS CHEMIN DES,47,
2.02E+11,3,6,2024,18:35,1,14,14437,1,1,1,2,N814,49,
2.02E+11,5,6,2024,0:15,5,13,13208,2,1,1,3,PRADO (AVENUE DU),43,
2.02E+11,4,6,2024,1:00,5,13,13210,2,1,1,3,ELIE WIESEL (BD),43,
2.02E+11,4,6,2024,15:40,1,13,13047,1,4,1,3,D.5,43,
2.02E+11,4,6,2024,8:45,1,13,13001,1,6,1,3,LEDOUX CLAUDE NICOLAS (RUE),43,
2.02E+11,3,6,2024,13:25,1,11,11069,2,1,1,2,5 Rue Antoine Marty,43,
2.02E+11,4,6,2024,11:15,1,7,7316,1,1,1,4,LYON (ROUTE DE),44,
2.02E+11,4,6,2024,16:00,1,1,1344,1,1,1,2,BRESSE (AVENUE DE),46,
2.02E+11,4,6,2024,16:05,1,75,75114,2,1,1,2,BD PERIPHERIQUE EXTERIEUR,48,
2.02E+11,3,6,2024,12:35,1,75,75116,2,1,1,2,BD PERIPHERIQUE INTERIEUR,48,
2.02E+11,4,6,2024,13:33,1,75,75104,2,2,1,3,PONT DE SULLY,48,
2.02E+11,4,6,2024,11:20,1,75,75111,2,3,1,6,RUE DU FAUBOURG SAINT ANTOINE,48,
2.02E+11,4,6,2024,9:45,1,75,75106,2,2,1,3,RUE SAINT SULPICE,48,
2.02E+11,3,6,2024,9:15,1,75,75106,2,7,1,2,BOULEVARD SAINT MICHEL,48,
2.02E+11,4,6,2024,14:40,1,75,75119,2,3,1,3,AVENUE SIMON BOLIVAR,48,
2.02E+11,4,6,2024,18:00,1,75,75116,2,1,1,3,ALLEE DU BORD DE L EAU,48,
2.02E+11,3,6,2024,16:30,1,75,75116,2,3,1,6,RUE LE NOTRE,48,
2.02E+11,4,6,2024,2:40,3,75,75112,2,7,1,1,AVENUE DES MINIMES,48,
2.02E+11,3,6,2024,16:55,1,75,75112,2,1,1,5,QUAI DE BERCY,48,
2.02E+11,4,6,2024,18:20,1,75,75110,2,2,1,3,RUE DU FAUBOURG SAINT MARTIN,48,
2.02E+11,4,6,2024,15:40,1,75,75110,2,7,1,6,BOULEVARD SAINT DENIS,48,
2.02E+11,4,6,2024,10:00,1,75,75108,2,1,1,2,RUE CAMBACERES,48,
2.02E+11,4,6,2024,2:00,5,75,75108,2,1,1,2,PLACE DE LA MADELEINE,48,
2.02E+11,4,6,2024,16:40,1,94,94003,2,3,1,3,Avenue Aristide Briand / Rue Berthollet,48,
2.02E+11,3,6,2024,21:40,2,94,94041,2,1,1,1,Avenue de l’Industrie,48,
2.02E+11,4,6,2024,19:05,1,94,94065,1,4,1,2,Boulevard Circulaire Sud Min / Rue de la Rochelle,48,
2.02E+11,3,6,2024,21:20,1,93,93078,2,2,1,3,Boulevard Robert Ballanger / Chemin du Loup,48,
2.02E+11,4,6,2024,23:00,5,93,93066,2,2,1,2,Avenue du Stade de France / Rue de la Cokerie,48,
2.02E+11,4,6,2024,16:45,1,93,93066,2,3,1,3,Rue du Docteur Delafontaine / Avenue du Docteur Lamaze,48,
2.02E+11,4,6,2024,15:30,1,93,93055,2,1,1,3,Quai de l’Ourcq,48,
2.02E+11,4,6,2024,6:45,1,93,93050,2,1,1,3,Avenue Paul Vaillant Couturier,48,
2.02E+11,4,6,2024,18:40,1,93,93046,2,2,1,3,Boulevard de la République / Boulevard Marx Dormoy,48,
2.02E+11,4,6,2024,18:50,1,93,93006,2,2,1,1,Avenue Pasteur / Rue Voltaire,48,
2.02E+11,4,6,2024,17:30,1,93,93079,2,3,1,3,Route de Saint-Leu / Rue de l'Yser,48,
2.02E+11,20,10,2024,16:35,1,75,75109,2,2,1,3,RUE LA FAYETTE,48,
2.02E+11,30,4,2024,11:30,1,93,93010,2,3,1,6,Avenue Henri Barbusse  / Allee des Primeveres,48,
2.02E+11,19,10,2024,18:42,5,75,75107,2,7,2,6,Place du Général Gouraud,48,
2.02E+11,4,6,2024,22:56,5,93,93005,2,2,1,3,Avenue de Nonneville / Rue Arthur Chevalier,48,
2.02E+11,20,10,2024,17:10,1,75,75101,2,3,1,1,RUE DES HALLES,48,
2.02E+11,4,6,2024,9:45,1,93,93001,2,3,1,3,Boulevard Félix Faure / Rue du Tournant,48,
2.02E+11,4,6,2024,17:45,1,92,92033,2,1,1,6,GRANDE RUE,48,
2.02E+11,19,10,2024,16:45,1,75,75103,2,2,1,7,RUE DE TURBIGO,48,
2.02E+11,3,6,2024,8:53,1,92,92064,2,1,1,4,DAILLY,48,
2.02E+11,4,6,2024,21:02,1,92,92062,2,3,1,3,WALLACE (BD RICHARD) DU 17 AU 91 ET DU 3,48,
2.02E+11,18,10,2024,16:48,1,75,75103,2,3,1,3,RUE SAINT MARTIN,48,
2.02E+11,4,6,2024,14:30,1,92,92044,2,3,1,3,VIC. HUGO(RUE)115A149 ET 148A178,48,
2.02E+11,20,10,2024,6:00,5,94,94044,2,1,2,6,Avenue de Verdun,48,
2.02E+11,4,6,2024,15:45,1,92,92026,2,2,1,2,MARECHAL JOFFRE (QUAI DU),48,
2.02E+11,19,10,2024,12:40,1,94,94068,2,1,1,6,Rue Léon Bocquet,48,
2.02E+11,4,6,2024,2:45,5,92,92023,2,1,1,1,PETIT CLAMART (ROND POINT DU),48,
2.02E+11,4,6,2024,10:00,1,92,92012,2,1,1,7,STALINGRAD (QUAI DE) 1/18 - 490  - 860 -,48,
2.02E+11,20,10,2024,2:15,5,93,93072,2,2,1,3,MARCEL CACHIN (AVENUE) COTE N°16 AU 50,48,
2.02E+11,4,6,2024,13:50,1,92,92002,2,1,1,6,RAYMON ARON (AVENUE),48,
2.02E+11,5,6,2024,8:35,1,6,6149,1,1,1,3,4006 Route de Laghet,43,
2.02E+11,2,6,2024,16:00,1,22,22177,1,1,1,3,Le Nonen,48,
2.02E+11,19,10,2024,19:15,5,93,93064,2,2,2,3,LECLERC (RUE DU GENERAL),48,
2.02E+11,5,6,2024,7:42,1,69,69279,2,1,1,3,12 Boulevard Marcel Dassault,45,
2.02E+11,20,10,2024,13:35,1,93,93045,2,1,1,3,LIBERTE BD DE LA,48,
2.02E+11,3,6,2024,17:15,1,28,28196,2,2,7,3,Avenue du Général Leclerc,48,
2.02E+11,2,6,2024,20:30,1,51,51217,1,1,1,7,départemantale 18,49,
2.02E+11,20,10,2024,14:35,1,93,93010,2,9,1,1,LEBAS (AV. JEAN),48,
2.02E+11,3,6,2024,14:15,1,54,54234,2,1,1,1,15 Rue des Usines,49,
2.02E+11,19,10,2024,19:30,5,93,93008,2,4,2,6,VAILLANT (AVENUE EDOUARD),48,
2.02E+11,23,5,2024,22:41,5,51,51388,2,3,1,3,D19,49,
2.02E+11,20,10,2024,20:55,5,92,92046,2,1,1,7,PIERRE BROSSOLETTE (AVENUE),48,
2.02E+11,4,6,2024,16:30,1,83,83049,1,2,1,5,Route de Pierrefeu,43,
2.02E+11,4,6,2024,18:12,5,974,97413,2,1,2,6,10 Rue Adrien Lagourgue,-21,
2.02E+11,19,10,2024,17:30,1,92,92076,1,1,2,7,REPUBLIQUE,48,
2.02E+11,5,6,2024,7:45,1,50,50095,1,2,8,7,Rue du Bois,49,
2.02E+11,5,6,2024,20:35,2,62,62664,1,1,1,1,D30,50,
2.02E+11,20,10,2024,17:15,1,92,92050,2,1,1,2,LENINE VLADIMIR ILITCH AVENUE,48,
2.02E+11,1,6,2024,1:50,3,56,56243,1,1,1,6,23 Avenue Raymond Marcellin,47,
2.02E+11,21,10,2024,10:50,1,34,34249,2,1,1,7,Avenue du Bérange,43,
2.02E+11,5,6,2024,12:25,1,79,79202,2,1,1,6,N/A,46,
2.02E+11,5,6,2024,13:00,1,2B,2B125,1,1,1,3,D515,42,
2.02E+11,20,10,2024,20:38,3,60,60365,1,1,1,2,D930,49,
2.02E+11,5,6,2024,17:45,1,80,80130,1,2,1,1,RD 211 - D97,49,
2.02E+11,5,6,2024,12:25,1,33,33400,1,1,1,6,N/A,44,
2.02E+11,19,10,2024,22:55,3,62,62812,1,1,5,6,D132,50,
2.02E+11,4,6,2024,21:10,2,71,71392,2,1,1,6,38 Grande Rue,46,
2.02E+11,21,10,2024,12:25,1,6,6031,1,1,1,1,D2204B PR 11 + 808,43,
2.02E+11,20,10,2024,14:50,3,54,54582,1,1,1,7,D29c,49,
2.02E+11,5,6,2024,11:10,1,63,63412,1,1,1,1,D57,45,
2.02E+11,5,6,2024,15:30,1,55,55189,1,1,1,7,D913a,49,
2.02E+11,20,10,2024,10:45,1,83,83070,2,6,1,2,Avenue du Marechal Juin,43,
2.02E+11,4,6,2024,16:20,1,49,49026,2,1,1,1,Avenue des Roses,47,
2.02E+11,20,10,2024,5:54,3,8,8402,1,1,2,6,A34,49,
2.02E+11,4,6,2024,18:00,1,42,42062,1,9,1,5,Route de Chazelles sur Lyon,45,
2.02E+11,4,6,2024,17:45,1,31,31033,2,9,1,1,Place Leonie Toulouse,43,
2.02E+11,3,6,2024,23:20,3,72,72293,1,1,1,6,D23,47,
2.02E+11,20,10,2024,21:30,3,21,21223,1,1,1,5,M971,47,
2.02E+11,25,5,2024,17:15,1,53,53240,1,1,1,3,Roche Poulain,47,
2.02E+11,21,10,2024,16:30,1,62,62192,2,1,2,6,Rue d’Arras,50,
2.02E+11,1,6,2024,9:00,1,21,21379,1,1,1,7,D17D,47,
2.02E+11,20,10,2024,22:20,3,40,40227,1,1,1,6,D834,44,
2.02E+11,3,6,2024,7:20,2,21,21579,1,4,1,1,départementale 19,47,
2.02E+11,6,10,2024,21:15,3,57,57465,1,2,2,1,Route départementale 918,49,
2.02E+11,4,6,2024,16:30,1,24,24087,1,1,1,5,D703,44,
2.02E+11,10,10,2024,19:30,2,57,57426,1,2,8,3,D8,49,
2.02E+11,5,6,2024,12:15,1,4,4204,1,9,1,6,D4085,43,
2.02E+11,5,6,2024,11:55,1,37,37111,1,1,1,7,D764,47,
2.02E+11,1,6,2024,17:00,1,37,37132,2,1,1,1,D760,47,
2.02E+11,21,10,2024,8:55,1,59,59159,1,2,2,2,D300,50,
2.02E+11,23,5,2024,23:35,3,37,37099,1,1,1,6,RD 751,47,
2.02E+11,20,10,2024,0:48,5,82,82072,2,6,1,6,Avenue du Midi,44,
2.02E+11,3,6,2024,19:02,1,8,8089,2,1,1,6,N/A,49,
2.02E+11,4,6,2024,20:10,5,973,97309,2,1,1,6,Route de Rémire,4,
2.02E+11,20,10,2024,14:50,1,11,11436,1,1,1,6,N/A,43,
2.02E+11,31,5,2024,17:40,1,6,6018,1,1,1,3,231 Chemin de la Romaine,43,
2.02E+11,20,10,2024,12:15,1,11,11436,1,1,1,6,route departementale 611A PK 2+300,43,
2.02E+11,25,5,2024,6:30,1,95,95371,1,1,1,7,D9,49,
2.02E+11,20,10,2024,12:40,1,61,61394,2,1,8,7,D7,48,
2.02E+11,21,10,2024,16:40,1,55,55457,2,1,7,6,2 Rue de Lorraine,49,
2.02E+11,3,6,2024,16:20,1,27,27022,2,1,1,6,D316,,
2.02E+11,21,10,2024,13:15,1,55,55001,2,1,1,7,Chemin du Granit,48,
2.02E+11,4,6,2024,12:00,1,77,77065,1,1,1,6,Autoroute A6 point kilométrique 46+200 direction PARIS,48,
2.02E+11,4,6,2024,17:50,1,11,11202,1,1,1,1,N/A,42,
2.02E+11,21,10,2024,15:50,1,47,47004,1,1,7,3,1537 route du sud,44,
2.02E+11,4,6,2024,7:45,1,78,78128,1,3,1,3,D906,48,
2.02E+11,21,10,2024,16:50,1,86,86032,1,1,7,1,D749,46,
2.02E+11,3,6,2024,21:04,2,67,67033,1,1,1,7,D421,48,
2.02E+11,20,10,2024,18:35,2,86,86076,2,1,1,7,Rue d'Italie,46,
2.02E+11,4,6,2024,18:40,1,74,74102,1,4,1,1,D216,45,
2.02E+11,4,6,2024,19:40,1,26,26170,2,3,1,6,Rue du Stade,44,
2.02E+11,21,10,2024,17:35,1,25,25438,2,1,1,2,Route de Routelle,47,
2.02E+11,4,6,2024,18:56,1,26,26064,1,2,1,3,D68,44,
2.02E+11,17,10,2024,11:41,1,29,29300,1,1,1,6,N165,47,
2.02E+11,4,6,2024,7:15,1,40,40277,1,1,1,6,Route de Peyrehorade,43,
2.02E+11,17,10,2024,10:42,1,29,29150,2,1,1,2,16 Rue Louis le Guennec,47,
2.02E+11,5,6,2024,15:25,1,14,14322,1,6,1,3,D572,49,
2.02E+11,21,10,2024,17:30,1,29,29220,2,1,1,1,Chemin du Séquer Névéz,47,
2.02E+11,5,6,2024,7:40,1,22,22162,2,6,1,3,D786,48,
2.02E+11,4,6,2024,17:45,1,13,13212,1,1,1,2,A507 sens Marseille - Aubagne,43,
2.02E+11,21,10,2024,8:15,3,29,29167,1,1,3,5,Kermatheanou Bras,47,
2.02E+11,3,6,2024,17:46,1,13,13202,1,1,1,3,Tunnel Joliette Marseille vers Aubagne,43,
2.02E+11,16,10,2024,19:10,3,31,31033,2,1,1,7,Chemin de la Pachelle,43,
2.02E+11,27,8,2024,18:12,1,31,31561,2,1,7,3,Rue du Lac d'Artouste,43,
2.02E+11,3,6,2024,9:05,1,13,13071,1,1,1,5,A55 - Sens Marseille vers Martigues,43,
2.02E+11,20,10,2024,12:00,1,3,3025,2,3,1,3,9 Rue Charles Louis Philippe,46,
2.02E+11,4,6,2024,20:10,1,83,83090,1,1,1,6,A50,43,
2.02E+11,20,10,2024,20:00,3,58,58136,1,1,1,2,D958,47,
2.02E+11,4,6,2024,3:55,3,57,57039,1,6,1,7,RN 431,49,
2.02E+11,21,10,2024,5:25,5,54,54029,2,1,1,7,59 Rue Lucien Michel,49,
2.02E+11,4,6,2024,17:30,1,78,78646,1,1,1,5,RN12,48,
2.02E+11,20,10,2024,20:23,5,60,60291,2,2,1,1,Rue Marcel Viseur,49,
2.02E+11,3,6,2024,18:50,1,92,92048,1,1,1,2,N118,48,
2.02E+11,19,10,2024,10:20,1,73,73162,1,1,1,6,Route du chateau,45,
2.02E+11,3,6,2024,13:50,1,92,92025,1,1,1,2,A86,48,
2.02E+11,20,10,2024,16:14,1,73,73128,1,1,7,1,D1201 - Route de l'Albanais,45,
2.02E+11,4,6,2024,19:00,1,93,93053,1,1,1,2,A3,48,
2.02E+11,21,10,2024,16:25,1,43,43047,1,1,7,1,RD 37 ,44,
2.02E+11,4,6,2024,8:50,1,95,95491,1,1,1,4,A115,49,
2.02E+11,20,10,2024,5:25,3,10,10353,1,1,1,7,D619,48,
2.02E+11,4,6,2024,12:15,1,93,93066,1,1,1,2,A86,48,
2.02E+11,20,10,2024,15:15,1,21,21577,2,9,1,3,rue du canal,47,
2.02E+11,4,6,2024,9:45,1,93,93010,1,1,1,2,A86,48,
2.02E+11,29,7,2024,18:20,1,40,40313,1,1,1,3,Avenue du Général Leclerc,43,
2.02E+11,3,6,2024,14:30,1,95,95582,1,1,1,4,A15,48,
2.02E+11,19,10,2024,7:25,2,40,40233,1,1,1,1,D322,43,
2.02E+11,4,6,2024,9:00,1,94,94022,1,1,1,3,A86 INT,48,
2.02E+11,21,10,2024,17:26,1,24,24252,1,3,1,3,RD 704,44,
2.02E+11,3,6,2024,17:40,1,94,94028,1,1,1,3,A86,48,
2.02E+11,3,6,2024,17:00,1,94,94017,1,1,1,2,A4,48,
2.02E+11,19,10,2024,12:25,1,28,28199,2,1,1,1,Rue du Maréchal Foch,48,
2.02E+11,16,5,2024,14:50,1,44,44109,2,1,1,6,Rue du Poitou,47,
2.02E+11,16,5,2024,8:15,1,44,44109,2,1,1,6,5 Rue Jules Grandjouan,47,
2.02E+11,21,10,2024,17:45,2,30,30089,1,1,1,4,D102,43,
2.02E+11,16,5,2024,8:50,1,44,44020,1,1,8,3,N/A,47,
2.02E+11,21,10,2024,6:40,3,48,48072,1,1,1,6,D808,44,
2.02E+11,23,9,2024,17:55,1,67,67140,1,9,8,6,A35 PK 215+000 sens LAUTERBOURG vers STRASBOURG,48,
2.02E+11,2,5,2024,18:30,1,44,44109,2,2,8,3,30 Boulevard des Anglais,47,
2.02E+11,24,4,2024,10:15,1,44,44190,2,1,8,6,341 Route de Clisson,47,
2.02E+11,22,4,2024,12:50,1,44,44162,2,3,8,6,Aveneue de Cheverny,47,
2.02E+11,21,10,2024,8:35,2,53,53008,1,1,2,5,les bruyères,48,
2.02E+11,19,4,2024,11:05,1,44,44162,2,1,8,6,4 Rue Félix Guyon,47,
2.02E+11,19,4,2024,16:30,1,44,44109,2,6,8,6,Rond-Point de Berlin,47,
2.02E+11,20,10,2024,10:30,1,34,34032,1,1,1,2,GARE DE PÉAGE DE BEZIERS CABRIALS,43,
2.02E+11,18,4,2024,18:10,1,44,44109,2,2,1,3,Place Pirmil,47,
2.02E+11,20,10,2024,17:30,1,69,69007,2,1,1,1,Route de la Roche,45,
2.02E+11,15,4,2024,6:25,1,44,44109,2,1,1,3,116 Boulevard Ernest Dalby,47,
2.02E+11,15,10,2024,11:00,1,988,98814,1,1,1,6,Tribu de Hmelek,-21,
2.02E+11,15,4,2024,7:35,1,44,44109,2,1,8,6,Boulevard de Sarrebruck,47,
2.02E+11,14,4,2024,0:05,5,44,44109,2,6,8,6,Boulevard Jean Philippot,47,
2.02E+11,20,10,2024,9:30,1,973,97303,2,6,1,7,Rue Eugene Ronda Sylva,5,
2.02E+11,14,4,2024,9:27,1,44,44109,2,3,1,2,26 Boulevard des Poilus,47,
2.02E+11,19,10,2024,21:15,3,77,77483,1,1,2,7,D405,49,
2.02E+11,3,6,2024,12:50,1,973,97302,2,1,1,2,NOVAPARC (RESIDENCE) RTE DE RABAN,4,
2.02E+11,2,6,2024,19:25,5,973,97302,2,1,1,6,SPATULES (RUE DES) CITE EAU LISETTE,4,
2.02E+11,3,6,2024,20:10,1,69,69388,2,2,1,6,Avenue des Frères Lumière,45,
2.02E+11,12,8,2024,18:11,1,78,78108,1,9,1,7,Chemin du Moulin,48,
2.02E+11,3,6,2024,9:40,1,69,69382,2,1,8,2,22 Quai Docteur Gailleton,45,
2.02E+11,20,10,2024,15:40,1,66,66215,1,1,1,6,D2,42,
2.02E+11,3,6,2024,8:30,1,69,69034,2,1,1,6,Quai Clemenceau,45,
2.02E+11,17,10,2024,20:50,3,83,83023,1,1,3,6,RN 7,,
2.02E+11,1,6,2024,2:45,5,971,97101,1,1,1,7,BOULEVARD DES HEROS,16,
2.02E+11,21,10,2024,11:45,1,5,5181,1,1,1,6,D1091,45,
2.02E+11,2,6,2024,4:00,3,971,97101,1,1,3,6,PERRIN,16,
2.02E+11,3,6,2024,13:25,1,95,95582,2,9,1,3,D14,48,
2.02E+11,21,10,2024,8:10,1,25,25505,1,2,1,3,D486,47,
2.02E+11,3,6,2024,8:05,1,95,95203,2,1,1,3,D909,48,
2.02E+11,3,6,2024,8:20,1,95,95288,2,1,1,6,MONTMORENCY (RUE DE),48,
2.02E+11,18,10,2024,11:00,1,88,88513,1,2,1,3,D157,48,
2.02E+11,3,6,2024,8:16,1,91,91549,2,6,1,3,ROND POINT CD 117,48,
2.02E+11,20,10,2024,17:40,1,88,88090,1,1,1,7,N57,48,
2.02E+11,2,6,2024,17:35,1,91,91201,2,3,1,2,AV DU GENERAL DE GAULLE,48,
2.02E+11,20,10,2024,22:15,4,64,64460,2,1,1,6,4 Rue des 3 Frères Carrey,43,
2.02E+11,3,6,2024,13:00,1,91,91027,2,1,1,3,AV FRANCOIS MITTERRAND,48,
2.02E+11,21,10,2024,5:20,3,60,60342,1,1,2,6,D1016,49,
2.02E+11,3,6,2024,4:11,4,87,87085,2,2,1,3,MONTMAILLER (RUE),45,
2.02E+11,20,10,2024,13:00,1,13,13212,1,1,1,2,A507 sens Marseille - Aubagne,43,
2.02E+11,2,6,2024,21:24,2,87,87085,2,1,1,2,GUERIN (RUE CAMILLE),45,
2.02E+11,31,5,2024,20:40,2,87,87085,2,2,1,3,PORT DU NAVEIX (RUE DU),45,
2.02E+11,20,10,2024,9:10,1,91,91689,1,1,1,2,AUTOROUTE A6B,48,
2.02E+11,2,6,2024,18:45,1,84,84031,2,1,1,6,Boulevard du Nord,44,
2.02E+11,20,10,2024,19:56,3,93,93064,1,1,1,4,AUTOROUTE A86,48,
2.02E+11,20,10,2024,1:50,3,93,93078,1,1,2,6,AUTOROUTE A104,48,
2.02E+11,3,6,2024,6:30,2,84,84007,2,3,1,3,RHONE (Boulevard du ),43,
2.02E+11,20,10,2024,1:30,3,92,92078,1,1,2,6,AUTOROUTE A86,48,
2.02E+11,2,6,2024,16:50,1,83,83137,2,1,1,3,D'ORVES (AVE ESTIENNE),43,
2.02E+11,1,6,2024,10:40,1,83,83129,2,1,1,6,DE LATTRE DE TASSIGNY (AV),43,
2.02E+11,20,10,2024,22:02,3,77,77055,1,1,1,2,RN104,48,
2.02E+11,31,5,2024,14:15,1,83,83129,2,1,1,3,DE LATTRE DE TASSIGNY (AV),43,
2.02E+11,2,6,2024,21:40,1,80,80021,1,1,1,7,SAVEUSE (RUE DE),49,
2.02E+11,20,10,2024,14:45,1,94,94017,1,1,1,2,A4,48,
2.02E+11,19,10,2024,2:40,3,77,77294,1,1,1,7,A104,48,
2.02E+11,3,6,2024,17:50,1,78,78551,1,9,1,5,RD 308,48,
2.02E+11,31,5,2024,17:45,1,73,73121,2,2,1,3,Rue de l'expansion,45,
2.02E+11,3,6,2024,16:30,1,78,78440,2,9,1,3,PAUL RAOULT (AVENUE),48,
2.02E+11,1,6,2024,16:15,1,84,84076,2,1,1,7,Route de Beaumont,43,
2.02E+11,30,6,2024,9:20,1,50,50393,1,3,8,1,La Cavee,48,
2.02E+11,10,10,2024,23:10,5,44,44109,2,1,1,6,Rue Léopold Cassegrain,47,
2.02E+11,17,10,2024,13:05,1,75,75113,2,3,1,6,RUE BARRAULT,48,
2.02E+11,8,10,2024,9:50,1,44,44109,2,6,1,7,Boulevard des Nations-Unies,47,
2.02E+11,15,10,2024,7:45,2,84,84007,2,1,5,2,JOSEPH VERNET (RUE),43,
2.02E+11,14,10,2024,7:55,1,45,45338,2,1,8,6,43 Rue Jean Mermoz,47,
2.02E+11,19,8,2024,7:15,1,74,74178,1,1,1,3,Route de mionnaz nord,45,
2.02E+11,12,8,2024,8:15,1,74,74112,2,6,1,3,Rue de la Tuilerie,45,
2.02E+11,17,8,2024,16:30,1,74,74010,1,2,1,3,Route des argos,45,
2.02E+11,10,8,2024,14:20,1,74,74140,1,3,7,3,Route du Col de Terramont,46,