Num_Acc,jour,mois,an,hrmn,lum,dep,com,agg,int,atm,col,adr,lat,long
2.02E+11,19,3,2024,17:13,1,75,75104,2,2,1,6,RUE DE LA CITE,48,
2.02E+11,6,7,2024,1:10,4,35,35302,2,1,1,6,Rue de la Fontaine,48,
2.02E+11,18,3,2024,18:45,1,94,94078,2,3,1,5,Place Pierre Semard / Rue de Verdun,48,
2.02E+11,7,7,2024,11:00,1,29,29162,2,1,1,3,Rue des Ardoisiers,48,
2.02E+11,6,7,2024,22:05,1,29,29048,1,1,1,7,Route des Trois Croix,48,
2.02E+11,19,3,2024,8:30,1,94,94003,2,1,1,6,Rue de la Citadelle,48,
2.02E+11,6,7,2024,11:55,1,31,31574,1,1,1,6,Vernet,43,
2.02E+11,18,3,2024,20:25,3,94,94028,2,9,1,6,Avenue du Marechal Lyautey,48,
2.02E+11,7,7,2024,14:45,1,38,38417,1,1,1,6,route départementale 1090,45,
2.02E+11,19,3,2024,15:30,1,94,94054,2,3,1,2,Route Charles Tillon / impasse du clos pantin,48,
2.02E+11,6,7,2024,14:45,1,1,1216,1,1,3,6,D19,45,
2.02E+11,19,3,2024,11:40,1,94,94054,2,2,1,2,Rue Paul Vaillant Couturier / Avenue de la Paix,48,
2.02E+11,4,7,2024,8:45,1,26,26063,2,3,7,6,Avenue Boissy d’Anglas,44,
2.02E+11,18,3,2024,19:15,2,93,93070,2,2,1,3,Rue du Docteur Bauer / Avenue Michelet,48,
2.02E+11,19,3,2024,18:45,2,93,93064,2,1,1,3,Boulevard de la Boissière,48,
2.02E+11,7,7,2024,2:37,3,72,72100,1,1,1,7,D8,47,
2.02E+11,19,3,2024,12:20,1,93,93064,2,1,1,3,Rue Leon Blum,48,
2.02E+11,7,7,2024,13:50,1,6,6119,1,1,1,1,Col de la Bonette (Col de montagne),44,
2.02E+11,19,3,2024,17:10,1,93,93055,2,2,1,6,Rue Jules Auffret / Avenue du 8 Mai 1945,48,
2.02E+11,2,7,2024,1:00,3,45,45098,1,1,1,1,D951 PR 103 + 396,47,
2.02E+11,19,3,2024,14:00,1,93,93051,2,3,1,6,Boulevard George Méliès / Promenade Marco Polo,48,
2.02E+11,6,7,2024,15:40,1,64,64010,1,1,2,1,D933,43,
2.02E+11,19,3,2024,23:00,3,93,93048,2,2,1,3,Boulevard Aristide Briand / Rue Saint-Denis,48,
2.02E+11,19,3,2024,10:20,1,93,93032,2,2,1,3,Rue Paul Vaillant Couturier / Rue de la Mare,48,
2.02E+11,7,7,2024,8:15,1,73,73100,2,6,1,3,D36 / D38,45,
2.02E+11,19,3,2024,20:16,5,93,93010,2,1,1,3,Avenue de Rosny,48,
2.02E+11,7,7,2024,2:45,3,36,36194,1,1,1,6,N/A,46,
2.02E+11,18,3,2024,8:30,1,93,93007,2,3,1,6,Avenue Henri Barbusse,48,
2.02E+11,5,7,2024,20:45,2,53,53211,1,1,1,6,chemin de la grande hairie,48,
2.02E+11,19,3,2024,14:46,1,92,92064,2,1,1,4,REPUBLIQUE,48,
2.02E+11,6,7,2024,18:10,1,85,85029,1,1,1,7,la brocherie,46,
2.02E+11,6,7,2024,15:35,1,17,17024,1,1,1,7,D950,46,
2.02E+11,19,3,2024,11:30,1,92,92064,2,1,1,6,GOUNOD,48,
2.02E+11,7,7,2024,15:00,1,52,52194,1,1,8,7,RD8,48,
2.02E+11,18,3,2024,17:35,1,92,92020,2,1,1,6,TIMBAUD RUE JEAN-PIERRE N° IMPAIRS,48,
2.02E+11,18,3,2024,19:10,5,92,92036,2,9,1,6,GENERAL DE GAULLE (AVENUE) (43/129),48,
2.02E+11,6,7,2024,16:00,1,973,97309,2,3,1,1,Route de Suzini,4,
2.02E+11,6,7,2024,9:05,1,72,72339,1,1,1,6,A11,,
2.02E+11,19,3,2024,8:35,1,92,92012,2,1,1,6,ALPHONSE LE GALLO (QUAI) 35/FIN,48,
2.02E+11,6,7,2024,16:18,1,89,89378,1,1,1,6,Autoroute A6 sens Paris-Lyon PK208+600,47,
2.02E+11,19,3,2024,7:23,1,92,92004,2,1,1,6,ARGENTEUIL AV D',48,
2.02E+11,19,3,2024,20:15,3,24,24521,2,3,1,3,N21,45,
2.02E+11,6,6,2024,13:45,1,34,34270,1,1,1,3,A709,43,
2.02E+11,7,7,2024,18:05,2,974,97417,2,1,1,7,26 Rue Leconte de Lisle,-21,
2.02E+11,5,7,2024,22:00,5,973,97312,2,3,3,1,avenue élie castor,5,
2.02E+11,6,7,2024,18:00,1,29,29233,2,1,1,7,Rue de l’Enfer,47,
2.02E+11,19,3,2024,17:45,1,12,12053,1,2,1,2,D24,44,
2.02E+11,6,7,2024,5:40,2,91,91654,1,6,1,3,D90,48,
2.02E+11,10,3,2024,19:35,3,83,83085,1,1,2,1,2040 Route de Callas,43,
2.02E+11,6,7,2024,0:38,3,91,91226,2,1,1,7,Route de Saudreville,48,
2.02E+11,20,3,2024,17:45,1,11,11041,1,1,1,3,N/A,43,
2.02E+11,6,7,2024,21:45,5,66,66175,1,6,3,6,rond point souvenir français,42,
2.02E+11,20,3,2024,10:15,1,83,83070,2,1,1,6,Boulevard de Lattre de Tassigny,43,
2.02E+11,7,7,2024,11:55,1,84,84068,1,1,1,1,Route départementale 943,43,
2.02E+11,19,3,2024,17:50,1,24,24553,1,3,1,2,D710 intersection avec rue du chaufournier,45,
2.02E+11,6,7,2024,15:15,1,6,6057,2,1,1,1,24 Route de la Grave,43,
2.02E+11,20,3,2024,13:05,1,59,59159,2,1,1,1,Rue du Schelfvliet,50,
2.02E+11,7,7,2024,7:00,1,54,54364,1,1,1,7,D331,48,
2.02E+11,20,3,2024,21:10,3,80,80620,2,1,1,6,D917,49,
2.02E+11,7,7,2024,14:45,1,42,42147,2,4,1,1,Rue de la République,45,
2.02E+11,19,3,2024,16:45,1,80,80215,2,1,7,1,Devant le 2 route d'Abbeville,50,
2.02E+11,19,3,2024,9:40,1,82,82079,1,1,1,1,1975 Route de campsas,43,
2.02E+11,6,7,2024,23:40,3,7,7042,1,1,3,1,rd 86 - route de saint marcel,44,
2.02E+11,11,3,2024,17:10,1,42,42149,2,1,1,6,Route de Saint Etienne,45,
2.02E+11,7,7,2024,7:07,1,1,1249,2,1,1,6,Quai du Rhone,45,
2.02E+11,20,3,2024,10:15,1,46,46131,2,2,1,3,Intersection D13 D 38,44,
2.02E+11,7,7,2024,11:05,1,60,60116,2,1,1,1,Rue Herminie,49,
2.02E+11,19,3,2024,18:30,2,68,68258,1,9,1,2,rue de cernay,47,
2.02E+11,18,3,2024,1:00,3,29,29207,1,6,1,6,Carrefour de la Vieille Roche.,48,
2.02E+11,7,7,2024,2:45,3,80,80541,1,1,1,1,D930,49,
2.02E+11,20,3,2024,15:20,1,15,15261,2,3,1,2,RD 678,45,
2.02E+11,7,7,2024,13:15,1,80,80002,1,1,1,2,A1,49,
2.02E+11,18,3,2024,13:35,1,70,70363,2,6,1,3,D58,47,
2.02E+11,20,3,2024,17:10,1,6,6090,2,1,1,1,1140 Route de la Fenerie,43,
2.02E+11,6,7,2024,19:00,1,62,62865,2,3,1,6,D50,50,
2.02E+11,17,3,2024,6:30,1,10,10055,2,1,1,6,10 Rue des Tilleuls,48,
2.02E+11,7,7,2024,1:00,3,59,59379,1,1,1,3,D132,50,
2.02E+11,18,3,2024,1:00,3,24,24197,1,1,1,6,Route du Chardonnay,44,
2.02E+11,5,7,2024,22:35,3,13,13106,1,1,1,3,A7-Sens Marseille vers Lyon,43,
2.02E+11,19,3,2024,17:00,1,27,27129,1,9,1,2,Route d?Orbec,49,
2.02E+11,2,7,2024,4:47,3,13,13215,1,1,1,2,A7-Sens Marseille vers Lyon,43,
2.02E+11,20,3,2024,7:50,1,37,37085,1,1,1,1,D83,47,
2.02E+11,5,7,2024,14:10,1,13,13212,1,1,1,7,A507 sens Marseille - Aubagne,43,
2.02E+11,19,3,2024,17:30,1,24,24168,1,9,1,3,N21,44,
2.02E+11,5,7,2024,18:15,1,91,91617,1,1,1,2,RN 104,48,
2.02E+11,20,3,2024,8:00,1,6,6030,1,1,1,4,A8 PK 161.500 SUD,43,
2.02E+11,5,7,2024,15:20,1,91,91617,1,1,1,2,RN6 PROVINCE / RN104 INT,48,
2.02E+11,6,7,2024,7:17,2,92,92050,1,1,1,6,A86,48,
2.02E+11,18,3,2024,14:55,1,86,86123,1,1,1,2,A10,46,
2.02E+11,5,7,2024,2:00,3,93,93064,1,1,1,2,A86,48,
2.02E+11,19,3,2024,15:30,1,987,98722,1,1,2,1,PK 25.500 C/MONT TIAREI,-17,
2.02E+11,19,3,2024,11:20,1,971,97128,1,1,1,2,D115,16,
2.02E+11,5,7,2024,20:15,1,95,95500,1,1,1,5,A15,49,
2.02E+11,20,3,2024,3:00,3,2B,2B313,1,1,1,7,Départementale 34 - route de San Nicolao,42,
2.02E+11,5,7,2024,20:30,1,93,93048,1,1,1,2,A86,48,
2.02E+11,19,3,2024,18:50,2,34,34017,1,1,1,6,D613,43,
2.02E+11,5,7,2024,18:00,1,95,95572,1,1,1,3,N184,49,
2.02E+11,6,7,2024,6:25,1,94,94028,1,1,1,6,A86,48,
2.02E+11,20,3,2024,18:30,1,1,1249,1,1,1,1,645 Route de Rillieux,45,
2.02E+11,5,7,2024,7:00,1,93,93051,1,1,1,6,A4,48,
2.02E+11,17,3,2024,2:00,5,9,9331,2,6,1,6,D820,43,
2.02E+11,5,7,2024,13:00,1,988,98818,2,2,8,6,RUE DE VERDUN,-22,
2.02E+11,19,3,2024,19:40,5,33,33438,2,2,1,3,N/A,44,
2.02E+11,3,7,2024,15:45,1,974,97411,2,1,1,2,RN2/043,-20,
2.02E+11,19,3,2024,19:10,2,35,35072,1,3,1,3,Lieu Dit les Fagueries,48,
2.02E+11,5,7,2024,13:00,1,974,97407,2,9,1,6,MONDON (AVENUE),-20,
2.02E+11,20,3,2024,8:00,1,76,76343,1,1,1,3,D 129,49,
2.02E+11,5,7,2024,8:50,1,69,69387,2,2,1,3,Cours Gambetta,45,
2.02E+11,5,7,2024,7:45,1,972,97213,1,1,1,4,AUTOROUTE (A1),14,
2.02E+11,19,3,2024,19:15,2,60,60575,1,1,1,5,Rd 1001,49,
2.02E+11,19,3,2024,19:30,5,80,80479,2,1,1,6,105 rue de normandie,49,
2.02E+11,2,7,2024,11:45,1,69,69202,2,2,1,2,Rue Commandant Charcot,45,
2.02E+11,18,3,2024,17:24,1,13,13210,2,9,1,6,A50-Sens Marseille vers Aubagne,43,
2.02E+11,5,7,2024,15:00,1,971,97120,2,3,1,7,CIMETIERE (RUE DU),16,
2.02E+11,17,3,2024,21:22,3,13,13071,1,1,1,6,A7-Sens Lyon vers Marseille,43,
2.02E+11,5,7,2024,6:30,1,971,97101,1,1,1,6,RN11,16,
2.02E+11,19,3,2024,15:50,1,33,33122,1,1,1,2,N/A,44,
2.02E+11,4,7,2024,12:30,1,971,97101,1,1,1,2,CARAQUE,16,
2.02E+11,15,3,2024,7:05,1,59,59478,1,1,2,4,AUTOROUTE A25,50,
2.02E+11,28,6,2024,17:00,1,971,97120,2,3,1,2,PAUL LACAVE,16,
2.02E+11,5,7,2024,14:00,1,2A,2A004,2,1,1,6,NAPOLEON III AVENUE PAIR,41,
2.02E+11,5,7,2024,14:00,1,95,95563,2,2,1,3,PASTEUR (RUE),49,
2.02E+11,5,7,2024,10:00,1,91,91103,2,4,1,3,RUE EDOUARD DANAUX,48,
2.02E+11,4,7,2024,11:35,1,91,91201,2,1,1,6,RUE EUGENE DELACROIX,48,
2.02E+11,6,7,2024,0:55,5,91,91687,2,9,1,2,VICTOR SCHOELCHER (AVENUE),48,
2.02E+11,6,7,2024,0:05,5,91,91027,2,1,1,2,AV FRANCOIS MITTERRAND,48,
2.02E+11,3,7,2024,22:00,5,91,91027,2,2,1,3,AV FRANCOIS MITTERRAND,48,
2.02E+11,4,7,2024,18:30,1,91,91228,1,2,1,2,AV PAUL DELOUVRIER,48,
2.02E+11,3,7,2024,17:55,1,89,89024,2,9,1,3,MARECHAL JUIN (AVENUE),47,
2.02E+11,4,7,2024,20:01,1,87,87085,1,1,1,6,RD941 (OUEST),45,
2.02E+11,4,7,2024,15:04,1,87,87038,1,3,1,3,RN520 (COUZEIX),45,
2.02E+11,2,7,2024,20:25,1,85,85194,2,1,1,2,Rue de la pironnière,46,
2.02E+11,5,7,2024,14:05,1,84,84031,2,1,1,2,MISTRAL AVENUE FREDERIC,44,
2.02E+11,6,7,2024,0:55,5,84,84007,2,3,1,6,SAINT LAZARE (Boulevard),43,
2.02E+11,5,7,2024,16:15,1,84,84007,2,3,1,3,PRIEURE (RUE DU),43,
2.02E+11,4,7,2024,13:06,1,84,84007,2,1,1,6,CARDINAL BERTRAND (Cours)-MONTFAVET,43,
2.02E+11,5,7,2024,21:30,1,80,80379,2,1,1,7,D1029,49,
2.02E+11,5,7,2024,14:45,1,80,80021,2,1,1,7,Rue des Prémontrés,49,
2.02E+11,5,7,2024,12:40,1,80,80021,2,1,1,7,Rue Georges Beauvais,49,
2.02E+11,5,7,2024,22:50,5,78,78621,1,6,1,4,DREUX (ROUTE DE),48,
2.02E+11,5,7,2024,20:40,1,77,77350,2,3,1,6,AV DU GENERAL LECLERC,48,
2.02E+11,5,7,2024,20:20,1,76,76216,2,1,1,6,Route de Dieppe,49,
2.02E+11,4,7,2024,14:40,1,69,69029,2,1,1,6,Boulevard Pinel,45,
2.02E+11,5,7,2024,17:45,1,67,67482,2,3,1,3,FORET NOIRE (AVENUE DE LA),48,
2.02E+11,5,7,2024,14:35,1,67,67043,2,2,1,3,BISCHWILLER (ROUTE DE),48,
2.02E+11,3,7,2024,19:30,1,65,65440,2,5,1,3,CRONSTADT (RUE DE),43,
2.02E+11,5,7,2024,18:30,1,64,64129,2,1,1,6,TONKIN DU,43,
2.02E+11,5,7,2024,18:30,1,64,64129,2,6,1,3,PIEDMONT DU,43,
2.02E+11,5,7,2024,13:15,1,64,64445,2,4,1,3,LEON SAY,43,
2.02E+11,4,7,2024,18:00,1,64,64269,1,1,1,4,BEARN DU,43,
2.02E+11,4,7,2024,15:10,1,64,64122,2,1,1,3,IMPERATRICE (AVENUE DE L'),43,
2.02E+11,5,7,2024,17:41,1,64,64024,2,3,7,3,BIARRITZ (AVENUE DE),43,
2.02E+11,6,7,2024,0:45,5,63,63113,2,3,1,3,BARBUSSE (RUE HENRI),45,
2.02E+11,5,7,2024,9:45,1,62,62758,2,1,3,6,Route de Saint Omer,50,
2.02E+11,5,7,2024,17:50,1,59,59291,2,2,1,6,MARECHAL LECLERC (AVENUE DU),50,
2.02E+11,6,7,2024,0:01,5,59,59350,2,1,1,3,Pont de Fives ,50,
2.02E+11,5,7,2024,19:30,1,59,59350,2,3,8,1,Rue Ernest Loyer,50,
2.02E+11,4,7,2024,12:20,1,56,56162,2,1,1,6,Route du Courégant,47,
2.02E+11,5,7,2024,13:25,1,54,54395,2,1,1,2,Boulevard Lobau,48,
2.02E+11,5,7,2024,8:45,1,54,54304,2,2,1,2,Avenue de la Résistance,48,
2.02E+11,4,7,2024,16:10,1,51,51454,2,1,1,2,GARNIER (RUE FRANCIS),49,
2.02E+11,5,7,2024,14:05,1,49,49007,2,3,1,3,MOULIN BOULEVARD,47,
2.02E+11,5,7,2024,13:20,1,49,49007,2,1,1,2,COUBERTIN BOULEVARD,47,
2.02E+11,5,7,2024,14:45,1,45,45234,2,2,1,3,52 Rue Maurice Dubois,47,
2.02E+11,5,7,2024,20:35,1,41,41018,2,1,1,1,VILLOISEAU (RUE DE),47,
2.02E+11,5,7,2024,9:42,1,41,41018,2,1,1,6,BOURG SAINT JEAN (RUE DU),47,
2.02E+11,6,7,2024,0:01,5,38,38185,2,2,1,1,LESDIGUIERES (RUE)      8 A GAMBETTA,45,
2.02E+11,5,7,2024,20:45,1,37,37233,2,3,1,1,GRAND COUR (RUE DE LA),47,
2.02E+11,5,7,2024,18:25,1,37,37233,2,1,1,2,DUCLOS (AVENUE JACQUES),47,
2.02E+11,5,7,2024,17:45,1,37,37261,2,9,1,3,BERANGER (BOULEVARD),47,
2.02E+11,5,7,2024,15:15,1,36,36044,2,1,1,3,Rue Victor Hugo,46,
2.02E+11,5,7,2024,15:20,1,35,35051,2,1,1,3,BRAY (RUE DE),48,
2.02E+11,5,7,2024,15:15,1,35,35051,1,1,1,4,EST (ROCADE),48,
2.02E+11,5,7,2024,12:20,1,35,35051,1,1,1,3,PORTE DE LA RIGOURDIERE,48,
2.02E+11,5,7,2024,20:00,1,33,33281,2,1,1,2,N/A,44,
2.02E+11,6,7,2024,1:26,3,29,29019,1,1,1,2,route du Vieux Saint-Marc,48,
2.02E+11,5,7,2024,13:40,1,22,22278,2,2,1,6,FERRY (JULES),48,
2.02E+11,2,7,2024,15:55,1,22,22113,2,1,1,4,RESISTANCE (AVENUE DE LA),48,
2.02E+11,4,7,2024,23:30,5,16,16358,2,3,1,1,N/A,45,
2.02E+11,4,7,2024,11:50,1,15,15014,1,1,2,7, RN 122,44,
2.02E+11,6,5,2024,16:45,1,14,14118,2,9,1,3,1 Rue Claude Bloch,49,
2.02E+11,27,6,2024,0:50,5,13,13077,2,1,1,6,SEMARD PIERRE (bld),43,
2.02E+11,5,7,2024,18:00,1,13,13214,2,9,1,1,ROLAND DORGELES (BOULEVARD),43,
2.02E+11,5,7,2024,2:30,5,13,13208,2,1,1,3,HAMBOURG (BOULEVARD),43,
2.02E+11,4,7,2024,20:29,1,13,13207,2,1,1,3,CHARLES LIVON (BOULEVARD),43,
2.02E+11,5,7,2024,10:30,1,12,12145,1,4,1,3,D911,44,
2.02E+11,5,7,2024,18:45,1,6,6069,2,9,1,5,5 Boulevard Marcel Pagnol,43,
2.02E+11,5,7,2024,16:15,1,6,6069,1,1,1,3,193 Route d’Auribeau,43,
2.02E+11,5,7,2024,18:30,1,6,6027,2,1,1,3,98 Avenue de Nice,43,
2.02E+11,5,7,2024,11:15,1,4,4112,2,1,1,6,CLEMENCEAU (BD. G.),43,
2.02E+11,5,7,2024,22:40,5,3,3185,2,1,1,2,Rue Florane,46,
2.02E+11,5,7,2024,12:00,1,75,75117,2,1,1,7,BD PERIPHERIQUE INTERIEUR,48,
2.02E+11,4,7,2024,8:40,1,75,75118,2,1,1,5,PORTE DE CLIGNANCOURT,48,
2.02E+11,4,7,2024,0:15,5,75,75113,2,1,1,2,QUAI D IVRY,48,
2.02E+11,5,7,2024,15:20,1,75,75120,2,7,1,1,PORTE DE MONTREUIL,48,
2.02E+11,4,7,2024,17:00,1,75,75120,2,2,1,1,RUE DE LAGNY,48,
2.02E+11,5,7,2024,1:10,5,75,75116,2,2,1,3,ROUTE DE LA MUETTE A NEUILLY,48,
2.02E+11,5,7,2024,13:15,1,75,75114,2,3,1,6,RUE DU GENERAL HUMBERT,48,
2.02E+11,14,7,2024,12:35,1,84,84065,1,1,1,6,Chemin de Puget,43,
2.02E+11,17,6,2024,4:45,3,84,84087,1,3,1,3,CHAMPLAIN (CHEMIN DE),44,
2.02E+11,13,9,2024,15:28,1,987,98735,2,3,1,1,CLEMENCEAU (RUE),-17,
2.02E+11,14,9,2024,22:15,5,974,97416,2,1,1,2,LEBLOND 1 (RUE MARIUS ET ARY),-21,
2.02E+11,14,9,2024,14:35,1,974,97416,1,1,1,2,RN 03,-21,
2.02E+11,14,9,2024,9:25,1,973,97302,2,6,1,3,GIRATOIRE MARINGOUINS,4,
2.02E+11,14,9,2024,3:50,5,69,69386,2,2,1,1,Rue Duquesne,45,
2.02E+11,14,9,2024,2:08,5,69,69382,2,1,1,6,Quai Jean Moulin,45,
2.02E+11,13,9,2024,17:20,1,95,95572,2,1,2,6,D14,49,
2.02E+11,14,9,2024,15:05,1,91,91326,2,1,1,4,COUR DE FRANCE (AVENUE DE LA),48,
2.02E+11,1,9,2024,21:25,3,89,89387,1,1,1,1,D606,48,
2.02E+11,14,9,2024,11:30,1,84,84035,2,6,6,3,BELLEVUE (CARREFOUR),43,
2.02E+11,13,9,2024,12:50,1,83,83137,2,1,1,6,REBOUL (RUE LEON),43,
2.02E+11,14,9,2024,13:10,1,80,80164,1,1,1,2,CORBIE (ROUTE),49,
2.02E+11,13,9,2024,19:23,1,79,79191,2,2,1,5,N/A,46,
2.02E+11,14,9,2024,16:10,1,78,78172,2,1,1,6,PASTEUR (RUE),48,
2.02E+11,13,9,2024,10:05,1,72,72181,2,9,1,6,SISLEY ALFRED (RUE),47,
2.02E+11,14,9,2024,10:00,1,71,71040,2,2,1,3,BIZOTS (ROUTE DES),46,
2.02E+11,14,9,2024,19:45,2,69,69266,2,3,1,6,Route de Genas,45,
2.02E+11,14,9,2024,18:34,1,69,69266,2,3,1,6,73 Cours Tolstoï,45,
2.02E+11,13,9,2024,16:50,1,69,69264,2,9,1,6,Avenue Saint-Exupery,45,
2.02E+11,14,9,2024,3:45,5,67,67447,2,1,1,7,CRONENBOURG (RUE DE),48,
2.02E+11,14,9,2024,19:10,1,64,64445,2,2,1,2,ALSACE LORRAINE D',43,
2.02E+11,14,9,2024,13:15,1,64,64348,2,1,1,2,EUROPE DE L',43,
2.02E+11,14,9,2024,19:50,2,64,64125,1,1,1,4,RUE BAZTER,43,
2.02E+11,13,9,2024,17:55,1,64,64122,2,1,1,2,EDITH CAVELL (AVENUE),43,
2.02E+11,14,9,2024,18:54,1,64,64102,2,1,1,2,SAINTE CROIX (AVENUE DE),43,
2.02E+11,18,7,2024,8:20,1,13,13212,1,1,1,2,A507 sens Aubagne- Marseille,43,
2.02E+11,9,7,2024,19:30,1,13,13071,1,1,1,7,A55-Sens Martigues vers Marseille,43,
2.02E+11,14,9,2024,9:00,1,64,64102,2,1,1,3,PAUL PRAS (AVENUE),43,
2.02E+11,4,7,2024,8:25,1,13,13070,2,1,1,3,A50-Sens Aubagne vers Marseille,43,
2.02E+11,11,9,2024,19:10,1,62,62133,2,1,1,3,D46,50,
2.02E+11,8,7,2024,10:15,1,13,13026,1,1,1,2,A55-Sens Martigues vers Marseille,43,
2.02E+11,2,7,2024,16:30,1,13,13211,1,1,1,3,A50-Sens Aubagne vers Marseille,43,
2.02E+11,13,9,2024,13:25,1,58,58194,2,3,1,1,FRANCIS GARNIER,46,
2.02E+11,25,11,2024,17:46,1,987,98735,2,1,1,3,MOTU UTA,-17,
2.02E+11,26,11,2024,16:50,1,974,97411,2,1,1,3,GIBERT DES MOLIERES (RUE),-20,
2.02E+11,14,9,2024,21:00,3,49,49267,1,3,1,3,RD 347,47,
2.02E+11,14,9,2024,10:25,1,44,44162,2,9,7,6,Boulevard du Val de Chézine,47,
2.02E+11,26,11,2024,15:20,1,973,97302,1,1,1,2,ROUTE NATIONALE 1,4,
2.02E+11,14,9,2024,17:15,1,37,37261,2,2,1,6,EUROPE (AVENUE DE L'),47,
2.02E+11,26,11,2024,7:56,1,973,97302,2,1,2,3,MADELEINE (ROUTE DE LA),4,
2.02E+11,14,9,2024,15:50,1,37,37261,2,1,1,2,BERT (QUAI PAUL),47,
2.02E+11,26,11,2024,7:20,1,973,97302,2,1,1,3,FELIX EBOUE(ROCADE),4,
2.02E+11,25,11,2024,18:20,2,973,97302,2,1,1,1,JACARANDAS (CITE),4,
2.02E+11,14,9,2024,10:00,1,35,35238,2,1,1,2,NANTES (RUE DE),48,
2.02E+11,25,11,2024,17:37,1,973,97302,2,6,1,2,BADUEL (ROUTE DE),4,
2.02E+11,27,4,2024,6:00,2,976,97612,1,1,1,1,RN 1,-12,
2.02E+11,13,9,2024,16:45,1,35,35238,2,6,1,3,ROUTE DE SAINT-MALO,48,
2.02E+11,27,4,2024,0:01,5,83,83116,1,1,2,6,sortie n°34 Autoroute A8,43,
2.02E+11,14,9,2024,19:15,1,34,34172,2,1,1,3,PALAVAS (AVENUE DE),43,
2.02E+11,25,11,2024,9:40,1,973,97302,2,1,1,4,BADUEL (ROUTE DE),4,
2.02E+11,25,4,2024,7:00,1,987,98733,1,1,1,3,PK 25.400,,
2.02E+11,26,11,2024,20:10,5,69,69387,2,1,1,6,Boulevard Chambaud de la Bruyère,45,
2.02E+11,14,9,2024,13:15,1,30,30007,2,3,1,3,VERNE (RUE JULES),44,
2.02E+11,27,4,2024,18:19,3,988,98833,1,1,2,7,RPN3,,
2.02E+11,26,11,2024,22:00,5,69,69388,2,2,1,3,Rue Louis Jouvet,45,
2.02E+11,9,9,2024,21:30,3,29,29232,1,1,1,2,RN 165,48,
2.02E+11,13,9,2024,23:45,3,27,27681,1,1,1,7,QUEUE D'HAYE (RUE DE LA ),49,
2.02E+11,26,4,2024,17:45,1,95,95446,2,1,1,3,D151,49,
2.02E+11,26,11,2024,15:31,1,69,69387,2,3,1,1,Avenue Jean Jaurès,45,
2.02E+11,13,9,2024,17:35,1,22,22360,1,1,1,2,RD700,48,
2.02E+11,26,11,2024,8:00,1,69,69383,2,1,8,3,Boulevard Marius Vivier-Merle,45,
2.02E+11,15,4,2024,10:02,1,91,91207,2,1,1,6,Rue de la Fausse Clairette,48,
2.02E+11,14,9,2024,3:50,4,22,22187,1,6,1,6,RD786,48,
2.02E+11,26,11,2024,18:40,3,972,97213,1,1,1,2,ROUTE NATIONALE 6,14,
2.02E+11,14,9,2024,20:08,1,19,19031,2,6,1,3,CHAUMEIL (RUE PIERRE),45,
2.02E+11,27,4,2024,4:30,5,91,91661,1,1,2,2,Rue de la Prairie,48,
2.02E+11,26,11,2024,9:31,1,972,97213,1,1,2,2,AUTOROUTE A1,14,
2.02E+11,14,9,2024,10:25,1,14,14366,2,3,1,2,74 Rue du Général Leclerc,49,
2.02E+11,27,4,2024,15:55,1,78,78276,1,1,2,1,rue du temple,49,
2.02E+11,27,4,2024,6:00,2,2B,2B289,1,1,1,6,RT20 92+108,42,
2.02E+11,26,11,2024,11:30,1,972,97209,1,1,1,4,Bretelle sortie A1,14,
2.02E+11,13,9,2024,19:20,1,14,14271,1,1,1,4,N814,49,
2.02E+11,25,11,2024,16:15,1,972,97209,2,9,2,2,MARNE (BOULEVARD DE LA),14,
2.02E+11,27,4,2024,14:57,1,83,83023,2,6,1,3,Brignoles (Embranchement d'autoroute),43,
2.02E+11,15,9,2024,0:40,5,13,13208,2,1,1,1,MADRAGUE DE MONTREDON (AVE DE LA) ,43,
2.02E+11,26,11,2024,12:55,1,69,69034,2,1,1,3,Rue Pasteur,45,
2.02E+11,27,4,2024,9:50,1,38,38344,2,1,1,4,Route de Sablons,45,
2.02E+11,14,9,2024,15:00,1,13,13202,2,1,1,5,CARGO RHIN FIDELI (RUE),43,
2.02E+11,26,11,2024,11:20,1,95,95219,2,1,1,3,D192,48,
2.02E+11,26,4,2024,9:35,1,31,31505,1,1,1,6,D86,43,
2.02E+11,26,4,2024,19:20,1,17,17228,1,1,1,7,D140,,
2.02E+11,14,9,2024,1:30,5,13,13216,2,4,1,1,ROGER CHIEUSSE (BOULEVARD),43,
2.02E+11,26,11,2024,10:15,1,95,95218,2,1,1,4,N184,49,
2.02E+11,26,4,2024,4:24,3,72,72264,2,1,1,2,Rue du Clos du Bois,47,
2.02E+11,14,9,2024,19:45,1,13,13001,2,1,1,3,ROI RENE (BD DU),43,
2.02E+11,24,4,2024,15:30,1,49,49301,2,1,2,2,Rue de la Vendée (St Macaire-en-Mauges),47,
2.02E+11,26,11,2024,13:20,1,91,91228,2,2,1,3,MARECHAL LECLERC (BD),48,
2.02E+11,14,9,2024,11:00,1,6,6027,2,1,1,5,12 Avenue de Cannes,43,
2.02E+11,25,11,2024,12:40,1,91,91174,2,1,2,6,BD HENRI DUNANT,48,