Num_Acc,jour,mois,an,hrmn,lum,dep,com,agg,int,atm,col,adr,lat,long
2.02E+11,23,3,2024,16:00,1,32,32036,1,3,1,3,D3,43,
2.02E+11,26,11,2024,22:11,5,93,93031,2,1,1,6,DIX HUIT JUIN 1940 (AVENUE DU),48,
2.02E+11,25,4,2024,14:37,1,75,75115,2,1,1,3,BOULEVARD DE VAUGIRARD,48,
2.02E+11,14,9,2024,20:00,3,93,93053,1,1,1,2,AUTOROUTE A3,48,
2.02E+11,26,11,2024,16:15,1,93,93031,2,1,1,6,PARIS (RUE DE),48,
2.02E+11,8,8,2024,10:40,1,974,97416,1,1,7,2,RN1,-21,
2.02E+11,24,4,2024,12:41,1,75,75114,2,3,1,3,BOULEVARD DU MONTPARNASSE,48,
2.02E+11,14,9,2024,16:30,1,92,92078,1,1,1,4,AUTOROUTE A86,48,
2.02E+11,25,11,2024,16:50,2,93,93027,2,1,2,3,FRANCE (RUE ANATOLE),48,
2.02E+11,7,8,2024,8:50,1,974,97416,1,1,1,3,RN2 (2),-21,
2.02E+11,25,4,2024,10:45,1,75,75114,2,3,1,7,AVENUE DU MAINE,48,
2.02E+11,26,11,2024,14:04,1,93,93001,2,1,1,6,VICTOR HUGO (AVE)  N° 167 =>,48,
2.02E+11,14,9,2024,1:00,3,93,93039,1,1,1,2,AUTOROUTE A86,48,
2.02E+11,8,8,2024,9:18,1,974,97411,2,1,1,3,SCHOELCHER (RUE VICTOR),-20,
2.02E+11,25,4,2024,10:30,1,75,75113,2,3,1,6,RUE DE TOLBIAC,48,
2.02E+11,25,4,2024,15:05,1,75,75112,2,1,1,6,AVENUE DES TERROIRS DE FRANCE,48,
2.02E+11,16,11,2024,21:10,5,92,92078,2,2,1,4,VERDUN (AVENUE) (PAIRS 92 ET PLUS),48,
2.02E+11,13,9,2024,7:12,2,95,95678,1,1,1,2,N184,49,
2.02E+11,8,8,2024,11:25,1,974,97407,2,1,1,3,MASCAREIGNES(BOULEVARD),-20,
2.02E+11,26,11,2024,18:50,5,92,92075,2,1,1,3,JEAN BLEUZEN (RUE),48,
2.02E+11,25,4,2024,12:00,1,75,75112,2,1,1,2,BOULEVARD PONIATOWSKI,48,
2.02E+11,14,9,2024,23:00,3,94,94079,1,1,1,2,A4,48,
2.02E+11,7,8,2024,16:15,1,974,97407,2,1,1,2,RUE VERLAINE,-20,
2.02E+11,25,4,2024,8:30,1,75,75109,2,3,1,6,RUE HALEVY,48,
2.02E+11,26,11,2024,12:30,1,92,92063,2,3,1,2,REGNAULT (RUE HENRI),48,
2.02E+11,14,9,2024,19:40,1,94,94018,1,1,1,5,A4,48,
2.02E+11,26,11,2024,18:40,5,92,92051,2,1,1,7,GENERAL GOURAUD (PLACE),48,
2.02E+11,7,8,2024,10:59,1,973,97302,2,2,1,3,SAINT ANTOINE (CHEMIN),4,
2.02E+11,25,4,2024,8:00,1,94,94068,2,3,1,3,Avenue Raspail / Rue Bayon,48,
2.02E+11,25,11,2024,14:00,1,92,92050,2,1,1,2,LENINE VLADIMIR ILITCH AVENUE,48,
2.02E+11,14,9,2024,1:40,3,77,77249,1,1,2,7,RN104,48,
2.02E+11,8,8,2024,15:40,1,973,97302,2,1,1,3,MADELEINE (ROUTE DE LA),4,
2.02E+11,25,4,2024,20:00,2,94,94073,2,3,1,3,Rue du Bas Marin / Rue des Alouettes,48,
2.02E+11,26,11,2024,9:00,1,92,92020,2,4,1,3,VANVES BOULEVARD DE N° PAIRS,48,
2.02E+11,13,9,2024,23:35,5,77,77083,1,1,1,2,A4.W,48,
2.02E+11,25,4,2024,9:35,1,94,94073,1,3,1,3,Rue du Bas Marin / Rue des Alouettes,48,
2.02E+11,6,8,2024,13:10,1,973,97302,2,1,1,7,TIGRE (ROUTE DU),4,
2.02E+11,25,11,2024,16:30,1,92,92048,2,4,1,3,COLONEL MORAINE (ROUTE DU),48,
2.02E+11,13,9,2024,23:20,3,77,77122,1,1,1,6,RN104,48,
2.02E+11,6,8,2024,12:33,1,973,97302,2,1,1,3,SOURCE DE BADUEL (CHEMIN DE LA),4,
2.02E+11,25,4,2024,9:15,1,93,93073,2,6,1,6,Avenue Henri Barbusse / Avenue Salvador Allende,48,
2.02E+11,26,11,2024,18:04,5,92,92040,2,1,1,3,LASSERRE,48,
2.02E+11,13,9,2024,7:41,1,987,98735,2,1,1,7,DUMONT D'URVILLE (RUE BLOC SOCREDO),-17,
2.02E+11,24,4,2024,9:30,1,93,93078,2,6,1,2,Avenue Georges Clémenceau / Boulevard Robert Ballanger,48,
2.02E+11,8,8,2024,11:12,1,973,97302,2,1,1,1,VOLTAIRE(AVENUE),4,
2.02E+11,26,11,2024,12:00,1,92,92012,2,2,1,6,YVES KERMEN (RUE) 51/FIN - 40/FIN,48,
2.02E+11,13,9,2024,7:15,1,976,97611,2,1,1,1,m'tsapere-Foundi Ousseni ( rue ),-12,
2.02E+11,25,4,2024,17:50,1,93,93066,2,1,1,6,Rue Robert Desnos,48,
2.02E+11,26,11,2024,16:20,1,80,80016,2,3,7,3,Avenue du Général Leclerc,50,
2.02E+11,8,8,2024,11:40,1,69,69387,2,3,1,3,Rue Montesquieu,45,
2.02E+11,13,9,2024,21:20,5,974,97416,2,3,1,3,DONAT(RUE LUC),-21,
2.02E+11,25,4,2024,8:39,1,93,93066,2,3,1,3,Boulevard Ornano / Rue de Tunis,48,
2.02E+11,27,11,2024,7:15,2,54,54345,1,2,1,5,D112,48,
2.02E+11,8,8,2024,11:25,1,69,69383,2,4,1,1,Cours Gambetta,45,
2.02E+11,25,4,2024,17:45,1,93,93053,2,1,1,3,Avenue de Gagny,48,
2.02E+11,13,9,2024,13:15,1,974,97411,2,3,1,3,PROVIDENCE (BOULEVARD DE LA),-20,
2.02E+11,27,11,2024,9:30,1,68,68112,2,2,1,6,Rue Jean-baptiste Weckerlin,47,
2.02E+11,7,8,2024,18:13,1,87,87085,2,3,1,7,GAY-LUSSAC (COURS),45,
2.02E+11,13,9,2024,19:45,3,973,97302,2,1,1,7,CABASSOU (ROUTE DE),4,
2.02E+11,25,4,2024,7:45,1,93,93050,2,2,1,3,Rue Gaston Navailles / Rue Paul et Camille Thomoux,48,
2.02E+11,7,8,2024,11:18,1,87,87085,2,3,1,7,BRIAND (RUE ARISTIDE),45,
2.02E+11,13,11,2024,9:00,1,33,33138,1,3,7,1,N/A,45,
2.02E+11,12,9,2024,17:30,1,973,97302,2,2,1,3,CABASSOU (ROUTE DE),4,
2.02E+11,5,8,2024,12:43,1,87,87085,1,1,1,6,AUTOROUTE A20,45,
2.02E+11,25,4,2024,9:45,1,93,93048,2,2,1,3,Avenue Gabriel Péri / Avenue du Président Wilson,48,
2.02E+11,26,11,2024,17:30,3,10,10003,1,2,1,3,D660,48,
2.02E+11,12,9,2024,17:47,1,973,97302,2,1,1,6,FLAMBOYANTS (RUE DES),4,
2.02E+11,7,8,2024,14:15,1,86,86066,1,1,1,1,Route de la Roche Posay,46,
2.02E+11,25,4,2024,18:00,1,93,93010,2,2,1,1,Avenue Galliéni / Chemin du Pont,48,
2.02E+11,27,11,2024,14:20,1,10,10352,1,1,2,1,RD677,48,
2.02E+11,13,9,2024,19:00,1,69,69388,2,1,1,6,Boulevard des Etats-Unis,45,
2.02E+11,25,4,2024,15:00,1,92,92026,2,1,1,3,EUROPE ( AVENUE DE L' ),48,
2.02E+11,8,8,2024,15:00,1,84,84007,2,6,1,2,MORIERES (Route de ),43,
2.02E+11,13,9,2024,16:40,1,69,69386,2,1,1,3,Cours Lafayette,45,
2.02E+11,26,11,2024,18:05,5,1,1419,2,1,1,5,67 Avenue du Mont Blanc,46,
2.02E+11,2,4,2024,17:50,1,92,92023,2,3,2,3,PORTE DE TRIVAUX (RUE DE LA) N°1 A 55 ET,48,
2.02E+11,8,8,2024,11:30,1,30,30011,2,3,1,3,DE GAULLE AVENUE CHARLES,43,
2.02E+11,27,11,2024,17:50,5,60,60176,2,6,2,6,Avenue de Levallois Perret,49,
2.02E+11,13,9,2024,16:10,1,69,69387,2,3,1,6,Boulevard des Tchécoslovaques,45,
2.02E+11,25,4,2024,9:15,1,92,92004,2,1,1,3,HENRI BERGSON,48,
2.02E+11,5,8,2024,5:20,2,83,83126,2,2,1,6,QUATRE SEPTEMBRE (BD DU),43,
2.02E+11,23,4,2024,12:47,1,92,92004,2,2,1,3,DOCTEUR DERVAUX  ( QUAI DU ),48,
2.02E+11,27,11,2024,13:50,1,30,30356,1,6,1,2,N/A,43,
2.02E+11,13,9,2024,8:45,1,69,69383,2,3,1,1,Avenue Félix Faure,45,
2.02E+11,23,4,2024,7:45,2,95,95205,1,1,1,3,D316,49,
2.02E+11,8,8,2024,11:05,1,82,82033,2,1,1,6,Promenade du Château,44,
2.02E+11,13,9,2024,17:50,1,972,97213,1,1,2,6,ROUTE DEPARTEMENTALE 3,14,
2.02E+11,26,11,2024,16:25,1,19,19150,1,1,1,1,D38,45,
2.02E+11,7,8,2024,6:17,1,80,80021,2,1,1,6,Rue Haleine Ridoux,49,
2.02E+11,25,4,2024,15:20,1,17,17407,2,2,1,3,1 Grande Rue,46,
2.02E+11,27,11,2024,11:00,1,56,56234,2,6,3,7,Avenue de Bretagne,47,
2.02E+11,7,8,2024,13:44,1,80,80021,2,1,1,3,JULES FERRY (CHAUSSEE),49,
2.02E+11,12,9,2024,22:40,5,972,97213,1,1,1,2,ROUTE NATIONALE 5,14,
2.02E+11,25,4,2024,9:20,1,11,11148,1,1,1,6,N/A,43,
2.02E+11,27,11,2024,13:40,1,2B,2B123,1,1,1,1,Strada di Cotticione,42,
2.02E+11,14,9,2024,0:40,5,69,69381,2,1,1,2,42 Quai Saint Vincent,45,
2.02E+11,26,4,2024,8:05,1,974,97404,1,9,1,1,Rue Louis Fontaine,-21,
2.02E+11,8,8,2024,17:50,1,78,78208,1,6,1,2,CD 912,48,
2.02E+11,27,11,2024,15:45,1,33,33036,2,6,1,1,N/A,44,
2.02E+11,13,9,2024,11:52,1,2B,2B033,2,1,8,3,SAMPIERO CORSO - AV,9,
2.02E+11,25,4,2024,22:20,3,35,35197,1,1,1,6,La Saudrais,48,
2.02E+11,8,8,2024,9:25,1,78,78423,2,2,1,3,GOUJON (RUE JEAN),48,
2.02E+11,27,11,2024,14:22,1,63,63286,1,1,1,1,D2144,46,
2.02E+11,25,4,2024,18:45,1,62,62524,1,1,1,6,D52,50,
2.02E+11,13,9,2024,10:05,1,971,97101,2,1,1,3,DE MARIE GALANTE - RAIZET (RUE),16,
2.02E+11,25,4,2024,8:20,1,56,56158,1,6,1,7,Giratoire Kroashent-tro Kerluern,47,
2.02E+11,7,8,2024,15:16,1,77,77373,2,1,1,6,AV DU GENERAL DE GAULLE,48,
2.02E+11,25,11,2024,19:15,5,61,61287,2,1,1,6,2 Impasse Jean-baptiste Corot,48,
2.02E+11,11,9,2024,13:08,1,971,97113,1,3,1,3,RN4 - SECTION RIVIERA,16,
2.02E+11,26,4,2024,4:45,3,2B,2B150,1,9,1,3,RT 30,42,
2.02E+11,8,8,2024,6:38,1,77,77373,2,1,1,3,AV DE LA REPUBLIQUE,48,
2.02E+11,26,11,2024,11:33,1,61,61474,1,1,1,1,Voie Communale,48,
2.02E+11,13,9,2024,6:55,1,971,97101,2,1,1,6,BESSON,16,
2.02E+11,7,8,2024,17:30,1,77,77237,1,1,1,6,D10,48,
2.02E+11,26,4,2024,7:55,1,61,61474,1,3,1,3,D926,48,
2.02E+11,12,9,2024,18:50,4,971,97101,1,1,1,6,BOULEVARD DES HEROS,16,
2.02E+11,27,11,2024,7:30,3,49,49125,1,1,2,5,RD960,47,
2.02E+11,26,4,2024,17:25,1,12,12056,2,1,1,6,294 Avenue du Centre,44,
2.02E+11,7,8,2024,18:00,1,76,76351,2,2,1,3,NARCISSE DEROUVOIS,49,
2.02E+11,23,4,2024,22:00,3,46,46307,1,1,1,6,D811,44,
2.02E+11,11,9,2024,12:18,1,971,97101,1,3,1,3,ROUTE DE CHAZEAU,16,
2.02E+11,26,11,2024,7:15,2,49,49018,1,1,5,3,Avenue de paris,47,
2.02E+11,5,8,2024,18:00,1,76,76351,2,3,1,3,BOIS AU COQ (AVENUE),49,
2.02E+11,13,9,2024,18:19,1,95,95585,2,1,1,6,PAUL VALERY (AVENUE),48,
2.02E+11,22,4,2024,17:30,1,41,41043,1,2,1,3,D976,47,
2.02E+11,25,11,2024,17:30,5,49,49218,2,2,2,3,Avenue du Petit Montrevault (St Pierre-Montlimart),47,
2.02E+11,25,4,2024,8:15,1,41,41063,2,1,1,6,7 Route de Saint-aignan,47,
2.02E+11,8,8,2024,14:35,1,76,76026,2,1,1,1,CHAUSSEE (RUE DE LA),49,
2.02E+11,25,4,2024,13:44,1,68,68062,1,1,1,4,D680,47,
2.02E+11,13,9,2024,21:57,5,91,91103,1,1,1,4,DEVI DU CD 19,48,
2.02E+11,8,8,2024,21:45,5,74,74118,1,1,1,6,DEPORTES (ROUTE DES ),46,
2.02E+11,25,4,2024,2:00,4,39,39286,2,3,5,6,4 Rue Gérard Millet,46,
2.02E+11,13,9,2024,18:30,1,91,91377,2,9,1,6, PALAISEAU (ROUTE DE),48,
2.02E+11,27,11,2024,13:45,1,68,68200,2,1,1,1,12 Rue du Moulin,47,
2.02E+11,8,8,2024,0:01,3,73,73065,1,3,1,7,D10 LANDIERS (AVENUE DES),45,
2.02E+11,26,4,2024,19:10,1,39,39154,2,3,1,3,61 Grande Rue,46,
2.02E+11,13,9,2024,23:37,5,91,91201,2,3,8,3,BD HENRI BARBUSSE,48,
2.02E+11,7,8,2024,17:46,1,72,72181,2,2,1,3,RUBILLARD AV N° PAIRS 2 A 116,48,
2.02E+11,26,4,2024,14:55,1,84,84051,1,1,8,7,D900 - La mayette,43,
2.02E+11,27,11,2024,7:40,2,68,68338,1,1,1,4,D417,48,
2.02E+11,25,4,2024,19:00,2,3,3018,1,6,2,7,D2009,46,
2.02E+11,13,9,2024,8:30,1,91,91027,2,2,1,3,AV FRANCOIS MITTERRAND,48,
2.02E+11,25,11,2024,21:00,3,44,44187,1,4,1,1,Hucheloup,47,
2.02E+11,8,8,2024,8:49,1,69,69029,2,2,1,5,Boulevard Pinel,45,
2.02E+11,25,4,2024,16:15,1,21,21250,1,1,1,5,Rd 996,47,
2.02E+11,27,11,2024,16:30,1,31,31232,1,1,1,6,D17,43,
2.02E+11,12,9,2024,22:15,3,86,86194,2,1,2,3,Avenue de la Libération,46,
2.02E+11,8,8,2024,20:30,2,67,67482,2,3,1,3,COLMAR (AVENUE DE),48,
2.02E+11,26,4,2024,16:07,1,40,40127,1,1,1,4,Route départementale 934,43,
2.02E+11,26,4,2024,9:30,1,17,17158,2,6,1,7,D115,46,
2.02E+11,8,8,2024,5:50,2,67,67482,2,1,8,6,KAMPMANN (RUE),48,
2.02E+11,12,9,2024,13:30,1,86,86194,2,6,1,3,Rue de la Gibauderie,46,
2.02E+11,26,11,2024,11:50,1,3,3254,1,2,1,3,D987,46,
2.02E+11,26,11,2024,16:55,2,15,15187,1,1,1,7,RD 721,45,
2.02E+11,10,9,2024,10:30,1,83,83009,2,9,1,6,LIBERATION (AVENUE DE LA),43,
2.02E+11,7,8,2024,4:15,5,67,67267,2,3,1,3,MOLKENBRONN (RUE DU),48,
2.02E+11,26,4,2024,11:25,1,30,30311,1,2,3,4,D8,43,
2.02E+11,27,11,2024,1:17,3,70,70312,1,1,5,6,route nationale 19,47,
2.02E+11,13,9,2024,8:30,1,83,83034,2,1,6,3,CD559,43,
2.02E+11,8,8,2024,17:18,1,64,64122,2,3,1,3,LAHOUZE (AVENUE),43,
2.02E+11,25,4,2024,22:30,5,56,56178,1,1,1,2,Kerbertin,48,
2.02E+11,26,11,2024,22:00,3,24,24567,1,1,5,2,Les teinchoux,45,
2.02E+11,13,9,2024,14:30,1,77,77146,2,2,1,1,COURCERIN (BOULEVARD DE),48,
2.02E+11,14,4,2024,15:40,1,53,53210,1,1,1,6,RD105 PR019.000,47,
2.02E+11,7,8,2024,12:55,1,64,64125,2,1,1,1,PARLEMENTIA (RUE),43,
2.02E+11,27,11,2024,14:00,1,24,24253,1,1,1,6,rue de la laiterie,45,
2.02E+11,12,9,2024,12:20,1,77,77487,2,1,1,3,SAINT JUST (AVENUE),48,
2.02E+11,27,11,2024,7:05,5,85,85146,2,1,2,6,RD 763,46,
2.02E+11,26,4,2024,12:14,1,13,13051,1,3,8,3,Route Departementale 10,43,
2.02E+11,2,8,2024,19:25,1,62,62525,2,1,1,3,Rue Pierre Corneille,50,
2.02E+11,26,4,2024,15:05,1,6,6018,1,1,2,6,2000 Route des Lucioles,43,
2.02E+11,12,9,2024,16:50,1,76,76351,2,3,1,6,FERDINAND DE LESSEPS,49,
2.02E+11,18,11,2024,17:30,5,27,27467,2,2,3,3,Rue du 8 Mai 1945,49,
2.02E+11,7,8,2024,20:20,1,62,62498,2,3,1,6,Rue Emile Zola,50,
2.02E+11,13,9,2024,17:15,1,72,72003,2,3,1,2,DELIBES LEO (RUE),47,
2.02E+11,15,11,2024,17:10,3,27,27488,1,2,8,3,D42,49,
2.02E+11,26,4,2024,11:20,1,42,42166,1,3,1,1,Route Bleue,45,
2.02E+11,7,8,2024,11:10,1,62,62193,2,2,1,3,Rue du 11 Novembre,50,
2.02E+11,12,9,2024,9:30,1,72,72003,2,3,1,6,CHAPPE CLAUDE (RUE),47,
2.02E+11,7,8,2024,11:50,1,62,62193,1,1,1,3,D304,50,
2.02E+11,26,11,2024,17:30,3,17,17241,2,4,1,1,Rue de la Vieille Tour,45,
2.02E+11,26,4,2024,0:31,3,91,91666,1,3,1,3,Route de Montlhéry/Rue de Fretay,48,
2.02E+11,13,9,2024,8:20,1,69,69282,2,1,1,6,Allée des Terrasses,45,
2.02E+11,4,8,2024,15:15,1,62,62188,1,1,1,3,D916,50,
2.02E+11,26,4,2024,12:45,1,51,51183,1,1,8,6,Autoroute A26,49,
2.02E+11,26,11,2024,8:20,2,37,37281,2,3,1,1,Rue de la Croix Buisée,47,
2.02E+11,13,9,2024,11:45,1,69,69264,2,1,1,3,Boulevard Jean Jaures,45,
2.02E+11,26,4,2024,3:44,3,30,30004,1,1,2,2,A9,43,
2.02E+11,4,8,2024,10:10,1,62,62041,2,6,1,3,Boulevard de la Liberté,50,
2.02E+11,12,9,2024,11:30,1,69,69199,2,1,2,3,Avenue Jean Jaurès,45,
2.02E+11,25,11,2024,21:15,5,987,98738,2,3,1,1,PK 15,-17,
2.02E+11,26,4,2024,1:06,3,30,30169,1,1,1,2,A9,43,
2.02E+11,27,11,2024,12:45,1,73,73065,1,1,1,6,A41 voie d'insertion 13.14 direction ANNECY,45,
2.02E+11,13,9,2024,7:37,1,66,66136,2,3,1,6,BIOT JEAN BAPTISTE,42,
2.02E+11,26,4,2024,3:55,3,972,97230,1,1,1,3,Route Rn 1,14,
2.02E+11,8,8,2024,6:45,1,59,59599,2,2,1,6,PAPIN (CHAUSSEE DENIS),50,
2.02E+11,26,11,2024,19:40,3,971,97116,1,1,1,2,N5,16,
2.02E+11,25,4,2024,16:20,1,972,97224,2,9,1,6,Passage piéton - RN4 - Rond point école édoudar marceau,14,
2.02E+11,13,9,2024,12:35,1,64,64483,1,1,1,3,route d'Ahetze,43,
2.02E+11,6,8,2024,10:10,1,57,57672,2,1,1,6,ALBERT 1ER (AVENUE) - IMPAIR,49,
2.02E+11,23,4,2024,7:00,2,33,33527,2,8,1,3,N/A,44,
2.02E+11,13,9,2024,20:23,5,64,64445,2,9,1,6,CONDORCET,43,
2.02E+11,27,11,2024,5:35,3,77,77091,1,1,1,6,D1036,48,
2.02E+11,7,8,2024,7:51,1,56,56260,2,1,1,3,Rue de Sainte-Anne,47,
2.02E+11,26,4,2024,1:00,4,28,28039,2,1,1,6,31 Rue Emile Milochau,48,
2.02E+11,8,8,2024,0:31,3,56,56162,1,1,1,6,Keréven,47,
2.02E+11,13,9,2024,15:45,1,64,64445,2,2,1,3,BENGHOZI AUDREY,43,
2.02E+11,22,4,2024,6:15,2,45,45028,2,3,1,3,D917 PR 0 + 336,47,
2.02E+11,26,11,2024,11:35,1,34,34113,2,3,1,6,Avenue de Montpellier,43,
2.02E+11,13,9,2024,8:35,2,64,64284,2,9,1,6,18 JUIN 1940 DU,43,
2.02E+11,6,8,2024,20:35,1,56,56121,2,3,1,3,Rue Maurice Thorez,47,
2.02E+11,5,4,2024,15:50,1,45,45028,2,1,1,6,HOPITAL DE BEAUGENCY,47,
2.02E+11,25,4,2024,13:00,1,13,13014,1,1,1,6,D21b,43,
2.02E+11,13,11,2024,18:00,5,34,34213,2,3,1,6,Place de la Mairie,43,
2.02E+11,6,8,2024,17:53,1,56,56121,2,1,1,3,Rue Jude Blankaert,47,
2.02E+11,12,9,2024,8:15,1,63,63300,1,3,1,2,ROCADE RD 446,45,
2.02E+11,26,4,2024,15:45,1,13,13086,1,1,8,1,Route de Saint Vincent,43,
2.02E+11,26,11,2024,15:35,1,68,68154,2,1,1,1,Avenue des Rives de l'Ill,47,
2.02E+11,6,8,2024,15:39,1,56,56098,1,1,1,2,le Mané,47,
2.02E+11,25,4,2024,18:40,1,88,88178,1,1,1,7,D460,48,
2.02E+11,13,9,2024,21:10,5,62,62548,1,6,1,7,D940,50,
2.02E+11,28,10,2024,16:15,1,67,67550,1,1,1,2,D28,48,
2.02E+11,7,8,2024,9:55,1,51,51172,2,7,1,3,LANGUEDOC (AVENUE),49,
2.02E+11,26,4,2024,17:40,1,73,73303,1,1,1,6,D1212,45,
2.02E+11,13,9,2024,12:55,1,59,59350,2,1,1,2,Rue Armand Carrel,50,
2.02E+11,8,8,2024,14:40,1,51,51506,2,1,1,6,PATURES (RUE DES),48,
2.02E+11,27,11,2024,6:50,2,1,1376,2,6,5,3,Porte de la Dombes,45,
2.02E+11,13,9,2024,2:35,5,59,59378,2,1,1,6,PERI GABRIEL RUE,50,
2.02E+11,8,8,2024,18:46,1,50,50218,2,1,1,6,COURAYE (RUE),48,
2.02E+11,12,11,2024,15:45,1,35,35334,2,6,1,3,Rue Nationale,48,
2.02E+11,25,4,2024,20:15,2,33,33553,1,3,7,3,N/A,45,
2.02E+11,13,9,2024,10:00,1,59,59043,2,3,1,3,LILLE (RUE DE),50,
2.02E+11,27,11,2024,16:30,2,27,27422,1,1,1,7,route du mesnil d'andé,49,
2.02E+11,25,4,2024,16:00,1,33,33380,1,2,1,1,N/A,45,
2.02E+11,6,8,2024,15:20,1,49,49353,2,6,1,3,BOUTTON AVENUE,47,
2.02E+11,26,11,2024,9:20,1,13,13043,1,1,1,2,A55-Sens Martigues vers Marseille,43,
2.02E+11,8,8,2024,16:50,1,45,45234,2,1,1,6,18 Quai de la Madeleine,47,
2.02E+11,26,4,2024,17:30,1,50,50139,1,9,2,3,N174,49,
2.02E+11,25,11,2024,4:55,3,13,13056,1,1,1,6,A55-Sens Martigues vers Marseille,43,
2.02E+11,8,8,2024,18:44,1,45,45208,2,3,1,3,42 Avenue Adolphe Cochery,48,
2.02E+11,26,11,2024,4:15,3,83,83027,1,1,1,6,A50,43,
2.02E+11,9,8,2024,1:40,5,43,43157,2,1,1,7,Place du Breuil,45,
2.02E+11,26,4,2024,1:00,3,60,60352,1,6,1,7,D915,49,
2.02E+11,16,11,2024,22:50,5,69,69389,2,1,1,4,Route de Métropole 6,45,
2.02E+11,21,4,2024,15:50,1,13,13202,2,1,1,2,A55-Sens Martigues vers Marseille,43,
2.02E+11,8,8,2024,9:20,1,43,43046,1,1,1,1,Boulevard de la Petite-Mer,45,
2.02E+11,25,11,2024,7:05,2,67,67482,1,1,1,2,Bretelle sortie autoroute,48,
2.02E+11,8,8,2024,9:30,1,42,42095,2,2,1,6,19 MARS 1962 (RUE DU),45,
2.02E+11,26,11,2024,13:05,1,33,33550,1,1,1,2,N/A,44,
2.02E+11,24,4,2024,8:45,1,69,69029,1,1,1,2,Autoroute 43 ,45,
2.02E+11,8,8,2024,8:30,1,38,38185,2,1,1,6,GARE (PLACE DE LA),45,
2.02E+11,25,4,2024,20:10,1,91,91645,1,1,1,2,RN 385 Extèrieure,48,
2.02E+11,25,4,2024,15:32,1,91,91471,1,1,1,7,RN 118,48,
2.02E+11,25,4,2024,14:00,1,75,75114,1,1,1,2,A6A,48,
2.02E+11,7,8,2024,0:15,4,35,35238,2,5,1,3,FREVILLE (AVENUE HENRI),48,
2.02E+11,26,11,2024,17:30,3,91,91659,1,1,1,5,AUTOROUTE A6,48,
2.02E+11,26,11,2024,11:45,1,77,77251,1,1,1,7,A5A PARIS / RN104 INT,48,
2.02E+11,8,8,2024,20:15,1,35,35281,2,1,1,2,MERMOZ (BOULEVARD JEAN),48,
2.02E+11,26,11,2024,10:20,1,91,91589,1,1,1,2,AUTOROUTE A6,48,
2.02E+11,8,8,2024,12:50,1,35,35051,2,1,1,3,FONTAINE (RUE DE LA),48,
2.02E+11,26,11,2024,9:45,1,78,78640,1,1,1,7,A86 INT,48,
2.02E+11,7,8,2024,13:30,1,35,35115,2,1,1,7,PORTE ST LEONARD (RUE),48,
2.02E+11,8,8,2024,2:58,5,34,34172,2,1,1,7,FABRE DE MORLHON (BOULEVARD JACQUES),43,
2.02E+11,7,8,2024,19:13,1,34,34129,2,6,1,3,BRET (ROND-POINT PAUL-LOUIS),43,
2.02E+11,26,11,2024,18:30,3,95,95424,1,1,2,3,A15,48,
2.02E+11,8,8,2024,0:10,3,33,33065,1,1,1,6,N/A,44,
2.02E+11,8,8,2024,2:16,5,33,33529,2,1,1,6,N/A,44,
2.02E+11,6,2,2024,13:05,1,971,97113,1,1,1,1,SECTION TOMBEAU,16,
2.02E+11,6,2,2024,10:00,1,2A,2A004,2,1,1,6,#3 Route d’Alata#,41,
2.02E+11,7,8,2024,14:05,1,26,26058,2,1,1,3,Avenue de Lyon,44,
2.02E+11,26,1,2024,23:40,3,89,89024,1,1,1,3,D606,47,
2.02E+11,6,8,2024,11:36,1,25,25462,2,1,1,3,ROCADE G.POMPIDOU (DU 25 A LA FIN),46,
2.02E+11,6,2,2024,16:35,1,84,84031,2,9,1,3,JAURES AVENUE JEAN,44,
2.02E+11,8,8,2024,19:55,1,25,25388,2,1,1,3,BLUM (AVENUE LEON),47,
2.02E+11,8,8,2024,14:49,1,25,25056,2,1,1,6,MAZAGRAN CHEMIN DE,47,
2.02E+11,5,2,2024,13:15,1,83,83090,2,1,1,6,GORGES (ROUTE DES),43,
2.02E+11,8,8,2024,12:05,1,25,25056,2,3,7,3,OBSERVATOIRE AVENUE DE L',47,
2.02E+11,27,1,2024,14:50,1,83,83126,1,6,1,2,ECHANGEUR D'OLLIOULES,43,
2.02E+11,7,8,2024,2:03,5,18,18279,2,1,1,6,10 Route de Tours,47,
2.02E+11,4,2,2024,18:50,5,80,80021,2,1,8,7,Boulevard Châteaudun,49,
2.02E+11,7,8,2024,12:45,1,14,14715,2,1,1,7,Boulevard Fernand Moureaux,49,
2.02E+11,3,2,2024,18:25,5,80,80021,2,3,2,6,Rue Oscar Dassonville,49,
2.02E+11,11,7,2024,16:45,1,14,14341,1,1,1,2,N814,49,
2.02E+11,7,8,2024,14:20,1,13,13071,1,1,1,5,CD 6,43,
2.02E+11,6,2,2024,23:00,5,76,76540,2,3,1,3,Quai du Havre (Quai Haut),49,
2.02E+11,6,2,2024,6:50,5,76,76351,2,1,1,6,GRAND HAMEAU (Avenue du ),49,
2.02E+11,7,8,2024,15:15,1,13,13071,2,1,1,2,ROUTE NATIONALE 368 (PLAN DES PENNES),43,
2.02E+11,8,8,2024,20:00,5,13,13203,2,9,1,1,STRASBOURG (BOULEVARD),43,