Num_Acc,jour,mois,an,hrmn,lum,dep,com,agg,int,atm,col,adr,lat,long
2.02E+11,6,2,2024,11:40,1,76,76026,1,3,1,2,RD 915,49,
2.02E+11,7,8,2024,15:10,1,13,13208,2,1,7,1,Rue du commandant rolland,43,
2.02E+11,6,2,2024,8:15,1,74,74012,2,9,1,1,ROMAGNY (RUE DE),46,
2.02E+11,18,7,2024,10:00,1,12,12202,2,4,1,5,LAYOULE (COTE DE),44,
2.02E+11,6,2,2024,9:00,1,72,72181,2,6,1,3,LYAUTEY MARECHAL (AV) N° IMP,48,
2.02E+11,5,8,2024,17:10,1,12,12013,1,1,1,6,MAS DE L'HORT (LE)  LIEU-DIT,44,
2.02E+11,8,8,2024,20:10,1,8,8480,1,1,1,7,N/A,49,
2.02E+11,5,2,2024,8:09,1,72,72181,2,1,1,6,CHENE VERT (RUE DU),48,
2.02E+11,8,8,2024,21:15,5,6,6088,2,1,1,3,93 Promenade des Anglais,43,
2.02E+11,6,2,2024,7:55,1,71,71076,2,3,1,3,HERRIOT (AVENUE EDOUARD),46,
2.02E+11,8,8,2024,10:15,1,6,6083,2,1,1,6,14 Prom Mal Leclerc de Hauteclocque,43,
2.02E+11,24,7,2024,20:30,1,6,6069,2,1,1,6,12 Avenue Chiris,43,
2.02E+11,6,2,2024,11:05,1,69,69264,2,2,1,3,Boulevard Gambetta,45,
2.02E+11,6,2,2024,8:30,1,69,69013,1,1,5,7,Route de Longsard,46,
2.02E+11,8,8,2024,18:40,1,5,5061,2,3,1,2,Route des Eyssagnières,44,
2.02E+11,5,2,2024,14:30,1,69,69264,2,6,1,7,Rue Loyson de Chastelus,45,
2.02E+11,8,8,2024,0:10,5,75,75116,2,1,1,6,BD PERIPHERIQUE INTERIEUR,48,
2.02E+11,7,8,2024,18:45,1,75,75118,2,1,1,2,BD PERIPHERIQUE EXTERIEUR,48,
2.02E+11,5,2,2024,18:00,2,69,69290,1,1,1,4,Chemin de Grande Vigne,45,
2.02E+11,7,8,2024,17:00,1,75,75120,2,1,1,2,BD PERIPHERIQUE INTERIEUR,48,
2.02E+11,6,2,2024,16:25,1,65,65047,2,1,1,3,JAURES (AVE JEAN),43,
2.02E+11,7,8,2024,21:00,5,75,75114,2,1,1,3,BD PERIPHERIQUE INTERIEUR,48,
2.02E+11,6,2,2024,14:15,1,64,64483,2,1,1,2,LAYATS (AVENUE DE),43,
2.02E+11,5,2,2024,19:06,5,64,64102,2,1,1,7,HENRI DE NAVARRE (AVENUE),43,
2.02E+11,7,8,2024,13:10,1,75,75113,2,1,1,3,BD PERIPHERIQUE EXTERIEUR,48,
2.02E+11,6,2,2024,13:52,1,63,63113,2,1,1,6,FONTAINE DU BAC (RUE DE LA),45,
2.02E+11,7,8,2024,10:46,1,75,75108,2,3,1,3,RUE PIERRE CHARRON,48,
2.02E+11,5,2,2024,16:55,1,60,60159,2,1,1,6,Rue Rouget de Lisle,49,
2.02E+11,8,8,2024,8:50,1,75,75105,2,3,1,3,RUE DU SOMMERARD,48,
2.02E+11,6,2,2024,18:20,5,59,59599,2,1,1,6,Rue des Poutrains,50,
2.02E+11,8,8,2024,19:00,1,75,75120,2,3,1,1,AVENUE GAMBETTA,48,
2.02E+11,6,2,2024,20:15,5,59,59457,2,3,1,3,Rue Édouard Agache,50,
2.02E+11,8,8,2024,20:20,2,75,75119,2,3,1,6,RUE COMPANS,48,
2.02E+11,5,8,2024,5:20,2,75,75119,2,2,1,1,RUE GOUBET,48,
2.02E+11,6,2,2024,10:00,1,59,59368,2,3,1,1,Rue du Ballon,50,
2.02E+11,8,8,2024,16:15,1,75,75117,2,3,1,2,BOULEVARD DU BOIS LE PRETRE,48,
2.02E+11,6,2,2024,12:05,1,57,57463,2,2,1,6,CLAUDE BERNARD (RUE ),49,
2.02E+11,8,8,2024,19:40,1,75,75115,2,3,1,2,RUE DE LA CONVENTION,48,
2.02E+11,10,11,2024,1:30,3,69,69142,1,1,1,2,Route de Métropole 7 ,45,
2.02E+11,6,2,2024,19:00,5,51,51454,2,2,1,3,CHAMPAGNE   (  AVENUE DE),49,
2.02E+11,8,8,2024,13:30,1,75,75114,2,3,1,3,AVENUE DU GENERAL LECLERC,48,
2.02E+11,7,11,2024,16:40,1,976,97610,2,1,1,3,12 Route Nationale,-12,
2.02E+11,6,2,2024,8:30,1,51,51172,1,1,1,5,VERTE (VOIE),49,
2.02E+11,8,8,2024,10:10,1,75,75113,2,3,1,6,QUAI DE LA GARE,48,
2.02E+11,23,4,2024,19:15,1,38,38544,2,9,1,6,ANATOLE FRANCE(QUAI),45,
2.02E+11,5,2,2024,21:00,4,49,49307,1,1,2,7,BEAUFORT ROUTE,47,
2.02E+11,7,8,2024,5:40,5,75,75113,2,1,1,3,BOULEVARD DU GENERAL JEAN SIMON,48,
2.02E+11,5,2,2024,7:20,5,49,49007,2,1,8,6,CHATEAU D'ORGEMONT RUE ET SQU,47,
2.02E+11,17,12,2024,18:50,3,69,69299,1,1,1,6,Route Départementale 29,45,
2.02E+11,7,8,2024,18:40,1,75,75112,2,2,1,1,AVENUE DU GENERAL MICHEL BIZOT,48,
2.02E+11,6,2,2024,18:32,5,47,47001,2,1,1,3,CARTOU (RUE DE),44,
2.02E+11,7,8,2024,8:30,1,75,75112,2,1,2,6,BOULEVARD PONIATOWSKI,48,
2.02E+11,6,2,2024,20:50,3,45,45004,1,1,8,3,D2007 PR 21 + 750,47,
2.02E+11,30,9,2024,10:15,1,62,62771,2,1,1,1,Rue Edouard Vaillant,50,
2.02E+11,8,8,2024,23:15,5,75,75110,2,2,1,3,AVENUE CLAUDE VELLEFAUX,48,
2.02E+11,23,4,2024,19:55,3,972,97213,1,1,1,6,AUTOROUTE A1,14,
2.02E+11,6,2,2024,5:15,5,44,44109,2,3,1,3,9 Rue Charles Perron,47,
2.02E+11,8,8,2024,0:30,5,75,75109,2,2,1,3,BOULEVARD HAUSSMANN,48,
2.02E+11,17,10,2024,19:20,5,73,73008,2,9,1,6,ALLEE PROMENADE DES BORDS DU LAC,45,
2.02E+11,8,8,2024,15:25,1,75,75114,2,3,7,6,AVENUE DU GENERAL LECLERC,48,
2.02E+11,5,2,2024,18:32,5,42,42187,2,1,1,3,Rue Pierre Dépierre,46,
2.02E+11,8,10,2024,12:01,1,73,73008,2,3,2,6,D913 - GAULLE GENERAL DE AVENUE,45,
2.02E+11,8,8,2024,19:50,1,75,75104,2,2,1,2,BOULEVARD MORLAND,48,
2.02E+11,6,2,2024,7:15,5,36,36202,2,1,8,6,N/A,46,
2.02E+11,17,11,2024,15:12,1,94,94067,2,1,1,3,Avenue Sainte-marie,48,
2.02E+11,8,8,2024,17:10,1,94,94073,2,3,9,6,Avenue Raymond Poincaré,48,
2.02E+11,4,2,2024,16:00,1,34,34032,2,3,1,3,MARNE (AV DE LA),43,
2.02E+11,5,12,2024,23:20,5,83,83123,2,1,1,2,TOULON (ANCIEN CHEMIN DE),43,
2.02E+11,8,8,2024,17:45,1,93,93073,2,2,1,3,Avenue de la Somme / Rue de Bordeaux,48,
2.02E+11,6,2,2024,9:00,1,33,33063,2,4,5,3,N/A,44,
2.02E+11,8,8,2024,15:00,1,93,93078,2,2,1,3,Avenue Philippe de Girard / Avenue du Vert Galant,48,
2.02E+11,28,12,2024,10:59,1,37,37276,1,2,5,3,D766,47,
2.02E+11,5,2,2024,20:30,5,33,33063,2,1,1,2,N/A,44,
2.02E+11,8,8,2024,0:10,5,93,93046,2,1,1,6,JEAN MOULIN BOULEVARD,48,
2.02E+11,17,11,2024,1:21,5,77,77373,2,9,1,6,PARIS (ROUTE DE ),48,
2.02E+11,5,2,2024,6:00,5,33,33063,2,3,1,6,Boulevard Jean-Jacques Bosc,44,
2.02E+11,9,11,2024,12:00,1,13,13210,2,2,1,2,CATHERINE BLUM (BOULEVARD),43,
2.02E+11,8,8,2024,7:10,1,93,93053,2,1,1,3,Avenue de Rosny,48,
2.02E+11,6,2,2024,20:35,5,33,33009,2,3,1,3,N/A,44,
2.02E+11,8,8,2024,9:43,1,92,92078,1,1,1,2,GALLIENI (BD) (1 A 79 ET 22 A 102),48,
2.02E+11,18,11,2024,17:20,5,94,94077,2,3,2,3,Route de Choisy,48,
2.02E+11,6,2,2024,11:20,1,31,31555,1,1,1,2,38 LE CHAPITRE (A64),43,
2.02E+11,7,8,2024,8:55,1,92,92050,2,2,1,3,DIDEROT RUE,48,
2.02E+11,19,11,2024,5:30,5,93,93073,2,1,2,1,PETITS PONTS (ROUTE DES),48,
2.02E+11,8,8,2024,14:15,1,92,92002,2,1,1,7,DIVISION LECLERC (1 A 29 -2 A 34),48,
2.02E+11,23,1,2024,18:45,5,30,30189,2,3,1,1,Avenue Pierre Mendès France,43,
2.02E+11,6,2,2024,12:10,1,30,30007,2,1,1,2,82-318 rue Jean Perrin,44,
2.02E+11,29,5,2024,15:45,1,93,93032,2,3,3,5,Avenue de la Passerelle / Rue Paul Vaillant Couturier,48,
2.02E+11,8,8,2024,21:35,3,51,51649,2,3,1,3,Rue Aristide Briand,48,
2.02E+11,5,2,2024,7:50,1,30,30243,2,3,1,3,Route de Montèze,44,
2.02E+11,29,7,2024,11:25,1,51,51295,2,2,1,3,Intersection D14/D602,48,
2.02E+11,23,5,2024,10:15,1,93,93032,2,3,1,2,Rue de Franceville / Avenue des Chèvrefeuilles,48,
2.02E+11,31,12,2024,23:45,5,987,98745,2,1,1,7,Tiva,-16,
2.02E+11,6,2,2024,18:00,2,29,29232,2,1,1,4,LOUIS LE GUENNEC,47,
2.02E+11,8,8,2024,18:10,1,85,85223,1,1,1,5,RD 948,46,
2.02E+11,1,8,2024,15:30,1,63,63001,2,7,1,2,Place Saint Joseph,46,
2.02E+11,23,7,2024,7:20,1,18,18127,1,1,1,7,N/A,46,
2.02E+11,8,8,2024,15:00,1,59,59553,2,6,1,1,Rue Marx Dormoy,50,
2.02E+11,6,2,2024,15:55,1,26,26198,2,1,1,3,Route de Marseille,44,
2.02E+11,19,11,2024,17:55,5,74,74010,2,1,2,6,PRELEVET (AVENUE DE),45,
2.02E+11,9,8,2024,4:30,4,85,85082,2,1,1,3,RD79,46,
2.02E+11,5,2,2024,14:40,1,23,23096,2,1,1,6,BERRY (AVENUE DU),46,
2.02E+11,8,8,2024,23:20,3,85,85064,2,1,1,6,RD13,46,
2.02E+11,19,11,2024,9:38,1,75,75106,2,2,2,7,BOULEVARD SAINT GERMAIN,48,
2.02E+11,9,8,2024,8:56,1,37,37123,1,1,1,6,Autoroute A85,,
2.02E+11,4,1,2024,17:20,2,22,22278,2,1,3,2,RIBOT (THEODULE),48,
2.02E+11,18,11,2024,14:00,1,75,75106,2,3,1,7,BOULEVARD SAINT GERMAIN,48,
2.02E+11,2,8,2024,15:50,1,62,62630,1,1,1,1,D75,50,
2.02E+11,6,2,2024,18:40,3,17,17415,2,1,1,7,PRAIRIE CHEMIN DE LA,45,
2.02E+11,7,8,2024,19:45,1,62,62007,1,3,1,7,D62,50,
2.02E+11,18,11,2024,18:10,5,93,93051,2,1,2,4,PAVE NEUF (AVENUE),48,
2.02E+11,6,2,2024,7:45,2,13,13103,2,1,8,3,BOULEVARD FOCH-MARECHAL,43,
2.02E+11,7,8,2024,19:30,1,30,30034,2,1,1,7,N/A,43,
2.02E+11,18,11,2024,19:05,5,93,93050,2,1,2,6,PAUL ET CAMILLE THOMOUX (RUE) COTE PAIR,48,
2.02E+11,31,1,2024,18:00,2,13,13056,2,3,1,1,GAULLE AVENUE CHARLES DE,43,
2.02E+11,9,8,2024,11:20,1,56,56195,2,1,1,6,Rue du Calvaire,47,
2.02E+11,5,7,2024,16:25,1,27,27340,1,1,1,2,A13,49,
2.02E+11,8,8,2024,15:30,1,56,56087,2,1,1,7,Rue du Vieux Moulin,47,
2.02E+11,6,2,2024,16:12,1,13,13214,2,1,1,3,MAISON BLANCHE (TRAVERSE),43,
2.02E+11,3,11,2024,19:55,5,971,97113,2,3,1,7,Chemin de la BOUAYE,16,
2.02E+11,9,8,2024,7:45,1,2B,2B309,2,3,1,3,Route de Figarella,42,
2.02E+11,6,2,2024,15:50,1,13,13211,2,3,1,3,SAINT MARCEL (BOULEVARD DE ),43,
2.02E+11,9,8,2024,18:00,1,80,80620,2,1,1,2,Rue Saint-sauveur,49,
2.02E+11,6,2,2024,8:35,1,13,13214,2,1,1,3,MARCHE D'IN (AVENUE),43,
2.02E+11,12,2,2024,19:45,5,82,82124,2,2,1,7,Route de Verlhaguet,44,
2.02E+11,6,2,2024,17:45,2,13,13047,1,1,1,7,CD16 (LE DELA),43,
2.02E+11,9,8,2024,9:20,1,82,82125,1,1,1,6,D928,43,
2.02E+11,26,12,2024,11:50,1,35,35319,1,4,1,3,Les Coudraies,48,
2.02E+11,8,8,2024,16:45,1,71,71428,1,1,1,6,2 Grand Route du Botoret,46,
2.02E+11,6,2,2024,20:20,5,6,6004,2,1,1,1,Avenue Philippe Rochat,43,
2.02E+11,29,12,2024,6:25,3,38,38455,1,1,1,7,Chemin des Marques,45,
2.02E+11,9,8,2024,3:50,3,89,89446,1,1,1,6,D951,47,
2.02E+11,6,2,2024,6:30,5,6,6004,2,1,1,1,Chemin des Eucalyptus,43,
2.02E+11,8,8,2024,16:38,1,61,61463,1,2,1,3,Voie Communale,48,
2.02E+11,6,2,2024,15:20,1,75,75119,2,1,1,3,AVENUE DE FLANDRE,48,
2.02E+11,24,10,2024,15:55,1,28,28092,1,1,1,5,Autoroute A10 - PK 049.600 - Direction Paris,48,
2.02E+11,24,11,2024,18:00,3,76,76070,1,1,1,6,D98,49,
2.02E+11,9,8,2024,11:46,1,49,49347,1,2,1,1,D68,47,
2.02E+11,6,2,2024,15:55,1,75,75118,2,3,1,6,RUE MARX DORMOY,48,
2.02E+11,24,8,2024,1:15,4,63,63124,2,6,1,6,Giratoire Robert Huguet /RM52/Bd Joliot Curie,45,
2.02E+11,9,8,2024,10:40,1,12,12270,1,1,7,6,D888,44,
2.02E+11,6,2,2024,16:00,1,75,75115,2,3,1,6,BOULEVARD DE VAUGIRARD,48,
2.02E+11,8,8,2024,6:20,2,42,42323,2,8,1,6,Avenue Henri Planchet,45,
2.02E+11,2,10,2024,13:00,1,34,34301,2,1,1,1,VERDUN (BOULEVARD DE),43,
2.02E+11,6,2,2024,10:50,1,75,75115,2,3,1,6,RUE SAINT CHARLES,48,
2.02E+11,8,8,2024,17:20,1,42,42139,1,1,1,1,D10,45,
2.02E+11,22,11,2024,17:00,2,74,74010,2,6,1,1,CHEMIN DU PERIMETRE,45,
2.02E+11,5,2,2024,9:55,1,75,75114,2,3,8,6,RUE DU FAUBOURG SAINT JACQUES,48,
2.02E+11,9,8,2024,17:10,1,47,47310,1,1,1,1,D911,44,
2.02E+11,19,11,2024,19:15,3,74,74275,2,1,3,1,199 Route de bluffy,45,
2.02E+11,5,2,2024,7:00,2,75,75114,2,2,1,6,RUE FROIDEVAUX,48,
2.02E+11,20,11,2024,6:25,5,74,74309,2,1,2,6,D1206,46,
2.02E+11,5,8,2024,10:00,1,34,34237,2,1,7,6,Avenue de Pezenas,43,
2.02E+11,6,2,2024,9:30,1,75,75112,2,2,1,3,AVENUE DES CANADIENS,48,
2.02E+11,7,8,2024,18:30,1,22,22264,1,1,1,3,Le Rumain Hengoat,48,
2.02E+11,13,11,2024,17:58,3,74,74262,1,3,1,4,Pont de Bellecombe,46,
2.02E+11,5,2,2024,22:48,5,94,94041,2,1,1,1,47 Quai Jean Compagnon,48,
2.02E+11,9,8,2024,16:45,1,25,25403,1,1,1,1,D48,47,
2.02E+11,19,11,2024,8:05,2,74,74012,2,1,3,6,DE GAULLE (AVENUE CHARLES),46,
2.02E+11,6,2,2024,17:40,5,94,94073,2,1,2,3,107 Avenue du Général de Gaulle,48,
2.02E+11,8,8,2024,11:20,1,25,25418,1,1,1,1,18 Route d?Osse,47,
2.02E+11,20,11,2024,12:55,1,74,74008,2,3,1,3,MOULIN (RUE JEAN),46,
2.02E+11,6,2,2024,8:40,1,94,94077,2,2,1,3,Avenue Pasteur / Rue Marcel Risser,48,
2.02E+11,8,8,2024,14:00,1,29,29185,2,1,2,6,Lieu Dit Poulfoen,48,
2.02E+11,6,2,2024,8:45,1,93,93078,2,6,1,2,Boulevard Robert Ballanger / Avenue Georges Clémenceau,48,
2.02E+11,20,11,2024,7:15,3,74,74165,1,2,1,3,Route de bloye,45,
2.02E+11,9,8,2024,11:35,1,2,2666,1,1,1,1,d946,49,
2.02E+11,15,11,2024,18:35,3,74,74256,2,1,1,6,164 Rue des trois lacs,45,
2.02E+11,6,2,2024,15:30,1,93,93055,2,2,1,3,Avenue Édouard Vaillant / Rue Magenta,48,
2.02E+11,8,8,2024,19:00,2,15,15168,1,1,1,7,RD 4,45,
2.02E+11,4,2,2024,23:00,5,93,93013,2,3,1,3,Avenue de la Division Leclerc / Rue Camille Dramart,48,
2.02E+11,14,11,2024,17:09,2,74,74081,2,3,1,3,Avenue de la république,46,
2.02E+11,8,8,2024,20:15,2,1,1196,1,3,1,6,Route des Forays,46,
2.02E+11,6,2,2024,15:00,1,93,93001,2,1,1,3,Rue Léopold Réchossière,48,
2.02E+11,9,8,2024,18:40,1,6,6090,2,1,1,7,75 Boulevard de la Mourachonne,43,
2.02E+11,10,11,2024,5:30,3,74,74220,1,6,5,6,D2,46,
2.02E+11,6,2,2024,20:50,4,92,92078,2,3,1,3,VIEUX CHEMIN DE ST DENIS (AVENUE),48,
2.02E+11,7,8,2024,19:00,1,14,14371,1,1,1,5,Route de la Côte Fleurie,49,
2.02E+11,7,11,2024,16:45,1,74,74267,2,1,1,7,Route d'albertville,45,
2.02E+11,5,2,2024,22:32,5,92,92075,2,1,1,6,PAIX (AVENUE DE LA),48,
2.02E+11,6,2,2024,13:14,1,92,92048,2,1,1,7,PAVE DES GARDES (ROUTE DU),48,
2.02E+11,7,8,2024,0:15,3,14,14486,1,1,1,6,D91A,48,
2.02E+11,6,2,2024,0:25,5,92,92012,2,1,1,2,GENERAL LECLERC (AVENUE DU) 35/FIN - 60/,48,
2.02E+11,1,11,2024,16:26,1,74,74148,1,1,1,1,D110,45,
2.02E+11,8,8,2024,21:40,3,14,14370,2,1,1,7,250 Rue des Aunais,49,
2.02E+11,18,11,2024,17:25,5,94,94076,2,3,2,6,Avenue de la Division Leclerc,48,
2.02E+11,8,8,2024,14:00,1,60,60009,1,1,1,5,D927,49,
2.02E+11,6,2,2024,8:01,1,92,92002,2,3,1,3,LEON JOUHAUX (AVENUE),48,
2.02E+11,9,8,2024,16:00,1,64,64405,2,1,1,6,31 Rue du Bourg Mayou,43,
2.02E+11,1,11,2024,5:50,3,57,57433,1,6,9,7,D112f,49,
2.02E+11,6,2,2024,18:28,2,71,71047,2,2,1,3,10 Rue des Prébendes,46,
2.02E+11,7,8,2024,11:50,1,43,43111,1,1,1,6,Le Cros du Pouget,44,
2.02E+11,8,8,2024,15:40,1,10,10328,1,1,7,1,D960,48,
2.02E+11,7,2,2024,4:55,3,28,28161,1,1,1,2,A11 - PK 94+400 (vers LE MANS),48,
2.02E+11,25,11,2024,10:50,1,13,13026,2,6,1,6,RN 568,43,
2.02E+11,9,8,2024,16:50,1,16,16295,1,1,1,7,N/A,45,
2.02E+11,7,2,2024,12:50,1,51,51217,1,1,2,6,D18,49,
2.02E+11,18,11,2024,14:15,1,88,88484,1,1,2,6,D39,48,
2.02E+11,9,8,2024,18:35,1,7,7009,2,1,1,2,rd82,45,
2.02E+11,7,2,2024,4:51,3,25,25020,1,1,2,5,Autoroute A36 PK051.600 en direction de BELFORT,47,
2.02E+11,12,11,2024,19:32,5,88,88160,2,2,1,6,ALSACE (RUE D'),48,
2.02E+11,8,8,2024,17:30,1,21,21399,1,2,1,3,D981,47,
2.02E+11,4,2,2024,15:45,1,62,62752,2,3,1,3,D143,50,
2.02E+11,22,11,2024,13:05,1,88,88349,2,1,4,1,1705 Rue de Gérardmer,48,
2.02E+11,8,8,2024,21:45,3,85,85096,1,1,1,7,le Péault,46,
2.02E+11,24,1,2024,11:25,1,68,68315,2,1,1,6,Place de l'Eglise,47,
2.02E+11,5,2,2024,19:50,3,44,44129,1,1,1,7,N/A,47,
2.02E+11,13,11,2024,6:55,2,88,88165,2,1,1,3,64 Rue du Vivier,48,
2.02E+11,9,8,2024,12:20,1,37,37084,1,1,1,6,D766,47,
2.02E+11,7,2,2024,11:20,1,50,50137,1,1,2,1,D999 PK PR 038+900,48,
2.02E+11,12,11,2024,14:40,1,88,88521,1,1,1,3,D46,48,
2.02E+11,9,8,2024,15:15,1,37,37279,1,1,1,3,route du lude,47,
2.02E+11,7,2,2024,5:20,3,51,51227,1,1,6,6,RD 2,48,
2.02E+11,2,8,2024,11:35,1,62,62160,2,1,1,7,Rue d'Outreau,50,
2.02E+11,9,8,2024,17:32,1,30,30248,2,2,1,2,Route de Saint-chaptes,43,
2.02E+11,6,2,2024,6:45,3,59,59533,2,2,1,3,D942,50,
2.02E+11,1,8,2024,10:30,1,62,62160,2,1,1,6,Rue Edmond Rostand,50,
2.02E+11,9,8,2024,8:20,1,18,18140,1,1,1,2,N/A,47,
2.02E+11,6,2,2024,17:10,1,79,79062,2,1,1,7,N/A,46,
2.02E+11,19,7,2024,17:25,1,62,62160,2,3,1,1,Boulevard Chanzy,50,
2.02E+11,8,8,2024,15:05,1,6,6085,1,1,1,3,A8 PR 163 + 0,43,
2.02E+11,6,2,2024,16:45,1,32,32107,1,1,1,1,4662 Route d?Auch,43,
2.02E+11,28,9,2024,16:15,1,59,59129,1,1,1,3,Huquinville,50,
2.02E+11,6,2,2024,22:20,3,49,49125,2,2,1,6,Rue du parc,47,
2.02E+11,8,8,2024,17:30,1,6,6029,1,1,1,2,A8,43,
2.02E+11,20,7,2024,10:05,1,73,73008,2,6,1,3,D1201 Bd Jean Charcot,45,
2.02E+11,6,2,2024,11:00,1,49,49228,1,2,1,3,Noyant-Villages,47,
2.02E+11,9,8,2024,15:18,1,21,21173,1,9,7,3,A31 PK 003.200,47,
2.02E+11,7,2,2024,9:55,1,46,46264,1,1,1,1,D12,44,
2.02E+11,2,8,2024,17:10,1,30,30189,1,1,1,2,A9 - PK 56,43,
2.02E+11,6,2,2024,13:26,1,44,44067,1,1,1,3,11 le Pont Esnault,47,
2.02E+11,24,7,2024,16:20,1,11,11202,1,1,7,6,D327,42,
2.02E+11,17,11,2024,3:16,3,17,17291,1,1,1,2,N11,46,
2.02E+11,7,2,2024,12:30,1,31,31118,1,1,1,3,Route de Fronton,43,
2.02E+11,8,8,2024,20:35,3,988,98808,1,1,1,1,Houaïlou,-21,
2.02E+11,17,11,2024,22:55,5,13,13208,2,1,1,7,SCHLOESING (BOULEVARD),43,
2.02E+11,5,2,2024,22:00,3,38,38141,1,1,1,7,Route des Rôles,45,
2.02E+11,4,3,2024,17:30,1,978,97801,2,1,1,3,R DE FRIAR'S BAY,18,
2.02E+11,7,2,2024,14:45,1,6,6038,2,1,1,1,Route de Nice,43,
2.02E+11,5,7,2024,0:12,5,13,13208,2,1,1,2,HAMBOURG (BOULEVARD),43,
2.02E+11,9,8,2024,5:10,5,977,97701,1,6,1,3,rond point de la Tourmente,17,
2.02E+11,6,2,2024,7:27,5,21,21603,2,1,1,6,13 Avenue du Général Mazillier,47,
2.02E+11,8,8,2024,1:00,3,977,97701,1,1,1,1,TOINY,17,
2.02E+11,7,2,2024,8:40,1,40,40273,2,1,1,7,Rue Ambroise 2,43,
2.02E+11,19,11,2024,12:45,1,75,75119,2,3,1,2,RUE DES BOIS,48,
2.02E+11,6,2,2024,15:30,1,40,40044,1,1,1,1,d817,43,
2.02E+11,9,8,2024,0:45,3,972,97224,2,1,3,1,D47 Bois du Parc,14,
2.02E+11,19,11,2024,19:20,5,75,75109,2,7,2,6,PLACE DE L OPERA,48,
2.02E+11,7,8,2024,14:03,1,29,29147,2,1,7,6,Chemin de Keriouant,47,
2.02E+11,2,2,2024,8:50,1,30,30075,1,1,1,5,Route de Sauve,43,
2.02E+11,19,11,2024,8:05,2,75,75109,2,3,2,3,BOULEVARD DE CLICHY,48,
2.02E+11,8,8,2024,15:50,1,77,77027,2,1,1,6,D43,48,
2.02E+11,18,11,2024,9:00,1,75,75109,2,7,2,3,RUE DE DOUAI,48,
2.02E+11,21,1,2024,6:00,3,80,80318,1,1,1,6,Autoroute A16 - PK 147+675,50,
2.02E+11,7,8,2024,19:24,1,95,95690,1,1,1,7,D205,49,
2.02E+11,18,11,2024,15:47,1,75,75102,2,7,2,3,PLACE DE L OPERA,48,
2.02E+11,9,8,2024,8:45,1,78,78206,1,1,1,3,D113,48,
2.02E+11,17,11,2024,19:25,5,94,94060,1,1,1,2,Cuvette de Champlain,48,
2.02E+11,19,11,2024,18:55,5,93,93047,2,1,2,2,JEAN JAURES (AVENUE),48,
2.02E+11,6,2,2024,14:40,1,34,34333,1,9,1,3,D114,43,
2.02E+11,8,8,2024,18:40,1,66,66180,1,9,1,2,N/A,42,
2.02E+11,7,2,2024,14:30,1,973,97309,2,1,1,1,Route des Plages,4,
2.02E+11,16,11,2024,23:55,3,59,59459,1,1,3,2,AUTOROUTE A23,50,
2.02E+11,7,2,2024,11:00,1,6,6085,1,1,1,3,160 Chemin des Colles,43,
2.02E+11,5,8,2024,12:45,1,13,13014,1,1,1,3,D113,43,
2.02E+11,16,11,2024,18:00,5,25,25462,2,7,1,3,MARECHAL DE LATTRE DE TASSIGNY (PLACE),46,
2.02E+11,9,8,2024,1:50,3,13,13062,1,1,1,7,Route de Gardanne,43,
2.02E+11,6,2,2024,7:45,1,6,6085,2,1,1,3,2146 Avenue Marechal Juin,43,
2.02E+11,20,12,2024,0:01,5,93,93029,2,2,1,2,AUGUSTE BLANQUI,48,
2.02E+11,6,2,2024,19:45,3,971,97125,1,1,1,7,RN5,16,
2.02E+11,8,8,2024,11:30,1,63,63284,2,1,1,6,60 avenue de lyon,45,
2.02E+11,6,2,2024,19:10,5,977,97701,2,9,1,3,Rue de la République,17,
2.02E+11,9,8,2024,13:55,1,38,38003,1,1,1,1,Route de Bouge,45,
2.02E+11,22,12,2024,12:10,1,85,85008,1,1,3,2,A87,,
2.02E+11,8,8,2024,23:10,4,9,9039,1,1,1,1,D625,43,
2.02E+11,6,2,2024,16:30,1,37,37056,1,2,1,5,D16,47,
2.02E+11,20,12,2024,16:20,1,48,48009,1,2,1,3,D809,44,
2.02E+11,9,8,2024,5:50,3,31,31433,2,1,1,2,Route d'Espagne,43,
2.02E+11,5,2,2024,6:45,2,34,34327,2,1,1,3,1 Avenue de Montpellier,43,
2.02E+11,14,11,2024,7:33,1,13,13041,2,6,1,3,avenue de nice,43,
2.02E+11,9,8,2024,20:10,1,40,40314,2,1,1,6,Route des Tucs,43,
2.02E+11,23,10,2024,16:20,1,30,30176,1,1,1,7,D113,43,
2.02E+11,6,2,2024,18:20,3,13,13066,1,4,1,3,D7n,43,
2.02E+11,9,8,2024,6:45,1,33,33104,1,1,1,1,N/A,45,
2.02E+11,9,12,2024,19:10,4,93,93066,2,6,1,6,N/A,48,
2.02E+11,25,1,2024,17:00,1,69,69116,2,3,1,1,513 Rue Sans Souci,45,
2.02E+11,8,8,2024,11:35,1,85,85003,1,1,1,4,RD948,46,
2.02E+11,18,11,2024,17:30,5,93,93062,2,6,2,6,THIERS (ROND POINT),48,
2.02E+11,20,12,2024,14:15,1,18,18264,1,1,1,7,N/A,47,
2.02E+11,9,8,2024,9:10,1,50,50099,2,1,2,2,8 Route de Saint-côme,49,
2.02E+11,8,8,2024,7:55,1,22,22093,1,2,1,7,La Suette Maroué,48,