Num_Acc,jour,mois,an,hrmn,lum,dep,com,agg,int,atm,col,adr,lat,long
2.02E+11,18,12,2024,13:45,1,21,21337,2,3,1,3,D976,47,
2.02E+11,1,2,2024,15:00,1,33,33114,1,1,1,4,N/A,45,
2.02E+11,9,8,2024,15:20,1,2,2684,2,3,1,6,64 Avenue de Sougland,49,
2.02E+11,20,12,2024,17:45,5,33,33449,2,3,3,6,N/A,44,
2.02E+11,1,2,2024,15:10,1,33,33114,1,1,1,6,N/A,45,
2.02E+11,15,7,2024,15:50,1,62,62893,2,1,2,6,D242,50,
2.02E+11,7,2,2024,8:00,1,62,62206,1,1,2,6,A16,50,
2.02E+11,6,2,2024,17:50,2,13,13214,2,1,1,3,A507 sens Marseille - Aubagne,43,
2.02E+11,11,7,2024,1:00,5,62,62893,2,2,1,3,D233E1,50,
2.02E+11,5,2,2024,7:31,1,13,13202,1,1,1,2,TVPCM-Sens Saint Victor vers Les Ports,43,
2.02E+11,2,7,2024,19:55,1,62,62643,2,2,1,3,Rue Auguste Comte,50,
2.02E+11,5,2,2024,21:43,3,13,13106,1,1,1,4,A7-Sens Lyon vers Marseille,43,
2.02E+11,27,6,2024,23:15,5,62,62160,2,1,1,7,Rue de Boston,50,
2.02E+11,5,2,2024,14:00,1,13,13071,1,1,1,3,A7-Sens Marseille vers Lyon,43,
2.02E+11,14,9,2024,17:25,1,84,84144,1,4,1,1,D 190,43,
2.02E+11,5,2,2024,13:00,1,13,13215,2,1,1,2,A7-Sens Lyon vers Marseille,43,
2.02E+11,14,9,2024,10:00,1,84,84087,1,2,1,3,ROUTE DE CHATEAUNEUF,44,
2.02E+11,5,2,2024,13:00,1,13,13117,1,1,1,4,A7-Sens Marseille vers Lyon,43,
2.02E+11,24,10,2024,0:15,3,84,84022,1,1,1,6,Route de Villedieu,44,
2.02E+11,16,10,2024,16:40,1,84,84087,2,3,8,6,RAMAS (CHEMIN),44,
2.02E+11,6,2,2024,6:50,3,69,69297,1,1,5,5,Autoroute 7 ,45,
2.02E+11,6,2,2024,19:14,3,91,91645,1,1,1,7,AUTOROUTE A86,48,
2.02E+11,11,10,2024,10:45,1,84,84137,2,9,1,6,Avenue des Choralies,44,
2.02E+11,6,2,2024,16:18,1,91,91661,1,1,1,3,AUTOROUTE A10,48,
2.02E+11,7,10,2024,18:15,1,84,84040,1,9,1,6,Route de Malaucene,44,
2.02E+11,5,10,2024,9:40,1,84,84137,2,6,7,6,avenue François miterrand,44,
2.02E+11,6,2,2024,9:05,1,91,91161,1,1,1,4,AUTOROUTE A6,48,
2.02E+11,4,10,2024,13:47,1,84,84034,1,1,1,6,D6,43,
2.02E+11,6,2,2024,8:50,1,91,91086,1,1,1,2,RN 104,48,
2.02E+11,19,11,2024,10:10,1,75,75120,2,1,2,2,BD PERIPHERIQUE EXTERIEUR,48,
2.02E+11,5,2,2024,23:42,3,94,94034,1,1,1,2,A6A,48,
2.02E+11,28,9,2024,16:00,1,2B,2B301,1,1,6,7,RD 81,42,
2.02E+11,6,2,2024,7:40,2,91,91064,1,1,1,3,N118,48,
2.02E+11,15,9,2024,15:20,1,2B,2B314,1,1,1,3,RD81,42,
2.02E+11,5,2,2024,19:45,5,92,92051,1,1,1,6,RN13,48,
2.02E+11,15,9,2024,11:00,1,2B,2B298,2,1,1,1,36 rue principale,42,
2.02E+11,5,2,2024,18:05,5,78,78431,1,1,2,2,A13,48,
2.02E+11,12,9,2024,14:15,1,2B,2B314,1,1,1,6,Informations,42,
2.02E+11,6,2,2024,17:40,3,94,94028,1,1,2,2,A86,48,
2.02E+11,28,7,2024,0:10,5,84,84003,2,1,1,1,Rue Saint-Lazare,43,
2.02E+11,18,1,2024,0:15,5,93,93048,2,1,8,6,Avenue Pasteur,48,
2.02E+11,6,2,2024,7:30,4,94,94017,1,1,8,5,A4,48,
2.02E+11,20,12,2024,8:00,1,1,1249,2,1,1,5,Pont,45,
2.02E+11,4,2,2024,21:10,5,988,98818,2,3,1,3,VOIE DE DEGAGEMENT EST/Rue De Charleroi,-22,
2.02E+11,27,10,2024,9:30,1,69,69003,2,6,7,1,Quai de Villevert,45,
2.02E+11,5,2,2024,16:45,1,974,97409,1,1,1,4,RN2 SENS STE SUZANNE ST BENOIT,-20,
2.02E+11,5,2,2024,16:00,1,973,97302,1,1,1,2,ROUTE NATIONALE 3,4,
2.02E+11,18,11,2024,19:40,5,75,75107,2,2,2,3,AVENUE BOSQUET,48,
2.02E+11,5,2,2024,14:15,1,972,97213,1,1,1,2,AUTOROUTE (A1),14,
2.02E+11,18,11,2024,11:40,1,75,75107,2,3,2,3,RUE DE L UNIVERSITE,48,
2.02E+11,3,2,2024,21:10,3,971,97101,2,1,1,4,PATRICK SAINT ELOI ( AVENUE ),16,
2.02E+11,18,11,2024,17:40,5,94,94041,2,3,2,6,Rue Ernest Renan,48,
2.02E+11,5,2,2024,19:17,5,971,97105,2,1,1,6,CHARLES DE GAULLE (BD DU GENERAL),15,
2.02E+11,4,12,2024,18:15,3,34,34024,1,3,1,1,RD2,43,
2.02E+11,5,2,2024,13:30,1,95,95585,2,1,1,6,BAUVES (RUE DES),48,
2.02E+11,17,11,2024,15:00,1,95,95197,2,1,1,6,D928,48,
2.02E+11,16,11,2024,9:19,1,77,77449,2,1,1,6,RD 345,48,
2.02E+11,4,2,2024,7:58,2,87,87085,1,3,5,1,RN520,45,
2.02E+11,16,11,2024,17:15,1,32,32013,2,7,1,7,MASSENA (RUE),43,
2.02E+11,2,2,2024,15:58,1,87,87050,1,1,1,6,DE NIEUL (CHEMIN),45,
2.02E+11,25,10,2024,11:40,1,13,13056,2,3,7,6,DOUMER QUAI PAUL,43,
2.02E+11,2,2,2024,9:04,1,87,87085,2,3,1,3,PETINIAUD DUBOS (RUE),45,
2.02E+11,28,10,2024,17:00,1,74,74116,1,1,1,2,A410,46,
2.02E+11,12,11,2024,19:37,5,74,74012,2,1,1,7,ETREMBIERES (ROUTE D'),46,
2.02E+11,31,10,2024,13:00,1,74,74010,1,1,1,7,D16,45,
2.02E+11,4,2,2024,4:50,5,86,86194,2,2,1,3,Avenue du Plateau des Glières,46,
2.02E+11,1,2,2024,10:00,1,83,83126,2,3,1,3,RENOIR (AV AUGUSTE),43,
2.02E+11,2,11,2024,14:55,1,74,74035,1,2,1,1,D910,45,
2.02E+11,5,2,2024,16:10,1,80,80001,2,1,1,6,69 Rue Saint Vulfran,50,
2.02E+11,31,10,2024,12:40,1,74,74056,1,1,1,1,Route des montets,45,
2.02E+11,5,11,2024,10:50,1,74,74027,1,1,1,7,D909,45,
2.02E+11,31,10,2024,18:15,5,74,74010,2,6,1,3,Avenue des trois fontaines (Seynod),45,
2.02E+11,31,10,2024,8:37,1,74,74225,2,1,1,1,Avenue de l'Arcalod,45,
2.02E+11,5,2,2024,19:35,5,77,77288,2,1,1,3,HIPPOLYTE ROSSIGNOL  (QUAI),48,
2.02E+11,27,10,2024,18:36,5,74,74211,2,2,1,3,1963 Route de la roche-sur-foron,46,
2.02E+11,5,2,2024,11:40,1,77,77059,1,1,1,3,GUERMANTES  (RUE DE  ),48,
2.02E+11,17,10,2024,9:40,1,43,43157,2,9,8,7,Rue Louis Pascal,45,
2.02E+11,17,10,2024,4:45,3,43,43211,1,1,2,7,Route de Pont Lignon,45,
2.02E+11,12,10,2024,20:45,3,43,43162,1,1,6,6,D103,45,
2.02E+11,5,2,2024,12:40,1,76,76322,2,3,1,6,Avenue des Canadiens,49,
2.02E+11,11,10,2024,15:45,1,43,43157,1,6,1,6,D373,45,
2.02E+11,4,2,2024,1:40,5,76,76351,2,2,2,1,AMIRAL COURBET,49,
2.02E+11,30,9,2024,16:20,1,2B,2B033,2,1,1,4,11 - RT,42,
2.02E+11,5,2,2024,18:20,5,69,69256,2,1,1,1,10 Rue du 19 Mars 1962,45,
2.02E+11,27,9,2024,16:14,1,2B,2B037,1,1,1,6,TOUTES RUES,42,
2.02E+11,5,2,2024,11:05,1,69,69264,2,1,1,6,Route de Frans,45,
2.02E+11,25,10,2024,9:30,1,50,50395,1,1,2,1,RD 26,49,
2.02E+11,4,2,2024,17:25,2,69,69276,2,9,1,3,Route de Vénissieux,45,
2.02E+11,30,8,2024,20:45,4,972,97213,2,1,1,6,ROUTE NATIONALE 5,14,
2.02E+11,4,2,2024,2:00,5,69,69199,2,1,1,3,Rue Emile Zola,45,
2.02E+11,3,2,2024,11:40,1,67,67043,2,1,1,6,BISCHWILLER (ROUTE DE),48,
2.02E+11,27,12,2024,19:30,5,77,77018,2,1,1,3,BD DE L EUROPE,48,
2.02E+11,5,2,2024,9:10,1,64,64102,2,1,1,6,CHALIBARDON (RUE),43,
2.02E+11,25,12,2024,0:43,5,974,97415,2,1,1,6,Chemin Champ de Merle,-21,
2.02E+11,4,2,2024,19:17,5,64,64102,2,1,1,2,LABOURD (PONT DU),43,
2.02E+11,18,12,2024,15:20,1,26,26301,2,6,1,3,Route de Valence,45,
2.02E+11,5,2,2024,20:40,4,63,63113,2,1,1,6,MARCHADIER (RUE ROBERT),45,
2.02E+11,18,5,2024,18:00,1,85,85284,1,2,1,3,RD32,46,
2.02E+11,5,2,2024,13:59,1,63,63113,2,2,1,3,DORMOY (AVENUE MARX),45,
2.02E+11,24,12,2024,14:10,1,27,27103,2,1,1,6,Rue de Rouen,49,
2.02E+11,21,8,2024,18:45,1,91,91103,2,6,1,6,RUE ALBERT CAMUS,48,
2.02E+11,31,1,2024,22:50,5,62,62667,2,2,2,3,Rue Carnot,50,
2.02E+11,9,8,2024,2:00,5,91,91174,2,9,1,6,AVENUE SERGE DASSAULT,48,
2.02E+11,5,2,2024,18:40,1,59,59350,2,1,1,3,Rue des Postes,50,
2.02E+11,5,2,2024,6:35,5,59,59350,2,2,8,3,Rue Colbert,50,
2.02E+11,18,10,2024,0:15,3,50,50003,2,1,1,6,Route de Saint Malo de la Lande,49,
2.02E+11,3,2,2024,16:30,1,52,52121,2,1,2,7,ALPHANDERY (RUE) IMPAIR,48,
2.02E+11,16,10,2024,5:50,3,50,50209,1,1,2,6,Route du Vast,49,
2.02E+11,5,2,2024,19:54,5,51,51573,2,1,1,3,VINGT NEUF AOUT 44 (AVENUE DU),49,
2.02E+11,24,6,2024,16:24,1,57,57194,1,1,1,5,Autoroute A31,49,
2.02E+11,4,2,2024,21:00,5,51,51454,2,1,2,1,LABERTE (RUE ADOLPHE),49,
2.02E+11,24,12,2024,17:40,5,93,93010,2,7,8,3,CARROUGES (CHEMIN DES),48,
2.02E+11,2,2,2024,16:37,1,49,49007,2,1,1,3,DE LATTRE DE TASSIGNY,47,
2.02E+11,29,12,2024,19:30,3,60,60288,1,1,5,6,D150,49,
2.02E+11,5,2,2024,18:00,5,37,37261,2,1,8,2,FOUCAULD (RUE CHARLES DE),47,
2.02E+11,27,12,2024,9:30,1,988,98812,1,9,1,2,Lieu dit Karembe,-20,
2.02E+11,19,12,2024,23:30,3,11,11145,1,1,6,6,N/A,43,
2.02E+11,4,2,2024,18:10,2,37,37261,2,2,8,3,PREUILLY (BOULEVARD),47,
2.02E+11,5,2,2024,7:45,2,34,34129,2,1,1,6,FIGUIERES (AVENUE DE),43,
2.02E+11,27,12,2024,11:30,1,42,42149,1,1,1,1,D115,45,
2.02E+11,19,11,2024,0:46,3,94,94073,1,1,2,6,A86,48,
2.02E+11,5,2,2024,16:20,1,31,31555,2,3,1,3,SEJOURNE (AV PAUL) DU 1AU 16,43,
2.02E+11,5,2,2024,12:15,1,31,31555,2,1,1,6,PL JEANNE D ARC,43,
2.02E+11,30,5,2024,22:10,3,91,91228,2,2,2,3,BD CHAMPS ELYSEES 198,48,
2.02E+11,3,5,2024,16:30,1,91,91228,2,1,1,6,RUE DU BOIS BRIARD,48,
2.02E+11,5,2,2024,14:15,1,29,29232,2,1,1,3,Avenue de la France Libre,48,
2.02E+11,28,4,2024,8:50,1,91,91136,2,9,2,1,Route de Villebon,48,
2.02E+11,5,2,2024,16:05,1,29,29019,2,7,1,3,avenue Victor Le Gorgeu,48,
2.02E+11,5,2,2024,14:15,1,25,25462,2,1,1,3,DOUBS DE (DU 0 AU 24),46,
2.02E+11,24,4,2024,19:50,1,91,91648,1,1,1,5,D26,48,
2.02E+11,5,2,2024,7:15,5,25,25462,2,2,1,6,GARE (DE LA),46,
2.02E+11,31,8,2024,23:15,3,38,38053,2,1,1,2,BOIS MARTEL,45,
2.02E+11,3,2,2024,16:50,1,15,15014,2,1,7,2,Parking Avenue georges Pompidou,44,
2.02E+11,27,8,2024,8:50,1,38,38053,2,6,1,2,ALPES,45,
2.02E+11,5,2,2024,15:10,1,13,13215,2,1,1,3,CAP PINEDE (Avenue),43,
2.02E+11,26,10,2024,3:11,5,74,74002,2,1,1,1,Route d'annecy,45,
2.02E+11,5,2,2024,9:15,1,13,13203,2,1,1,6,MATHIEU STILATTI (RUE),43,
2.02E+11,25,10,2024,15:56,1,74,74280,1,1,1,3,D909,45,
2.02E+11,5,2,2024,16:20,1,13,13005,2,6,1,6,CANIERS (AVENUE DES),43,
2.02E+11,25,10,2024,21:45,5,74,74243,1,1,1,7,A40,46,
2.02E+11,5,2,2024,4:52,5,10,10387,2,6,1,3,Boulevard Georges Pompidou,48,
2.02E+11,24,10,2024,12:15,1,74,74010,2,1,1,1,Rue du champ de la taillée,45,
2.02E+11,24,10,2024,8:45,1,74,74108,2,1,1,6,590 Rte d?Annecy,45,
2.02E+11,5,2,2024,20:50,5,6,6088,2,2,1,3,Avenue Georges Clemenceau,43,
2.02E+11,24,10,2024,10:20,1,74,74056,2,1,1,6,42 Route des bossons,45,
2.02E+11,5,2,2024,12:50,1,5,5061,1,1,1,7,RN85,44,
2.02E+11,21,10,2024,19:40,3,74,74250,1,1,1,4,A40,46,
2.02E+11,23,1,2024,16:25,1,5,5061,2,6,1,3,EMILE DIDIER ( AV ),44,
2.02E+11,17,10,2024,7:07,2,74,74118,1,1,2,4,A40,46,
2.02E+11,5,2,2024,19:15,5,75,75106,2,2,1,6,BOULEVARD SAINT MICHEL,48,
2.02E+11,21,10,2024,16:20,1,74,74185,1,3,1,3,808 Route du saleve,46,
2.02E+11,5,2,2024,14:55,1,75,75112,2,1,1,2,AVENUE DE SAINT MAURICE,48,
2.02E+11,14,10,2024,17:30,1,74,74010,1,1,1,1,Avenue d'aix-les-bains,45,
2.02E+11,5,2,2024,9:30,1,75,75111,2,3,1,3,AVENUE PARMENTIER,48,
2.02E+11,13,10,2024,20:30,3,74,74295,1,1,8,1,RD 902,46,
2.02E+11,5,2,2024,8:15,1,75,75110,2,4,1,6,BOULEVARD DE MAGENTA,48,
2.02E+11,12,10,2024,3:20,4,74,74262,1,1,5,2,A40,46,
2.02E+11,5,2,2024,6:56,5,75,75107,2,2,1,3,AVENUE DU MARECHAL GALLIENI,48,
2.02E+11,5,2,2024,1:30,5,94,94067,2,3,1,2,Avenue de Paris / Avenue Gambetta,48,
2.02E+11,5,10,2024,1:00,3,74,74282,1,1,1,1,D1203,46,
2.02E+11,5,2,2024,17:06,1,94,94046,2,1,1,6,Rue du Gué aux Aurochs,48,
2.02E+11,1,9,2024,16:00,1,74,74173,2,1,2,6,360 Rue des allobroges,45,
2.02E+11,4,2,2024,14:40,1,94,94019,2,1,1,3,Rue Molière,48,
2.02E+11,4,12,2024,19:10,5,68,68166,2,5,2,3,INDUSTRIE (RUE DE L'),47,
2.02E+11,4,2,2024,7:00,2,93,93078,2,1,2,3,Rue de Paris,48,
2.02E+11,5,12,2024,13:55,1,46,46042,2,1,1,6,JACOBINS (RUE DES),44,
2.02E+11,5,2,2024,17:00,1,93,93064,2,2,1,3,Rue du Bel Air / Rue des 2 communes,48,
2.02E+11,5,2,2024,8:50,1,93,93013,2,3,1,3,Rue Edouard Vaillant / Rue Castelnau,48,
2.02E+11,13,1,2024,9:30,1,94,94046,2,2,1,3,Rue de Normandie / Rue Gabriel Péri,48,
2.02E+11,20,12,2024,11:30,1,38,38175,2,1,1,6,Rue Joliot Curie,45,
2.02E+11,3,2,2024,10:42,1,93,93027,2,2,2,3,Avenue Jean Jaurès / Rue Corneille,48,
2.02E+11,28,11,2024,17:00,1,34,34077,2,3,1,3,M21,43,
2.02E+11,4,2,2024,6:10,5,93,93008,2,1,2,7,Avenue Paul Vaillant - Couturier,48,
2.02E+11,15,6,2024,16:40,1,972,97213,1,1,1,4,ROUTE DEPARTEMENTALE 15,14,
2.02E+11,5,2,2024,7:55,1,92,92012,2,9,1,3,ROBERT SCHUMAN (AVENUE),48,
2.02E+11,15,6,2024,21:30,3,972,97213,1,1,1,3,ROUTE DEPARTEMENTALE 3,14,
2.02E+11,20,6,2024,10:35,1,972,97213,2,6,1,2,ROUTE NATIONALE 1,14,
2.02E+11,23,6,2024,3:29,5,972,97213,1,1,1,1,ROUTE DEPARTEMENTALE 15,14,
2.02E+11,11,6,2024,7:55,1,972,97213,1,1,1,1,ROUTE DEPARTEMENTALE 3 BIS,14,
2.02E+11,7,6,2024,2:20,5,972,97213,2,6,1,6,ROUTE DEPARTEMENTALE 15,14,
2.02E+11,8,6,2024,8:00,1,59,59305,1,1,1,2,AUTOROUTE A25,50,
2.02E+11,20,9,2024,16:15,1,43,43040,2,1,1,6,rue gustave eiffel,45,
2.02E+11,28,12,2024,17:50,3,2,2359,1,1,5,6,N/A,49,
2.02E+11,27,10,2024,16:15,1,73,73151,1,3,7,1,D201 Route des Marches,45,
2.02E+11,26,10,2024,14:05,1,73,73213,1,1,1,6,Autoroute A43 - PK 096.600,45,
2.02E+11,22,6,2024,10:25,1,84,84089,1,2,1,4,Route de la Bonde,43,
2.02E+11,27,9,2024,17:30,1,84,84086,1,9,1,4,D900,43,
2.02E+11,25,10,2024,17:00,1,19,19058,1,1,8,6,D47,45,
2.02E+11,6,11,2024,4:00,3,19,19274,2,1,5,2,avenue du griffolet,45,
2.02E+11,24,10,2024,16:35,1,19,19106,1,3,1,7,Barrierot,45,
2.02E+11,5,8,2024,17:35,1,19,19228,2,9,1,3,18 Le Bourg,45,
2.02E+11,11,11,2024,18:30,5,42,42218,2,1,8,5,Rue de la Montat,45,
2.02E+11,29,11,2024,16:00,1,68,68149,1,6,1,2,ALSACE ( AVENUE ),47,
2.02E+11,22,8,2024,21:10,1,33,33281,1,3,1,6,N/A,44,
2.02E+11,28,8,2024,13:00,1,27,27082,1,1,1,1,D830,49,
2.02E+11,16,12,2024,12:30,1,77,77111,2,1,1,2,D344,48,
2.02E+11,9,12,2024,11:50,1,45,45075,2,1,1,3,1 Rue d'Aquitaine,47,
2.02E+11,13,9,2024,17:45,1,28,28033,2,2,1,7,Rue Saint-exupéry,48,
2.02E+11,22,8,2024,21:00,2,84,84031,2,1,1,2,OLIVIERS ALLEE DES,44,
2.02E+11,11,7,2024,15:45,1,84,84015,1,1,1,3,D974,44,
2.02E+11,3,6,2024,16:15,1,78,78621,2,1,1,2,TEISSERENC DE BORD (RUE),48,
2.02E+11,2,6,2024,5:25,5,77,77216,2,3,8,2,RUE WILSON,48,
2.02E+11,3,6,2024,11:39,1,77,77186,1,6,1,3,RD606. de la rochette à l'obélisque,48,
2.02E+11,2,6,2024,13:00,1,76,76575,2,3,1,3,Rue Ernest Renan,49,
2.02E+11,2,6,2024,21:50,2,76,76351,2,2,1,7,LIEUTENANT CLERIVET,49,
2.02E+11,3,6,2024,2:30,4,76,76341,2,1,1,7,ORCHER,49,
2.02E+11,1,6,2024,3:05,5,76,76351,2,6,1,7,FRISSARD (QUAI),49,
2.02E+11,3,6,2024,11:25,1,74,74012,2,1,1,2,DE GAULLE (AVENUE CHARLES),46,
2.02E+11,10,5,2024,17:35,1,73,73065,2,2,1,3,MONTMELIAN (FAUBOURG),45,
2.02E+11,1,6,2024,14:40,1,72,72181,1,9,1,3,LATTRE DE TASSIGNY MARECHAL DE (BD),48,
2.02E+11,3,6,2024,8:15,1,71,71540,2,9,1,2,CENTRE A CENTRE (ROUTE),46,
2.02E+11,3,6,2024,10:10,1,64,64445,2,2,1,1,CHAMPETIER DE RIBES,43,
2.02E+11,3,6,2024,8:50,1,64,64445,2,1,7,6,MARGUERITE LABORDE,43,
2.02E+11,2,6,2024,11:10,1,64,64445,2,1,1,6,PAIX,43,
2.02E+11,18,5,2024,0:39,5,64,64122,2,1,1,6,CHAPELET (RUE),43,
2.02E+11,2,6,2024,13:10,1,64,64122,2,3,1,3,MAYOL DE SENILLOSA (BD),43,
2.02E+11,11,5,2024,20:55,1,62,62065,2,1,1,7,Rue des Atrebates,50,
2.02E+11,3,6,2024,18:25,1,62,62193,2,1,1,2,Avenue Antoine de Saint Exupéry,50,
2.02E+11,3,6,2024,8:20,1,59,59599,2,1,1,6,Place de la Victoire,50,
2.02E+11,25,5,2024,17:50,1,59,59350,2,1,1,5,Rue Maurice Berteaux,50,
2.02E+11,3,6,2024,12:40,1,51,51454,2,1,1,3,EUROPE (AVENUE DE L'),49,
2.02E+11,3,6,2024,14:30,1,51,51454,2,3,1,2,WITRY (ROUTE DE),49,
2.02E+11,3,6,2024,12:15,1,51,51454,2,3,1,3,BREBANT (AVENUE) DU 1 A 86,49,
2.02E+11,2,6,2024,9:20,1,51,51058,2,1,2,6,RUE LOUIS RENAULT,49,
2.02E+11,2,6,2024,12:35,1,50,50147,1,1,1,1,ROCADE NORD,49,
2.02E+11,1,6,2024,13:38,1,46,46042,1,1,2,3,Départementale 820,44,
2.02E+11,4,6,2024,1:30,3,45,45068,1,1,1,6,D2007 PR 15 + 972,48,
2.02E+11,3,6,2024,16:40,1,44,44109,2,6,1,6,65 Boulevard Lelasseur,47,
2.02E+11,3,6,2024,12:30,1,43,43089,2,1,1,7,22 Avenue de la Mairie,45,
2.02E+11,11,5,2024,23:23,5,42,42218,2,2,1,3,Boulevard Fredo Krumnow,45,
2.02E+11,3,6,2024,8:00,1,37,37122,2,1,1,3,LAVOISIER (RUE),47,
2.02E+11,3,6,2024,10:25,1,35,35238,2,6,7,3,FORCES FRANCAISES DE L'ONU (ROND POINT),48,
2.02E+11,2,6,2024,13:45,1,34,34032,1,2,1,2,RD.11,43,
2.02E+11,3,6,2024,13:50,1,33,33281,2,1,1,2,N/A,44,
2.02E+11,3,6,2024,12:05,1,33,33318,2,1,1,2,N/A,44,
2.02E+11,3,6,2024,13:45,1,33,33529,2,1,1,6,N/A,44,
2.02E+11,3,6,2024,23:35,3,31,31555,2,1,1,3,RTE DE SAINT SIMON,43,
2.02E+11,3,6,2024,18:00,1,31,31069,2,1,1,2,BRASSENS (AV GEORGES),43,
2.02E+11,3,6,2024,7:20,1,31,31555,2,1,1,3,RTE D ESPAGNE,43,
2.02E+11,3,6,2024,10:20,1,30,30007,2,1,1,1,MAS D'HOURS (QUAI DU),44,
2.02E+11,3,6,2024,10:25,1,28,28134,2,1,1,6,VIEUX PRE (PLACE DU),48,
2.02E+11,3,6,2024,16:30,1,27,27229,2,2,1,3,BUZOT (RUE),49,
2.02E+11,3,6,2024,15:25,1,27,27229,2,1,1,3,DUCY (RUE HENRI),49,
2.02E+11,3,6,2024,12:22,1,17,17300,2,3,1,6,LECLERC   AVENUE DU GENERAL,46,
2.02E+11,3,6,2024,18:20,1,16,16358,2,6,1,3,N/A,45,
2.02E+11,1,6,2024,17:20,1,15,15012,2,1,1,2,RD 320,44,
2.02E+11,3,6,2024,13:05,1,13,13117,1,3,1,3,LONDRES (AVENUE DE),43,
2.02E+11,3,6,2024,11:40,1,13,13205,2,2,1,3,SAINTE CECILE (RUE),43,
2.02E+11,3,6,2024,12:00,1,13,13208,2,1,1,3,PRADO (AVENUE DU),43,
2.02E+11,3,6,2024,18:50,1,13,13047,2,6,1,3,FELIX GOUIN AVENUE,43,
2.02E+11,3,6,2024,17:30,1,7,7281,2,1,1,3,REPUBLIQUE (RUE DE LA),44,
2.02E+11,3,6,2024,7:26,1,6,6088,2,1,1,6,40 Avenue du Ray,43,
2.02E+11,3,6,2024,9:20,1,3,3185,2,2,1,3,GUESDE ( AVENUE JULES ),46,
2.02E+11,3,6,2024,10:10,1,1,1053,2,3,1,3,VICAIRE (RUE GABRIEL),46,
2.02E+11,2,6,2024,22:00,5,75,75116,2,1,1,7,BD PERIPHERIQUE EXTERIEUR,48,
2.02E+11,3,6,2024,10:10,1,75,75120,2,3,1,6,RUE DE MENILMONTANT,48,
2.02E+11,3,6,2024,8:50,1,75,75120,2,3,1,6,RUE D AVRON,48,
2.02E+11,1,6,2024,22:17,5,75,75114,2,2,2,3,AVENUE DE LA PORTE DE CHATILLON,48,
2.02E+11,1,6,2024,10:12,1,75,75120,2,5,2,6,RUE DES PYRENEES,48,
2.02E+11,3,6,2024,15:25,1,75,75110,2,4,1,6,RUE LA FAYETTE,48,
2.02E+11,3,6,2024,12:55,1,75,75109,2,3,1,1,RUE DE CLICHY,48,
2.02E+11,3,6,2024,15:02,1,75,75107,2,3,1,6,AVENUE DE LA BOURDONNAIS,48,
2.02E+11,3,6,2024,8:45,1,75,75115,2,1,1,3,RUE GASTON BOISSIER,48,
2.02E+11,3,6,2024,19:15,1,75,75101,2,2,1,2,RUE CAMBON,48,
2.02E+11,2,6,2024,2:50,5,94,94067,2,2,1,3,Avenue de Paris / Avenue Aubert,48,
2.02E+11,3,6,2024,7:30,1,94,94068,2,2,1,3,Avenue François Adam / Rue du Docteur Roux,48,
2.02E+11,3,6,2024,14:25,1,94,94041,2,2,1,6,Rue Pierre et Marie Curie / Avenue de Verdun,48,
2.02E+11,2,6,2024,21:17,1,94,94076,2,1,1,6,Rue Marcel Grosménil,48,
2.02E+11,3,6,2024,15:30,1,94,94019,2,6,1,6,Rue Rabelais / Route du Plessis,48,
2.02E+11,20,10,2024,15:15,1,52,52093,1,1,1,6,D17,47,
2.02E+11,3,6,2024,11:10,1,94,94075,2,3,1,5,Avenue du Mal de Lattre de Tassigny / Route de la Grange,48,
2.02E+11,16,10,2024,20:14,3,88,88116,1,1,2,7,Route du Menil,47,
2.02E+11,3,6,2024,9:00,1,93,93062,2,2,1,3,Allée des Coteaux / Avenue Thiers,48,
2.02E+11,2,6,2024,21:40,5,93,93057,2,2,1,3,Allée du Colonel Fabien / Allée de l'Enclos Fleury,48,
2.02E+11,20,10,2024,3:30,3,95,95678,1,1,2,6,N184,49,
2.02E+11,2,6,2024,20:19,1,93,93001,2,3,1,3,Rue des Postes / Rue des Quatre Chemins,48,
2.02E+11,20,10,2024,10:15,1,973,97309,2,1,1,6,Route de Montjoly,4,
2.02E+11,3,6,2024,18:40,1,92,92046,2,1,1,6,JULES GUESDE (RUE),48,
2.02E+11,3,6,2024,15:30,1,92,92064,2,9,1,2,GEORGES CLEMENCEAU,48,
2.02E+11,19,10,2024,5:30,1,987,98715,2,1,1,3,RT 1 PK 6.100,-17,
2.02E+11,3,6,2024,21:20,1,92,92050,2,2,1,3,NATIONAL (BOULEVARD),48,
2.02E+11,3,6,2024,2:30,5,92,92051,2,1,1,6,SAINTE FOY (AVENUE),48,
2.02E+11,19,10,2024,21:45,3,69,69027,2,3,1,6,Route Départementale 342,45,
2.02E+11,3,6,2024,18:30,1,92,92050,2,3,1,3,SAINT CLOUD RUE DE,48,
2.02E+11,3,6,2024,11:01,1,92,92023,2,1,1,6,NORMANDIE (RUE DE),48,
2.02E+11,19,10,2024,11:45,1,72,72175,1,3,1,7,D 13,47,
2.02E+11,3,6,2024,14:50,1,92,92007,2,1,1,6,HUGO (AVENUE VICTOR),48,
2.02E+11,16,10,2024,9:00,1,971,97125,2,1,1,2,Chemin militaire,16,
2.02E+11,4,6,2024,18:40,1,50,50027,1,2,8,3,La Chauviniere,48,
2.02E+11,4,6,2024,5:30,2,6,6054,1,1,1,6,Ligne de Nice à Breil-sur-Roya (Pont),43,