Num_Acc,jour,mois,an,hrmn,lum,dep,com,agg,int,atm,col,adr,lat,long
2.02E+11,20,10,2024,15:00,1,33,33199,2,1,1,1,N/A,44,
2.02E+11,4,6,2024,15:34,1,95,95480,2,1,1,6,D4,49,
2.02E+11,19,10,2024,1:30,3,91,91671,2,1,2,6,D191,48,
2.02E+11,4,6,2024,13:40,1,95,95052,2,9,1,6,D78,49,
2.02E+11,20,10,2024,14:30,1,66,66171,2,1,1,3,Boulevard Aristide Maillol,42,
2.02E+11,3,6,2024,13:30,1,49,49188,1,1,1,7,La Croix des Landes,47,
2.02E+11,19,10,2024,22:00,3,66,66037,1,1,1,6,RD 617,42,
2.02E+11,3,6,2024,10:45,1,63,63349,1,1,5,3,lafont,45,
2.02E+11,19,10,2024,7:10,3,34,34067,1,1,2,6,D 4,43,
2.02E+11,3,6,2024,15:20,1,62,62166,1,1,1,3,D916,50,
2.02E+11,4,6,2024,7:15,1,83,83018,1,1,1,6,D13 PK 2.400,43,
2.02E+11,19,10,2024,16:21,1,5,5038,1,1,2,6,D902,44,
2.02E+11,20,10,2024,12:00,1,4,4197,2,1,1,6,rd 4096,43,
2.02E+11,3,6,2024,14:30,1,30,30047,1,3,1,2,D6113,43,
2.02E+11,20,10,2024,9:00,1,3,3187,1,1,1,6,Route de Gayette,46,
2.02E+11,4,6,2024,9:45,1,56,56158,1,6,1,3,giratoire Kroashent-tro Flumir,47,
2.02E+11,3,6,2024,10:15,1,77,77239,1,2,1,3,D231,48,
2.02E+11,15,5,2024,23:50,4,61,61211,2,1,1,6,D827,48,
2.02E+11,20,10,2024,14:05,1,1,1396,1,1,1,5,D122,45,
2.02E+11,4,6,2024,20:00,1,55,55010,1,1,1,6,Chemin de Chancenay,48,
2.02E+11,3,6,2024,18:10,1,49,49167,1,1,1,1,Route des Coteaux,47,
2.02E+11,19,10,2024,15:25,1,17,17308,2,2,1,4,Avenue de Villeneuve,45,
2.02E+11,3,6,2024,20:28,2,25,25620,1,1,2,1,D437,47,
2.02E+11,4,6,2024,12:50,1,25,25482,1,1,1,6,D67,47,
2.02E+11,18,10,2024,23:30,3,40,40244,1,1,2,6,D824,43,
2.02E+11,20,10,2024,6:30,3,24,24382,1,1,1,6,Route de Sarlat,44,
2.02E+11,2,6,2024,15:50,1,44,44092,2,1,1,4,1 Rue de la Grotte,47,
2.02E+11,3,6,2024,16:45,1,7,7010,1,3,7,3,Avenue Ferdinand Janvier,45,
2.02E+11,2,6,2024,22:50,5,40,40267,2,1,1,6,37 Allées Gaston Phoebus,43,
2.02E+11,19,10,2024,21:00,3,50,50294,1,1,1,6,D352,49,
2.02E+11,3,6,2024,12:20,1,24,24291,1,1,1,3,124 Route de Sarlat,45,
2.02E+11,20,10,2024,4:26,3,80,80105,1,2,1,3,D930,49,
2.02E+11,4,6,2024,17:00,1,30,30268,1,1,1,3,970 Route Departementale 59,44,
2.02E+11,2,6,2024,10:30,1,8,8449,1,1,1,6,N/A,49,
2.02E+11,27,9,2024,19:00,1,69,69273,1,1,1,5,Route Départementale 301,45,
2.02E+11,4,6,2024,8:36,1,6,6088,1,1,1,7,A8 PK 193.050,43,
2.02E+11,3,6,2024,11:45,1,974,97417,2,1,1,4,16b ravine ango,-21,
2.02E+11,4,6,2024,13:15,1,974,97408,1,1,1,3,N1,-20,
2.02E+11,18,10,2024,17:13,1,92,92064,1,1,1,2,A13,48,
2.02E+11,18,10,2024,13:18,1,92,92036,1,1,8,2,A86,48,
2.02E+11,3,6,2024,18:25,1,78,78590,1,1,1,3,D149,48,
2.02E+11,3,6,2024,12:35,1,13,13081,1,1,1,1,D21,43,
2.02E+11,28,5,2024,11:02,1,40,40294,1,1,1,6,Route de Saint Pandelon,43,
2.02E+11,18,10,2024,22:45,5,95,95277,1,1,1,2,D170 ,48,
2.02E+11,3,6,2024,12:00,1,33,33219,1,2,1,2,N/A,44,
2.02E+11,3,6,2024,17:20,1,33,33535,1,1,1,3,N/A,44,
2.02E+11,18,10,2024,15:20,1,77,77363,1,1,8,3,A104.INT,48,
2.02E+11,2,6,2024,10:30,1,50,50599,2,1,1,6,48 Les Amonteux,49,
2.02E+11,18,10,2024,20:00,5,69,69382,2,1,1,3,4 Quai Jules Courmont,45,
2.02E+11,3,6,2024,6:35,2,14,14646,1,2,1,3,D247,48,
2.02E+11,18,10,2024,12:05,1,69,69034,2,2,1,3,Avenue Général de Gaulle,45,
2.02E+11,3,6,2024,19:27,1,22,22299,1,2,1,3,Le Bois du Rocher,48,
2.02E+11,3,6,2024,12:15,1,22,22162,2,1,1,2,Rue de Penvern,48,
2.02E+11,18,10,2024,19:41,5,2B,2B033,2,6,1,3,AV DE LA LIBERATION,42,
2.02E+11,31,5,2024,15:25,1,67,67482,1,1,1,2,M35,48,
2.02E+11,8,10,2024,12:25,1,971,97113,1,1,2,7,Pont de BLANCHARD,16,
2.02E+11,3,6,2024,23:17,3,33,33122,1,1,1,2,N/A,44,
2.02E+11,31,5,2024,6:25,1,59,59343,1,1,1,6,AUTOROUTE A1,50,
2.02E+11,16,10,2024,7:47,1,971,97101,1,3,1,3,ROUTE DE BOISVINS,16,
2.02E+11,3,6,2024,20:05,1,94,94038,1,1,1,3,A6A,48,
2.02E+11,18,10,2024,11:37,1,2A,2A004,2,1,1,3,#Residence des Fleurs#,41,
2.02E+11,3,6,2024,7:30,1,94,94034,1,1,1,2,A86,48,
2.02E+11,18,10,2024,10:50,1,91,91689,1,3,8,3,RTE DE MONTJEAN,48,
2.02E+11,3,6,2024,8:00,1,92,92036,1,1,1,3,A86,48,
2.02E+11,3,6,2024,6:00,2,92,92064,1,1,1,3,A13,48,
2.02E+11,18,10,2024,11:05,1,91,91657,2,1,8,3,AV HENRI BARBUSSE,48,
2.02E+11,1,6,2024,17:52,1,78,78362,1,1,1,7,A13,48,
2.02E+11,18,10,2024,6:45,3,91,91691,2,1,2,1,GERMAINE(RUE),48,
2.02E+11,31,5,2024,22:45,3,78,78208,1,1,2,7,RN12 INT,48,
2.02E+11,17,10,2024,22:43,5,88,88413,2,1,1,2,Rue des 4 Fréres MOUGEOTTE,48,
2.02E+11,2,6,2024,3:40,4,95,95582,1,1,2,6,A15,48,
2.02E+11,18,10,2024,20:33,5,86,86194,2,2,1,3,Boulevard Bajon,46,
2.02E+11,11,4,2024,9:18,1,44,44114,2,1,8,5,N/A,47,
2.02E+11,11,4,2024,12:48,1,44,44109,2,1,1,6,Boulevard Bâtonnier Cholet,47,
2.02E+11,18,10,2024,8:00,1,84,84007,2,1,8,2,EUROPE (PONT DE L'),43,
2.02E+11,9,4,2024,23:39,5,44,44143,2,6,1,7,74 Rue de la Chaussée,47,
2.02E+11,18,10,2024,18:00,1,81,81065,1,1,8,6,LAUTREC RD 83 (RTE DE),43,
2.02E+11,9,4,2024,14:31,1,44,44109,2,3,8,3,36 Rue de Gigant,47,
2.02E+11,18,10,2024,18:40,2,80,80021,1,1,1,7,Chaussée Saint-Pierre,49,
2.02E+11,9,4,2024,7:35,1,44,44109,2,6,1,3,Route de Vannes,47,
2.02E+11,9,4,2024,8:40,1,44,44143,2,1,1,7,68 Rue Camille Claudel,47,
2.02E+11,8,4,2024,9:49,1,44,44109,2,1,8,6,55 boulevard paul chabas,47,
2.02E+11,8,9,2024,23:10,3,78,78217,2,9,3,6,ROUTE DE SEPTEUIL,48,
2.02E+11,5,4,2024,7:08,2,44,44162,2,6,1,3,Rond-Point des Moulinets,47,
2.02E+11,26,5,2024,10:45,1,62,62193,2,1,1,6,Boulevard du Général de Gaulle,50,
2.02E+11,18,10,2024,20:15,5,78,78297,2,1,8,7,WRIGHT (RUE FRANCK-LLOYD),48,
2.02E+11,2,6,2024,13:20,1,974,97416,2,1,1,2,PRESIDENT MITTERAND(AVENUE),-21,
2.02E+11,18,10,2024,17:50,1,78,78644,2,1,8,2,NOES  (AVENUE DES),48,
2.02E+11,2,6,2024,20:10,1,69,69388,2,2,1,3,Rue Saint Gervais,45,
2.02E+11,27,5,2024,14:20,1,69,69034,2,1,1,3,53 Quai Clemenceau,45,
2.02E+11,2,6,2024,5:40,5,69,69382,2,2,1,3,Quai Perrache,45,
2.02E+11,17,10,2024,17:30,1,77,77269,1,2,1,3,D408,48,
2.02E+11,2,6,2024,15:42,1,2A,2A004,2,3,1,3,SAMPIERO BD,41,
2.02E+11,2,6,2024,14:00,1,95,95574,2,1,1,3,D192P,49,
2.02E+11,17,10,2024,16:30,1,77,77251,2,1,1,6,BD VICTOR SCHOELCHER,48,
2.02E+11,1,6,2024,17:45,1,84,84080,1,1,1,1,BEAUREGARD CHEMIN DE,44,
2.02E+11,18,10,2024,5:45,3,77,77186,1,1,2,6,RD152,48,
2.02E+11,2,6,2024,19:30,1,83,83126,2,6,1,3,RENOIR (AV AUGUSTE),43,
2.02E+11,2,6,2024,11:16,1,79,79329,2,2,1,3,N/A,46,
2.02E+11,2,6,2024,20:30,1,76,76026,2,6,1,1,ROUTE DE SAINT NICOLAS,49,
2.02E+11,2,6,2024,11:30,1,73,73065,2,6,1,3,D991 / PIOCHET (RUE DU),45,
2.02E+11,18,10,2024,5:20,5,74,74012,2,9,2,6,ZOLA (RUE EMILE),46,
2.02E+11,2,6,2024,13:20,1,69,69266,2,2,2,3,Rue Jules Kumer,45,
2.02E+11,1,6,2024,16:20,1,69,69091,2,9,1,3,Rue de la Paix,45,
2.02E+11,2,6,2024,2:15,5,66,66136,2,1,1,6,Avenue Maréchal Joffre,42,
2.02E+11,17,10,2024,18:15,2,72,72181,2,3,2,3,ROSTOV SUR LE DON (RUE) N° PAIRS,48,
2.02E+11,1,6,2024,10:00,1,65,65286,2,1,1,6,Rue du Docteur Bouriot,43,
2.02E+11,2,6,2024,16:25,1,64,64445,2,1,1,2,ESPALUNGUE D',43,
2.02E+11,17,10,2024,19:45,5,71,71270,2,1,2,7,FONTAINE (RUE DE LA),46,
2.02E+11,18,10,2024,18:20,1,71,71445,1,6,8,3,ORLANS (ROND POINT DES),46,
2.02E+11,2,6,2024,19:55,1,62,62178,2,1,1,2,D488,50,
2.02E+11,2,6,2024,10:30,1,60,60057,2,9,1,3,Rue du Faubourg Saint-André,49,
2.02E+11,2,6,2024,20:15,1,59,59650,2,1,1,6,Rue Vallon,50,
2.02E+11,18,10,2024,19:54,5,64,64102,2,1,1,1,BERNEDE (RUE),43,
2.02E+11,2,6,2024,15:59,1,57,57487,1,9,1,1,RD157B,49,
2.02E+11,2,6,2024,18:58,1,56,56260,2,1,1,6,Parking Bilaire Rue de Strasbourg,47,
2.02E+11,17,10,2024,15:25,1,64,64102,2,6,3,3,JUPITER (GIRATOIRE),43,
2.02E+11,2,6,2024,12:10,1,44,44162,2,6,1,6,45 Boulevard Marcel Paul,47,
2.02E+11,18,10,2024,19:57,3,63,63113,2,1,2,1,POMPIDOU (BD GEORGES),45,
2.02E+11,2,6,2024,2:20,5,35,35238,2,2,1,3,SERGENT MAGINOT (AVENUE),48,
2.02E+11,18,10,2024,20:50,5,62,62193,2,1,1,3,Avenue Louis Blériot,50,
2.02E+11,2,6,2024,1:26,3,33,33529,1,1,1,1,N/A,44,
2.02E+11,18,10,2024,14:00,1,59,59599,2,7,1,6,HASSEBROUCQ (PLACE VICTOR),50,
2.02E+11,2,6,2024,4:45,4,31,31555,2,9,1,6,BD DES MINIMES,43,
2.02E+11,18,10,2024,12:20,1,59,59328,2,1,2,5,HIPPODROME AV DE L N°237 AU389,50,
2.02E+11,2,6,2024,19:10,1,25,25056,2,7,2,3,CASSOTTE  RUE DE LA,47,
2.02E+11,17,10,2024,22:05,5,58,58194,2,1,3,1,MARZY,46,
2.02E+11,31,5,2024,16:30,1,22,22113,1,1,1,2,TREGASTEL (ROUTE DE),48,
2.02E+11,1,6,2024,17:00,1,18,18279,2,1,8,1,92 Route de Tours,47,
2.02E+11,15,10,2024,14:05,1,57,57757,2,3,1,3,GUYNEMER (RUE),49,
2.02E+11,17,10,2024,17:10,1,56,56121,2,6,1,3,Boulevard Eugène Cosmao-Dumanoir,47,
2.02E+11,2,6,2024,13:30,1,13,13054,2,3,1,3,D9 (BRETELLE),43,
2.02E+11,17,10,2024,8:00,2,56,56121,2,6,8,3,Rond-point des Asturies,47,
2.02E+11,2,6,2024,18:35,1,13,13215,2,1,1,3,SAINT ANTOINE (AVENUE DE),43,
2.02E+11,2,6,2024,17:50,1,11,11069,1,1,1,6,N/A,43,
2.02E+11,17,10,2024,16:45,1,54,54547,2,1,1,2,Boulevard de l'Europe,48,
2.02E+11,2,6,2024,18:16,1,10,10297,2,1,1,3,Rue Roger Salengro,48,
2.02E+11,18,10,2024,19:50,5,51,51454,2,1,2,2,HENROT (BOULEVARD HENRI),49,
2.02E+11,2,6,2024,19:35,1,75,75118,2,1,1,4,BD PERIPHERIQUE INTERIEUR,48,
2.02E+11,18,10,2024,11:47,1,51,51454,2,6,8,3,NEUFCHATEL (RUE DE) DU N° 123 A FIN (IMP,49,
2.02E+11,2,6,2024,13:45,1,75,75120,2,3,1,3,PLACE DE LA PORTE DE MONTREUIL,48,
2.02E+11,16,10,2024,17:15,1,51,51454,2,1,1,2,CHAMPAGNE   (  AVENUE DE),49,
2.02E+11,2,6,2024,3:00,5,75,75120,2,2,1,2,RUE DES PYRENEES,48,
2.02E+11,18,10,2024,17:32,1,49,49007,2,1,1,5,LAC DE MAINE AVENUE,47,
2.02E+11,2,6,2024,6:15,2,75,75119,2,2,8,3,PLACE AUGUSTE BARON,48,
2.02E+11,17,10,2024,19:50,5,46,46042,2,9,3,6,GAMBETTA (BOULEVARD LEON) N° PAIR,44,
2.02E+11,2,6,2024,21:11,1,75,75118,2,2,1,3,RUE DU MONT CENIS,48,
2.02E+11,18,10,2024,8:20,2,44,44143,2,1,8,6,123 Rue Jean Fraix,47,
2.02E+11,2,6,2024,20:15,1,75,75117,2,2,1,6,AVENUE DE LA PORTE DE CLICHY,48,
2.02E+11,2,6,2024,6:50,1,75,75115,2,2,1,3,RUE DE LA CROIX NIVERT,48,
2.02E+11,19,10,2024,0:10,3,42,42184,2,9,1,1,Rue Pasteur,46,
2.02E+11,2,6,2024,18:00,1,75,75110,2,2,1,1,BOULEVARD DE STRASBOURG,48,
2.02E+11,2,6,2024,6:30,2,75,75107,2,1,1,6,AVENUE DE VILLARS,48,
2.02E+11,18,10,2024,5:10,3,37,37233,1,1,1,6,LOIRE (LEVEE DE LA),47,
2.02E+11,2,6,2024,0:01,5,75,75107,2,1,8,7,AVENUE DE BRETEUIL,48,
2.02E+11,2,6,2024,16:08,1,94,94081,2,1,2,2,Avenue Rouget de Lisle,48,
2.02E+11,18,10,2024,20:50,5,35,35238,2,6,1,3,ROUTE DE SAINT-MALO,48,
2.02E+11,2,6,2024,18:20,1,94,94002,2,1,1,2,139 Rue Paul Vaillant Couturier,48,
2.02E+11,18,10,2024,16:20,1,35,35238,2,6,1,1,DREZEN (YOUENN),48,
2.02E+11,2,6,2024,19:00,1,93,93066,2,9,1,3,Rue Danielle Casanova / Avenue Paul Vaillant-Couturier,48,
2.02E+11,18,10,2024,18:55,1,34,34172,2,1,1,3,GARRATS (AVENUE DES),43,
2.02E+11,2,6,2024,13:00,1,93,93031,2,9,2,3,Avenue du 18 Juin 1940,48,
2.02E+11,18,10,2024,20:25,3,33,33039,1,1,1,3,N/A,44,
2.02E+11,1,6,2024,19:30,1,93,93001,2,1,1,3,Avenue Victor Hugo,48,
2.02E+11,18,10,2024,13:57,1,33,33063,2,9,1,6,N/A,44,
2.02E+11,2,6,2024,20:57,1,92,92078,2,9,1,3,VERDUN (AVENUE) (PAIRS 92 ET PLUS),48,
2.02E+11,18,10,2024,15:25,1,31,31069,2,1,3,6,BUCHES (RUE DES),43,
2.02E+11,2,6,2024,12:35,1,92,92073,2,1,1,6,CARNOT (RUE),48,
2.02E+11,17,10,2024,18:00,2,29,29232,2,1,1,3,Rond-Point de Becharles,48,
2.02E+11,18,10,2024,23:30,3,26,26362,1,1,2,7,L.A.C.R.A. (RN532),44,
2.02E+11,1,6,2024,19:28,1,92,92049,2,1,3,3,BRIAND AVENUE ARISTIDE AUTRES N°,48,
2.02E+11,18,10,2024,7:45,2,25,25462,1,1,2,1,GRANGES DES,46,
2.02E+11,2,6,2024,17:02,1,92,92026,2,1,1,1,SAINT DENIS BD (120 A 174 / 199 A 315),48,
2.02E+11,18,10,2024,8:13,2,19,19031,2,1,2,6,HERRIOT (AVENUE EDOUARD),45,
2.02E+11,2,6,2024,21:45,1,92,92012,2,1,1,2,GENERAL LECLERC (AVENUE DU) 35/FIN - 60/,48,
2.02E+11,18,10,2024,16:41,1,17,17300,2,1,1,1,LECLERC   AVENUE DU GENERAL,46,
2.02E+11,2,6,2024,20:03,1,92,92012,2,1,1,3,VIEUX PONT DE SEVRES (RUE DU) 100/170 -,48,
2.02E+11,17,10,2024,7:55,2,15,15014,2,3,1,6,Avenue de Tronquières,44,
2.02E+11,3,6,2024,11:55,1,95,95116,1,1,1,6,D924,49,
2.02E+11,18,10,2024,10:50,1,14,14220,2,2,1,6,89 Avenue de la République,49,
2.02E+11,2,6,2024,14:30,1,31,31282,1,1,1,1,Chemin des Sports,43,
2.02E+11,16,10,2024,19:25,5,14,14118,2,1,3,3,88 Rue Chemin Vert,49,
2.02E+11,2,6,2024,0:01,3,972,97227,1,1,2,6,RN5,14,
2.02E+11,10,10,2024,17:35,1,13,13028,2,1,1,3,DULAC (AVENUE GUILLAUME),43,
2.02E+11,18,10,2024,15:50,1,13,13005,2,9,1,3,AVELANEDE (CHEMIN DE L'),43,
2.02E+11,3,6,2024,12:20,1,83,83152,2,1,1,6,RD559 - Avenue du général Bouvet,43,
2.02E+11,18,10,2024,8:05,1,10,10387,2,2,1,3,Avenue des Lombards,48,
2.02E+11,3,6,2024,17:30,1,62,62307,1,1,1,1,D940,50,
2.02E+11,17,10,2024,8:16,1,10,10387,2,3,8,7,ETIENNE PEDRON (RUE),48,
2.02E+11,3,6,2024,19:55,1,22,22341,1,2,1,6,La Lande du Moulin Oury,48,
2.02E+11,17,10,2024,15:14,1,75,75118,2,3,2,3,RUE MARX DORMOY,48,
2.02E+11,2,6,2024,17:15,1,23,23216,1,1,8,6,LE MAS SOUBROT,45,
2.02E+11,17,10,2024,14:25,1,75,75106,2,5,8,6,RUE DE L ANCIENNE COMEDIE,48,
2.02E+11,18,10,2024,18:25,1,75,75119,2,4,8,6,AVENUE SIMON BOLIVAR,48,
2.02E+11,18,10,2024,0:10,5,75,75119,2,2,8,6,BOULEVARD D INDOCHINE,48,
2.02E+11,31,5,2024,12:25,1,35,35024,2,1,1,7,Rue d'Helsinki,48,
2.02E+11,18,10,2024,13:00,1,75,75118,2,1,1,3,RUE LOUIS PASTEUR VALERY RADOT,48,
2.02E+11,18,10,2024,18:35,2,75,75117,2,2,1,3,RUE BOURSAULT,48,
2.02E+11,18,10,2024,18:45,1,75,75116,2,7,1,3,Place de la Porte d'Auteuil,48,
2.02E+11,17,10,2024,11:00,1,75,75115,2,3,2,6,AVENUE EMILE ZOLA,48,
2.02E+11,18,10,2024,14:15,1,75,75110,2,4,1,6,RUE DE NANCY,48,
2.02E+11,18,10,2024,9:40,1,75,75108,2,3,2,2,AVENUE DES CHAMPS ELYSEES,48,
2.02E+11,18,10,2024,3:20,5,75,75109,2,2,3,2,BOULEVARD HAUSSMANN,48,
2.02E+11,18,10,2024,1:30,5,75,75108,2,3,2,7,AVENUE DES CHAMPS ELYSEES,48,
2.02E+11,18,10,2024,15:10,1,75,75104,2,3,2,6,RUE DE LOBAU,48,
2.02E+11,18,10,2024,9:05,2,75,75101,2,7,2,7,PLACE VENDOME,48,
2.02E+11,18,10,2024,1:15,5,75,75102,2,3,2,3,BOULEVARD DE BONNE NOUVELLE,48,
2.02E+11,17,10,2024,18:35,5,75,75101,2,1,2,6,RUE DE MONTPENSIER,48,
2.02E+11,18,10,2024,6:30,3,94,94028,2,1,2,2,Rue de l’Echat,48,
2.02E+11,18,10,2024,8:00,1,94,94018,2,1,2,3,Quai des Carrieres,48,
2.02E+11,18,10,2024,16:00,1,94,94071,2,3,2,1,Rue du Général Leclerc,48,
2.02E+11,17,10,2024,20:00,2,93,93066,2,1,3,3,LANDY(RUE):N° 1 AU 43,48,
2.02E+11,18,10,2024,8:00,1,93,93066,2,1,2,1,LAMAZE DOCTEUR,48,
2.02E+11,18,10,2024,19:40,5,93,93048,2,2,1,3,RESISTANCE (AVENUE DE LA),48,
2.02E+11,18,10,2024,14:20,1,93,93046,2,9,1,6,JEAN MOULIN BOULEVARD,48,
2.02E+11,15,10,2024,9:03,1,92,92073,2,3,1,6,FOUILLEUSE (AVENUE DE),48,
2.02E+11,18,10,2024,10:35,1,92,92064,2,1,2,7,CALVAIRE,48,
2.02E+11,21,10,2024,10:35,1,92,92063,2,3,8,2,ZURICH (RUE DE),48,
2.02E+11,18,10,2024,8:10,1,92,92050,2,1,2,3,BOUVETS BOULEVARD DES,48,
2.02E+11,18,10,2024,12:25,1,92,92036,2,1,2,3,JEAN JAURES (RUE) (35/+),48,
2.02E+11,18,10,2024,10:30,1,92,92036,2,1,1,3,LUCIEN LANTERNIER (AVENUE) (36/70),48,
2.02E+11,18,10,2024,8:00,2,92,92036,2,1,2,2,MARCEL PAUL (AVENUE) (2/50),48,
2.02E+11,17,10,2024,16:15,1,92,92025,2,2,3,3,GABRIEL PERI (RUE),48,
2.02E+11,18,10,2024,18:50,5,92,92007,2,1,1,3,FRANCE (ALLEE ANATOLE),48,
2.02E+11,18,10,2024,15:00,1,39,39364,1,1,8,6,N/A,46,
2.02E+11,18,10,2024,12:25,1,21,21473,1,1,2,3,A31,47,
2.02E+11,19,10,2024,0:30,3,974,97422,1,1,1,6,Rue Charles Baudelaire,-21,
2.02E+11,19,10,2024,1:30,5,974,97404,2,1,1,6,103 Avenue Raymond Barre,-21,
2.02E+11,18,10,2024,18:50,2,27,27306,1,1,1,6,Nationale 1013,49,
2.02E+11,18,10,2024,12:46,1,80,80736,1,1,8,6,Route de Paris,50,
2.02E+11,19,10,2024,14:22,1,12,12165,1,1,1,1,D904,44,
2.02E+11,15,10,2024,15:30,1,46,46080,1,3,1,3,D811,44,
2.02E+11,18,10,2024,19:40,3,25,25390,1,1,5,1,D437,46,
2.02E+11,17,10,2024,22:00,3,44,44169,1,1,1,2,N/A,47,
2.02E+11,18,10,2024,18:45,2,44,44128,1,1,1,2,Béguenette,47,
2.02E+11,18,10,2024,3:00,3,15,15262,1,1,8,6,RD 921,45,
2.02E+11,19,10,2024,2:15,3,1,1036,1,1,1,6,D8,45,
2.02E+11,18,10,2024,17:45,1,70,70296,1,1,1,1,Rue Charles Vincent,47,
2.02E+11,19,10,2024,14:30,1,26,26056,1,3,1,2,Route de Crest,44,
2.02E+11,19,10,2024,19:45,3,58,58266,2,1,1,6,Route de Prémery,47,
2.02E+11,18,10,2024,17:15,1,14,14326,1,1,1,2,Route de Cormeilles,49,
2.02E+11,18,10,2024,10:30,1,64,64489,1,1,3,1,D14,43,
2.02E+11,18,10,2024,16:20,1,87,87154,2,3,8,3,Avenue Corot,45,
2.02E+11,19,10,2024,9:05,1,13,13091,2,1,7,7,34 Avenue Paul Lafargue,43,
2.02E+11,18,10,2024,14:45,1,13,13016,1,1,1,2,A52,,
2.02E+11,19,10,2024,0:49,3,6,6123,1,1,1,2,Bretelle Entrée N°49 Saint-Laurent-du-Var - A8 (Direction Vintimille),43,
2.02E+11,19,10,2024,16:00,1,95,95370,1,1,2,1,D28,49,
2.02E+11,5,10,2024,8:36,1,91,91200,2,2,1,1,Avenue d'Orléans,48,
2.02E+11,19,10,2024,1:45,3,13,13004,1,1,1,7,Route nationale 113,43,
2.02E+11,19,10,2024,12:00,1,38,38468,1,1,1,3,N7,45,
2.02E+11,13,10,2024,22:25,4,86,86137,2,1,1,6,Place du Portail Chaussee,47,
2.02E+11,19,10,2024,4:20,3,33,33483,1,1,3,6,N/A,44,
2.02E+11,18,10,2024,15:40,1,72,72378,1,1,1,7,D134,47,
2.02E+11,19,10,2024,15:00,1,29,29144,1,1,7,3,D764,48,
2.02E+11,19,10,2024,13:55,1,22,22300,1,1,1,1,D700,48,
2.02E+11,19,10,2024,11:10,1,60,60010,1,1,2,5,D105,49,
2.02E+11,17,10,2024,14:15,1,13,13215,1,1,1,3,A7-Sens Lyon vers Marseille,43,
2.02E+11,18,10,2024,5:30,3,69,69297,1,1,1,6,Autoroute 7,45,
2.02E+11,17,10,2024,0:47,3,57,57474,1,1,1,1,Autoroute A31,49,
2.02E+11,18,10,2024,19:45,5,33,33075,1,1,1,4,N/A,44,
2.02E+11,18,10,2024,14:10,1,92,92063,1,1,1,6,A86,48,
2.02E+11,18,10,2024,13:40,1,78,78291,1,1,1,2,A13,48,
2.02E+11,18,10,2024,8:36,2,78,78362,1,1,2,3,A13,48,
2.02E+11,17,10,2024,18:13,1,78,78007,1,1,3,6,A13W,48,
2.02E+11,17,10,2024,15:30,1,78,78165,1,1,3,6,RN12 INT,48,
2.02E+11,17,10,2024,11:30,1,92,92047,1,1,2,7,A13,48,
2.02E+11,16,10,2024,15:01,1,78,78423,1,1,1,2,RN12,48,
2.02E+11,18,10,2024,1:00,3,95,95042,1,1,3,6,N104,49,
2.02E+11,18,10,2024,2:30,3,93,93063,1,1,3,2,AUTOROUTE A3,48,
2.02E+11,18,10,2024,17:45,1,94,94046,1,1,1,3,A86,48,
2.02E+11,18,10,2024,16:25,1,94,94017,1,1,1,2,A4,48,
2.02E+11,18,10,2024,8:20,1,77,77258,1,1,2,6,A4.W,48,
2.02E+11,17,10,2024,3:10,3,94,94073,1,1,2,2,A86,48,
2.02E+11,10,5,2024,22:25,3,32,32107,1,1,1,5,Tauzin,43,
2.02E+11,19,8,2024,10:55,1,29,29023,1,1,1,7,créach herou,48,
2.02E+11,16,10,2024,18:45,5,974,97416,2,1,1,2,RN3 (2),-21,
2.02E+11,18,10,2024,1:10,5,974,97411,2,1,1,6,RAMBAUD (LEOPOLD),-20,
2.02E+11,17,10,2024,18:31,3,974,97411,2,6,1,3,JAURES (BLD 2 JEAN),-20,
2.02E+11,17,10,2024,6:00,2,974,97411,1,1,1,6,QUATRE VOIES GILLOT (ROUTE A),-20,
2.02E+11,17,10,2024,13:20,1,974,97407,1,1,1,3,OWENS JAMES,-20,
2.02E+11,17,10,2024,3:10,5,974,97407,1,1,1,6,BOUVET (AVENUE),-20,
2.02E+11,17,10,2024,8:20,1,973,97302,1,6,1,3,MARINGOUINS (ROND-POINT),4,
2.02E+11,17,10,2024,8:05,1,69,69386,2,1,3,6,Cours Vitton,45,
2.02E+11,16,10,2024,11:40,1,69,69386,2,1,1,1,Avenue de Grande-Bretagne,45,
2.02E+11,17,10,2024,9:50,1,69,69389,2,2,3,6,Rue de Bourgogne,45,
2.02E+11,17,10,2024,5:55,5,95,95088,2,1,8,5,D317,48,
2.02E+11,17,10,2024,19:40,3,95,95388,1,1,3,5,C2,49,
2.02E+11,17,10,2024,17:10,1,91,91514,2,1,2,6,RUE COMBS LA VILLE,48,
2.02E+11,17,10,2024,8:10,1,91,91657,2,1,8,1,RUE DU CHEMIN VERT,48,
2.02E+11,16,10,2024,17:35,1,87,87075,2,3,1,1,ARAGON (AVENUE LOUIS),45,
2.02E+11,16,10,2024,20:45,5,81,81065,2,3,1,3,136 Rue Ernest Barthe,43,
2.02E+11,17,10,2024,4:50,5,78,78440,2,1,1,2,PAUL RAOULT (AVENUE),48,
2.02E+11,17,10,2024,15:00,1,78,78123,2,1,2,2,REINE BLANCHE RUE,48,