Num_Acc,jour,mois,an,hrmn,lum,dep,com,agg,int,atm,col,adr,lat,long
2.02E+11,19,3,2024,9:00,1,91,91339,1,1,1,7,RN 104,48,
2.02E+11,19,3,2024,0:08,3,91,91161,1,1,1,2,AUTOROUTE A6,48,
2.02E+11,18,3,2024,12:19,1,92,92036,1,1,1,2,A86,48,
2.02E+11,18,3,2024,9:20,1,92,92062,1,1,1,3,RN1014 W,48,
2.02E+11,19,3,2024,17:40,1,93,93006,1,1,1,3,A3,48,
2.02E+11,19,3,2024,18:05,1,93,93008,1,1,1,3,A86,48,
2.02E+11,19,3,2024,7:55,1,95,95018,1,1,1,3,A15,48,
2.02E+11,18,3,2024,17:45,1,95,95527,1,1,1,5,A1,48,
2.02E+11,18,3,2024,15:45,1,95,95527,1,1,1,2,A1,49,
2.02E+11,18,3,2024,13:50,1,95,95277,1,1,1,2,A3,48,
2.02E+11,18,3,2024,8:40,1,93,93008,1,1,1,3,A86,48,
2.02E+11,18,3,2024,7:00,1,987,98735,1,2,1,1,POMARE V (AVENUE),-17,
2.02E+11,18,3,2024,11:15,1,976,97611,2,1,1,3,kaweni-SPPM ( rue de la ),-12,
2.02E+11,18,3,2024,10:15,1,974,97411,2,3,1,7,MAIRIE (ROUTE DE LA),-20,
2.02E+11,18,3,2024,7:30,1,974,97409,2,3,1,6,CAMBUSTON (rue de),-20,
2.02E+11,18,3,2024,19:10,2,974,97407,2,1,1,7,COMPAGNIE DES INDES (BD DE LA) ,-20,
2.02E+11,18,3,2024,7:50,1,973,97302,1,1,1,1,GALMOT (AVENUE),4,
2.02E+11,18,3,2024,10:30,1,69,69388,2,3,8,3,Route de Vienne,45,
2.02E+11,18,3,2024,7:40,1,972,97213,1,1,1,3,ROUTE DEPARTEMENTALE 3,14,
2.02E+11,17,3,2024,17:00,1,972,97213,1,1,1,6,DEPARTEMENTALE 28,14,
2.02E+11,11,3,2024,17:20,2,971,97113,1,9,2,4,Section Port Blanc,16,
2.02E+11,18,3,2024,19:20,2,2A,2A004,2,1,1,6,ROUTE DU STILETTO,41,
2.02E+11,18,3,2024,15:30,1,95,95607,2,1,1,6,D409,49,
2.02E+11,18,3,2024,8:00,1,91,91457,2,1,7,2,RUE DU PEUPLE LA LANCE,48,
2.02E+11,17,3,2024,21:29,5,87,87085,2,3,1,6,LECLERC (AVENUE DU GENERAL),45,
2.02E+11,18,3,2024,9:35,1,86,86194,2,2,2,1,Rocade Ouest,46,
2.02E+11,17,3,2024,9:00,1,84,84007,2,1,1,2,AMANDIER (Avenue de l'),43,
2.02E+11,18,3,2024,20:20,5,76,76540,2,1,1,6,Route de Darnetal,49,
2.02E+11,15,3,2024,23:00,5,76,76351,2,1,2,6,BOIS AU COQ (AVENUE),49,
2.02E+11,17,3,2024,14:23,1,72,72181,2,9,2,2,LEFAUCHEUX PIERRE (BD),47,
2.02E+11,17,3,2024,13:38,1,72,72181,2,7,2,2,REMBRANDT (ALLEE),47,
2.02E+11,17,3,2024,8:45,1,72,72181,2,2,2,5,ESTIENNE D'ORVES (BD D'),47,
2.02E+11,29,2,2024,7:26,2,68,68271,2,3,1,1,Rue de la Paix,47,
2.02E+11,16,3,2024,21:15,5,64,64132,2,3,1,3,ALFRED NOBEL,43,
2.02E+11,18,3,2024,8:50,1,64,64140,2,1,1,2,BRAMARIE (RUE RAOUL),43,
2.02E+11,18,3,2024,12:30,1,60,60159,2,3,1,3,Rue Saint-Lazare,49,
2.02E+11,18,3,2024,7:25,4,59,59421,2,9,2,6,ROOSEVELT (RUE FRANKLIN),50,
2.02E+11,18,3,2024,21:30,5,59,59368,2,8,1,6,Avenue de la République,50,
2.02E+11,18,3,2024,9:00,1,59,59343,2,2,1,3,SCHWEITZER RUE DU DOCTEUR,50,
2.02E+11,16,3,2024,17:12,1,56,56121,2,6,1,6,MULLER ( DU COLONEL JEAN ),47,
2.02E+11,16,3,2024,18:08,1,50,50165,2,1,1,3,Route de Coutances,48,
2.02E+11,18,3,2024,7:55,1,47,47201,2,3,2,3,GASCOGNE (AVENUE DE),44,
2.02E+11,18,3,2024,17:00,1,44,44109,2,6,1,6,Chemin des Bateliers,47,
2.02E+11,18,3,2024,15:15,1,44,44109,2,2,1,5,12 Avenue Carnot,47,
2.02E+11,18,3,2024,6:35,4,44,44162,2,6,8,3,51 Avenue de la Bouvardière,47,
2.02E+11,18,3,2024,12:30,1,37,37261,2,2,1,4,EIFFEL (AVENUE GUSTAVE),47,
2.02E+11,18,3,2024,8:40,1,37,37050,1,1,8,4,PERIPHERIQUE N585,47,
2.02E+11,17,3,2024,20:40,2,37,37261,2,6,1,3,PAVILLON (RUE DU),47,
2.02E+11,14,3,2024,18:10,1,35,35055,2,1,1,3,FREBARDIERE (RUE DE LA),48,
2.02E+11,17,3,2024,4:50,3,35,35238,1,1,1,6,PORTE DE BEAUREGARD,48,
2.02E+11,17,3,2024,19:40,5,34,34032,2,2,1,3,LIBERTE (BD DE LA),43,
2.02E+11,18,3,2024,18:40,1,33,33550,2,4,1,1,Rue Jean-Baptiste Lebas,44,
2.02E+11,18,3,2024,22:50,5,31,31555,2,1,1,3,ALL DE BELLEFONTAINE,43,
2.02E+11,18,3,2024,15:15,1,30,30007,2,5,1,7,Rue Jean de la Fontaine,44,
2.02E+11,18,3,2024,19:20,3,28,28332,1,1,1,7,D 929,48,
2.02E+11,18,3,2024,13:10,1,25,25056,2,2,1,5,CHURCHILL BD WINSTON,47,
2.02E+11,18,3,2024,19:25,1,22,22360,2,6,1,2,ARMOR (RUE D'),48,
2.02E+11,14,3,2024,17:15,1,22,22113,2,1,1,3,CORDIERS (RUE DES),48,
2.02E+11,17,3,2024,19:40,5,19,19031,2,9,1,3,DE JOUVENEL (BOULEVARD HENRI),45,
2.02E+11,18,3,2024,18:55,2,17,17306,2,3,1,6,PELLETAN  EUGENE,45,
2.02E+11,17,3,2024,9:30,1,15,15014,2,1,1,6,Rue de l Egalité,44,
2.02E+11,18,3,2024,8:50,1,13,13028,2,1,1,4,CD 559 (CHEMIN DEPARTEMENTAL°,43,
2.02E+11,18,3,2024,17:15,1,13,13004,2,1,1,6,AV DE HONGRIE,43,
2.02E+11,17,3,2024,5:35,5,10,10333,2,1,1,6,Avenue de l'Ile Germaine,48,
2.02E+11,3,7,2024,19:11,1,75,75114,2,1,1,6,AVENUE DU GENERAL LECLERC,48,
2.02E+11,13,3,2024,16:19,1,10,10387,2,3,1,3,ETIENNE PEDRON (RUE),48,
2.02E+11,5,7,2024,15:20,1,75,75113,2,1,1,6,RUE DE PATAY,48,
2.02E+11,18,3,2024,7:35,1,6,6069,2,1,1,7,Boulevard Bellevue,43,
2.02E+11,24,6,2024,18:40,1,75,75112,2,7,1,3,PLACE DE LA NATION,48,
2.02E+11,18,3,2024,8:00,1,6,6069,2,3,1,3,Avenue Antoine de Saint Exupéry,43,
2.02E+11,5,7,2024,19:45,1,75,75110,2,1,1,3,QUAI DE JEMMAPES,48,
2.02E+11,19,3,2024,1:30,5,6,6029,2,1,1,7,Chemin des Gourguettes,43,
2.02E+11,5,7,2024,15:30,1,75,75110,2,6,1,6,RUE LA FAYETTE,48,
2.02E+11,18,3,2024,7:35,2,6,6029,2,1,1,5,Boulevard Vallombrosa,43,
2.02E+11,5,7,2024,2:45,5,75,75110,2,2,1,6,RUE LOUIS BLANC,48,
2.02E+11,5,7,2024,12:50,1,75,75108,2,1,1,7,RUE DE COURCELLES,48,
2.02E+11,18,3,2024,10:30,1,75,75119,2,1,1,2,BD PERIPHERIQUE EXTERIEUR,48,
2.02E+11,5,7,2024,10:35,1,75,75108,2,1,1,6,AVENUE DES CHAMPS ELYSEES,48,
2.02E+11,17,3,2024,1:20,5,75,75114,2,1,1,2,BD PERIPHERIQUE EXTERIEUR,48,
2.02E+11,5,7,2024,18:55,1,75,75107,2,1,1,7,QUAI BRANLY,48,
2.02E+11,18,3,2024,9:15,1,75,75120,2,3,1,3,RUE SAINT FARGEAU,48,
2.02E+11,5,7,2024,16:30,1,75,75101,2,3,1,3,RUE SAINT HONORE,48,
2.02E+11,17,3,2024,10:50,1,75,75115,2,3,2,3,RUE DE LA FEDERATION,48,
2.02E+11,5,7,2024,13:00,1,75,75101,2,3,1,3,BOULEVARD DE LA MADELEINE,48,
2.02E+11,5,7,2024,9:30,1,75,75103,2,1,1,7,RUE MICHEL LE COMTE,48,
2.02E+11,18,3,2024,14:05,1,75,75110,2,3,1,6,RUE DU FAUBOURG POISSONNIERE,48,
2.02E+11,4,7,2024,23:50,5,75,75101,2,1,1,2,BOULEVARD DE SEBASTOPOL,48,
2.02E+11,3,7,2024,21:10,2,75,75101,2,2,1,3,AVENUE DE L OPERA,48,
2.02E+11,18,3,2024,7:45,1,75,75109,2,3,1,6,RUE SAINT LAZARE,48,
2.02E+11,5,7,2024,19:40,1,94,94081,2,1,1,2,4 Rue des Pépinières,48,
2.02E+11,17,3,2024,3:30,5,75,75102,2,1,9,3,BOULEVARD DES CAPUCINES,48,
2.02E+11,4,7,2024,20:25,1,94,94081,2,2,1,3,Avenue Youri Gagarine,48,
2.02E+11,18,3,2024,15:45,1,75,75108,2,3,1,3,AVENUE DES CHAMPS ELYSEES,48,
2.02E+11,4,7,2024,13:18,1,94,94081,2,3,1,6,Rue Antoine Marie Colin,48,
2.02E+11,18,3,2024,4:35,5,94,94022,2,2,2,4,Avenue de Newburn / Rue du Four,48,
2.02E+11,5,7,2024,16:50,1,94,94078,2,1,1,6,Rue Emile Zola,48,
2.02E+11,5,7,2024,8:25,1,94,94068,2,2,1,3,Rue de Beaujeu,48,
2.02E+11,18,3,2024,18:05,1,94,94022,2,2,1,3,Avenue de Newburn / Rue du Four,48,
2.02E+11,5,7,2024,18:23,1,94,94052,2,1,1,2,Boulevard de Strasbourg,48,
2.02E+11,18,3,2024,14:08,1,93,93078,2,1,1,4,Boulevard Robert Ballanger,48,
2.02E+11,5,7,2024,10:30,1,94,94041,2,1,1,2,Pont Nelson Mandela,48,
2.02E+11,18,3,2024,8:30,1,93,93059,2,3,1,3,Avenue Lénine / Rue Séverine,48,
2.02E+11,5,7,2024,13:20,1,94,94021,2,1,1,6,30 Av du Pdt Franklin Roosevelt,48,
2.02E+11,18,3,2024,17:30,1,93,93064,2,3,1,6,Avenue du Président John Kennedy / Rue du 11 Novembre,48,
2.02E+11,3,7,2024,10:00,1,94,94060,2,1,8,4,30 Rue du Général de Gaulle,48,
2.02E+11,18,3,2024,6:20,2,93,93050,2,3,1,3,Rue Paul et Camille Thomoux / Rue du 19 Mars 1962,48,
2.02E+11,4,7,2024,21:45,1,93,93073,1,1,1,1,CHAPIT RE ( RUE DU),48,
2.02E+11,5,7,2024,16:00,1,93,93066,2,2,1,3,MOULIN JEAN (AVENUE) NR 2 A 8 ET 1 A 11,48,
2.02E+11,18,3,2024,9:20,1,93,93006,2,2,1,3,Rue Louise Michel / Avenue Raspail,48,
2.02E+11,5,7,2024,18:45,1,93,93064,2,9,1,6,LECLERC (RUE DU GENERAL),48,
2.02E+11,18,3,2024,10:55,1,93,93010,2,1,1,3,Avenue Galliéni,48,
2.02E+11,5,7,2024,6:15,1,93,93053,2,9,1,3,Rue de Paris,48,
2.02E+11,18,3,2024,14:10,1,93,93005,2,3,1,6,Allée Jean-Marie Rous / Avenue de Savigny,48,
2.02E+11,5,7,2024,8:35,1,93,93051,2,1,1,3,NOISERAIE (ALLEE),48,
2.02E+11,18,3,2024,8:45,1,93,93005,2,6,1,6,Rue du Docteur Fleming / Rue Calmette et Guerin,48,
2.02E+11,4,7,2024,13:45,1,93,93048,2,3,1,6,Avenue du President Salvador Allende / Rue Jules Verne,48,
2.02E+11,18,3,2024,18:59,2,92,92072,2,9,1,3,GRANDE RUE,48,
2.02E+11,4,7,2024,18:30,1,93,93063,2,2,1,3,Avenue Pierre Kérautret / Passage Voltaire / Boulevard Roger Salengro ,48,
2.02E+11,17,3,2024,18:30,1,92,92022,2,1,1,3,LIBERATION (BOULEVARD DE LA),48,
2.02E+11,17,3,2024,12:23,1,92,92064,2,1,2,7,DIX-HUI JUIN,48,
2.02E+11,5,7,2024,14:56,1,93,93031,2,3,1,3,Rue d'Estrées / Avenue de la République,48,
2.02E+11,5,7,2024,16:30,1,93,93005,2,2,1,3,RAINCY (AVENUE DU),48,
2.02E+11,18,3,2024,7:30,1,92,92012,2,9,1,4,GEORGES GORSE (QUAI),48,
2.02E+11,5,7,2024,16:00,1,93,93001,2,9,1,2,PAUL ELUARD (ALLEE),48,
2.02E+11,17,3,2024,16:45,1,92,92004,2,9,1,2,DOCTEUR DERVAUX  ( QUAI DU ),48,
2.02E+11,5,7,2024,9:00,1,92,92046,2,1,1,3,PIERRE BROSSOLETTE (AVENUE),48,
2.02E+11,14,3,2024,17:25,1,60,60587,1,3,1,3,D1017,49,
2.02E+11,5,7,2024,14:00,1,92,92064,2,1,1,2,CARNOT,48,
2.02E+11,5,7,2024,18:49,1,92,92051,2,1,1,3,ROULE (AVENUE DU,,
2.02E+11,16,3,2024,0:45,5,974,97415,2,2,1,1,Avenue du Stade,-20,
2.02E+11,5,7,2024,17:00,1,92,92044,2,3,1,6,GABRIEL PERI(RUE) 25A49 ET 38A46,48,
2.02E+11,19,3,2024,5:28,2,976,97610,1,1,1,1,ZI 3 VALLÉES - LONGONI,-12,
2.02E+11,19,3,2024,17:40,1,24,24442,1,1,1,6,364 Route de Guillassou,45,
2.02E+11,2,5,2024,8:40,1,92,92044,2,3,1,3,ANDRE MALRAUX (SQUARE)157DANTON,48,
2.02E+11,4,7,2024,11:16,1,92,92035,2,1,1,3,République ( boulevard de la ),48,
2.02E+11,17,3,2024,20:20,5,40,40065,2,2,1,5,19 Rue des Marsouins,43,
2.02E+11,4,7,2024,13:00,1,92,92025,2,7,7,3,GABRIEL PERI (RUE),48,
2.02E+11,17,3,2024,13:12,1,71,71383,1,1,1,6,Station service TOTAL - autoroute 6 - aire de MACON LA SALLE - sens LYON PARIS,46,
2.02E+11,17,3,2024,2:58,3,17,17414,1,6,1,7,D105,46,
2.02E+11,5,7,2024,8:50,1,92,92012,2,1,1,3,REPUBLIQUE (BOULEVARD DE LA) 79/FIN - 76,48,
2.02E+11,18,3,2024,9:24,1,14,14738,1,1,1,2,A84,49,
2.02E+11,5,7,2024,23:00,3,92,92004,2,2,1,3,DOCTEUR DERVAUX  ( QUAI DU ),48,
2.02E+11,5,7,2024,17:25,1,63,63388,1,1,1,6,D987,45,
2.02E+11,18,3,2024,18:30,2,65,65069,1,1,1,3,D142,43,
2.02E+11,5,7,2024,11:15,1,12,12172,1,1,1,2,Route de la Planque,44,
2.02E+11,6,7,2024,12:30,1,85,85065,1,1,1,1,la chausseloire,46,
2.02E+11,19,3,2024,13:45,1,63,63130,1,3,1,1, RD502 / lieu-dit les monts,46,
2.02E+11,5,7,2024,22:00,2,62,62767,2,1,1,1,Rue de Bethune,50,
2.02E+11,17,3,2024,20:30,2,47,47069,2,1,1,6,2492 route d'Agen,44,
2.02E+11,5,7,2024,17:50,1,41,41149,2,1,1,6,50 Rue du Général Leclerc,47,
2.02E+11,19,3,2024,18:14,1,68,68258,1,1,1,3,D429,47,
2.02E+11,5,7,2024,16:00,1,66,66141,2,6,1,3,Rue du Néoulous,42,
2.02E+11,19,3,2024,8:30,1,44,44063,2,6,7,3,14 Avenue  Xavier Rineau,47,
2.02E+11,4,7,2024,2:00,3,62,62819,2,1,1,6,D943E1,50,
2.02E+11,19,3,2024,16:55,1,44,44154,1,1,1,6,N/A,47,
2.02E+11,6,7,2024,14:00,1,62,62273,2,1,6,3,D127,50,
2.02E+11,5,3,2024,19:15,3,35,35331,1,6,1,3,D62 D35,48,
2.02E+11,4,7,2024,16:50,1,51,51115,2,1,7,1,l entree des verriats,49,
2.02E+11,19,3,2024,7:30,2,29,29210,1,1,1,1,Pen Ar C’hoas,48,
2.02E+11,5,7,2024,19:00,1,56,56164,1,1,1,1,Penhouët,47,
2.02E+11,19,3,2024,16:40,1,29,29110,1,1,1,7,Douar Ar Zant,48,
2.02E+11,6,7,2024,5:30,3,2B,2B185,1,1,1,6,strada pasquale paoli,42,
2.02E+11,18,3,2024,10:20,1,31,31100,1,1,1,3,D11,43,
2.02E+11,18,3,2024,16:56,1,38,38012,2,1,1,6,D40,45,
2.02E+11,5,7,2024,20:15,2,65,65035,2,2,1,1,RUE DE LA MONTJOIE,43,
2.02E+11,19,3,2024,17:10,1,84,84051,1,6,1,3,Rond pont de la mayette D900,43,
2.02E+11,18,3,2024,18:40,1,64,64235,1,1,1,1,CD 14,43,
2.02E+11,6,7,2024,17:42,1,71,71263,1,3,2,2,D678,46,
2.02E+11,19,3,2024,12:19,1,43,43018,1,1,1,2,Route de Loudes,45,
2.02E+11,17,3,2024,17:55,1,7,7330,1,1,1,7,Route de Bourg Saint Andéol,44,
2.02E+11,6,7,2024,17:00,1,71,71305,1,2,3,5,D906,46,
2.02E+11,15,3,2024,18:45,5,88,88304,2,2,3,3,3 Rue de l’Abbe Germini,48,
2.02E+11,19,3,2024,10:15,1,978,97801,2,1,1,6,rue de coralita - Oyster Pond,18,
2.02E+11,28,6,2024,18:20,1,89,89300,1,1,1,3,Santigny,47,
2.02E+11,19,3,2024,17:25,2,6,6018,1,1,1,3,Route des Lucioles,43,
2.02E+11,6,7,2024,18:50,1,76,76711,2,1,1,3,Quai Albert Cauet,50,
2.02E+11,18,3,2024,7:35,1,987,98745,2,3,1,3,sortie OUEST Patio,-16,
2.02E+11,6,7,2024,19:00,1,47,47310,2,4,1,3,D911,44,
2.02E+11,18,3,2024,17:54,1,6,6088,1,1,1,2,autoroute A8,,
2.02E+11,6,7,2024,9:20,1,39,39286,1,1,2,1,N/A,46,
2.02E+11,18,3,2024,7:30,1,987,98733,2,1,1,3,PK 23.800 RT1 face au n°522,-17,
2.02E+11,24,6,2024,22:30,2,44,44129,2,1,1,6,48 Route de la Brière-le Calvaire,47,
2.02E+11,18,3,2024,21:30,5,973,97357,2,4,1,1,le bourg,4,
2.02E+11,18,3,2024,11:30,1,84,84019,2,3,1,6,Rue Honore Daumier,44,
2.02E+11,5,7,2024,21:00,1,44,44212,1,1,1,1,bonne-fontaine,47,
2.02E+11,5,7,2024,21:20,2,44,44146,1,1,1,6,6 La Minière,47,
2.02E+11,18,3,2024,19:45,5,55,55351,1,1,1,7,Rue Albert 1er,49,
2.02E+11,18,3,2024,18:15,1,46,46102,2,1,1,6,37 Rue du Faubourg du Pin,44,
2.02E+11,5,7,2024,17:20,1,31,31182,2,1,7,3,173 Route de Paris,43,
2.02E+11,6,7,2024,1:10,4,38,38174,2,2,1,6,Route de Lyon,45,
2.02E+11,15,3,2024,17:00,1,33,33256,1,1,1,1,N/A,44,
2.02E+11,5,7,2024,15:40,1,3,3254,1,1,1,3,D46,46,
2.02E+11,18,3,2024,17:30,1,35,35105,1,1,1,1,Villepelee,48,
2.02E+11,18,3,2024,12:30,1,60,60141,2,1,1,6,Avenue du Maréchal Joffre,49,
2.02E+11,5,7,2024,19:00,1,70,70578,1,2,1,2,D15,47,
2.02E+11,14,3,2024,8:20,1,13,13215,1,1,1,3,A7-Sens Marseille vers Lyon,43,
2.02E+11,5,7,2024,9:30,1,72,72039,1,2,1,3,D301,48,
2.02E+11,18,3,2024,8:15,1,83,83129,1,1,1,4,A50,43,
2.02E+11,25,6,2024,17:25,1,72,72319,1,9,1,3,Rue Poche,48,
2.02E+11,3,7,2024,13:55,1,9,9228,1,1,1,1,ROUTE NATIONALE 20,,
2.02E+11,16,3,2024,15:00,1,57,57672,1,1,1,4,Autoroute A31,49,
2.02E+11,15,3,2024,11:43,1,59,59507,1,1,8,7,AUTOROUTE A1,50,
2.02E+11,5,7,2024,18:20,1,45,45276,2,1,1,5,D951 PR 15 + 842,47,
2.02E+11,15,3,2024,13:05,1,95,95154,1,1,2,6,A1,49,
2.02E+11,16,3,2024,15:00,1,988,98818,2,3,1,3,ROUTE DE LA BAIE DES DAMES,-22,
2.02E+11,5,7,2024,21:00,2,73,73110,1,2,1,6,D66 Route de la plaine,45,
2.02E+11,16,3,2024,10:42,1,988,98818,2,1,8,6,IMPASSE BALARD,-22,
2.02E+11,5,7,2024,15:00,1,18,18169,1,1,1,3,N/A,46,
2.02E+11,17,3,2024,18:00,1,974,97409,2,1,1,2,EMILE THOMAS (rue),-20,
2.02E+11,5,7,2024,17:45,1,10,10087,2,1,1,3,Rue de Galiche,47,
2.02E+11,5,7,2024,21:45,2,36,36001,1,1,1,6,La Bouzanne,46,
2.02E+11,17,3,2024,11:35,1,69,69388,2,3,8,3,Route de Vienne,45,
2.02E+11,16,3,2024,20:50,5,972,97213,1,9,1,6,ROUTE DEPARTEMENTALE 3,14,
2.02E+11,6,7,2024,14:40,1,7,7291,1,1,1,1,RD 290,44,
2.02E+11,17,3,2024,16:30,1,972,97209,1,1,1,2,REDOUTE (ROUTE DE LA),14,
2.02E+11,5,7,2024,20:05,1,7,7110,2,4,1,7,La Grand Font,44,
2.02E+11,17,3,2024,12:25,1,972,97209,2,1,1,2,ABBE LAVIGNE (AVENUE),14,
2.02E+11,5,7,2024,18:15,1,7,7260,2,3,1,3,D 22 B,44,
2.02E+11,16,3,2024,5:20,5,972,97209,1,1,2,6,RD 41 (ROCADE),14,
2.02E+11,6,7,2024,10:40,1,53,53245,1,2,1,2,N12,48,
2.02E+11,17,3,2024,17:00,2,69,69142,2,1,2,3,30 Quai Pierre Sémard,45,
2.02E+11,17,3,2024,19:10,5,69,69034,2,1,2,7,90 Avenue Général de Gaulle,45,
2.02E+11,5,7,2024,18:15,1,21,21089,1,1,1,7,D12 A,47,
2.02E+11,6,7,2024,19:15,2,21,21616,1,1,1,6,D18,46,
2.02E+11,16,3,2024,15:00,1,76,76476,2,1,1,1,DUFY  RAOUL (RUE),49,
2.02E+11,16,3,2024,15:40,1,70,70513,1,1,1,7,Route de Pusey,47,
2.02E+11,5,7,2024,20:15,1,40,40218,2,2,1,3,Intersection D36 - D37,43,
2.02E+11,6,7,2024,0:30,3,4,4167,1,1,1,6,D900a,44,
2.02E+11,17,3,2024,16:55,1,69,69256,2,3,8,1,Avenue Georges Dimitrov,45,
2.02E+11,6,7,2024,8:40,1,85,85295,1,1,1,6,RD93,47,
2.02E+11,17,3,2024,16:52,1,64,64373,2,1,1,1,YSER DE L',43,
2.02E+11,6,7,2024,0:05,3,68,68066,1,1,1,1,autoute A 35,48,
2.02E+11,16,3,2024,23:00,3,62,62126,2,1,1,6,D937,50,
2.02E+11,6,7,2024,8:15,1,10,10380,1,1,1,7,A26,48,
2.02E+11,16,3,2024,15:00,1,62,62108,2,1,1,3,Rue de l’Impératrice,50,
2.02E+11,6,7,2024,10:15,1,6,6085,2,1,1,3,1110 Avenue Saint Martin,43,
2.02E+11,16,3,2024,5:55,4,61,61169,2,2,2,3,D462,48,
2.02E+11,5,7,2024,19:00,1,69,69039,2,3,1,3,Rue Louis Bréchard,45,
2.02E+11,15,3,2024,20:50,5,60,60175,2,1,2,6,Rue Henri Bergson,49,
2.02E+11,5,7,2024,17:40,1,13,13001,1,1,1,2,A8,,
2.02E+11,17,3,2024,22:20,4,59,59512,2,2,1,3,Avenue Alfred Motte,50,
2.02E+11,5,7,2024,9:40,1,17,17146,1,3,1,2,D238e1,45,
2.02E+11,17,3,2024,22:05,5,59,59512,2,3,2,6,Rue de l'Alma,50,
2.02E+11,6,7,2024,15:25,1,59,59244,1,1,1,2,Autoroute A2,50,
2.02E+11,17,3,2024,16:51,1,56,56260,2,1,1,7,Liziec,47,
2.02E+11,17,3,2024,7:45,2,42,42170,1,1,1,6,Route du Gros Chêne,46,
2.02E+11,3,7,2024,17:00,1,13,13051,1,1,1,2,Autoroute A7,,
2.02E+11,5,7,2024,8:40,1,987,98748,1,1,1,2,PK 4.800 TOAHOTU,-17,
2.02E+11,16,3,2024,15:30,1,38,38185,2,9,1,2,AVENUE MARIE REYNOARD,45,
2.02E+11,5,7,2024,18:00,1,971,97115,1,1,1,6,Route de Routa,16,
2.02E+11,16,3,2024,5:17,5,38,38053,1,1,1,6,GRENOBLE (ROUTE DE),45,
2.02E+11,2,3,2024,20:30,2,36,36044,2,1,2,6,Rue Pierre Gaultier,46,
2.02E+11,6,7,2024,0:45,3,77,77257,1,1,1,3,D401,49,
2.02E+11,4,7,2024,23:25,3,95,95535,1,1,1,6,D28,49,
2.02E+11,16,3,2024,23:45,3,36,36063,1,9,8,3,N/A,46,
2.02E+11,5,7,2024,19:00,1,34,34090,2,1,7,6,Rn 113,43,
2.02E+11,17,3,2024,17:25,1,34,34172,2,1,1,7,STRASBOURG (BOULEVARD DE),43,
2.02E+11,6,7,2024,13:05,1,83,83065,2,3,1,3,Route Departementale 98a,43,
2.02E+11,17,3,2024,3:10,5,28,28404,2,9,2,7,DUPONT (RUE ARMAND),48,
2.02E+11,5,7,2024,16:42,1,13,13081,1,1,1,3,N Rd 113,43,
2.02E+11,6,7,2024,13:50,1,58,58160,2,1,2,3,Route de Tazieres,46,
2.02E+11,17,3,2024,10:40,1,25,25462,2,6,1,3,ROCADE G.POMPIDOU (DU 25 A LA FIN),46,
2.02E+11,2,7,2024,2:30,3,73,73290,1,1,1,6,D1006,45,
2.02E+11,17,3,2024,3:50,5,25,25056,2,1,1,6,MAZAGRAN CHEMIN DE,47,
2.02E+11,5,7,2024,19:50,2,38,38087,2,1,1,2,D4,45,
2.02E+11,17,3,2024,19:35,5,22,22113,2,1,1,6,TREBEURDEN (ROUTE DE),48,
2.02E+11,20,6,2024,14:50,1,7,7322,1,1,3,6,1165 la Teyre,44,
2.02E+11,15,3,2024,16:08,1,14,14118,2,1,2,3,16 Avenue de Verdun,49,
2.02E+11,6,7,2024,16:32,1,1,1043,2,2,2,3,Route de Genève,45,
2.02E+11,17,3,2024,18:30,2,13,13117,2,3,1,3,BARRE (ALLEE DE LA),43,
2.02E+11,4,7,2024,17:20,1,1,1160,2,1,1,6,27 Avenue du Jura,46,
2.02E+11,5,7,2024,18:50,2,81,81219,1,1,1,3,lieu dit en roussel,43,
2.02E+11,17,3,2024,22:30,4,13,13208,2,1,1,4,MENDES FRANCE (AVENUE),43,
2.02E+11,30,6,2024,18:50,1,31,31263,1,1,1,1,Route de Saverdun,43,
2.02E+11,6,7,2024,17:45,1,17,17452,1,1,1,7,D25,45,
2.02E+11,17,3,2024,13:45,1,13,13213,2,4,1,3,ALPHONSE DAUDET (RUE),43,
2.02E+11,6,7,2024,16:21,1,16,16078,1,1,1,6,N/A,45,
2.02E+11,3,7,2024,11:30,1,85,85113,2,1,1,7,Quai de la chapelle,46,
2.02E+11,5,7,2024,19:40,1,53,53119,1,1,1,7,D112,48,
2.02E+11,17,3,2024,0:30,5,13,13201,2,2,1,3,FLAMMARION (BOULEVARD)     1 A 65,43,
2.02E+11,6,7,2024,16:20,1,22,22178,1,1,1,3,pk 7 D21,48,
2.02E+11,17,3,2024,14:20,1,6,6004,2,2,1,3,POINCARE BD RAYMOND,43,
2.02E+11,6,7,2024,13:35,1,22,22162,1,1,2,1,D786,48,
2.02E+11,17,3,2024,14:10,1,75,75112,2,1,2,3,PORTE DOREE,48,
2.02E+11,16,3,2024,13:35,1,75,75117,2,1,1,7,ECHANGEUR MAILLOT,48,
2.02E+11,6,7,2024,11:05,1,60,60575,2,1,1,6,93 Route Nationale 1,49,
2.02E+11,6,7,2024,20:13,1,60,60542,1,1,7,1,D513,49,
2.02E+11,5,7,2024,22:00,2,80,80212,2,1,1,6,Boulevard Blais Mousseron,49,
2.02E+11,15,3,2024,13:20,1,75,75113,2,1,1,3,BD PERIPHERIQUE EXTERIEUR,48,