Num_Acc,jour,mois,an,hrmn,lum,dep,com,agg,int,atm,col,adr,lat,long
2.02E+11,7,8,2024,15:06,1,1,1033,1,1,1,5,Route de Lyon,46,
2.02E+11,11,9,2024,12:20,1,973,97302,2,1,1,7,ZEPHIR (ROCADE),4,
2.02E+11,23,4,2024,12:35,1,976,97611,2,1,1,5,tsoundzou-KOUALE ( rue de ),-12,
2.02E+11,7,8,2024,8:05,1,74,74020,1,4,2,3,D26,46,
2.02E+11,23,4,2024,7:15,1,974,97411,2,1,1,6,FOURCADE (GEORGES),-20,
2.02E+11,7,8,2024,18:30,1,59,59260,2,1,7,7,4 Rue Nationale (Ghyvelde),51,
2.02E+11,24,11,2024,12:10,1,974,97416,2,1,1,3,DELISLES (ROUTE HUBERT) CD3,-21,
2.02E+11,8,8,2024,19:00,3,974,97413,2,1,1,6,Rue du Musee,-21,
2.02E+11,23,4,2024,5:35,5,974,97411,2,2,1,3,MONTAGNE (ROUTE DE LA),-20,
2.02E+11,24,11,2024,5:00,2,974,97411,2,3,1,6,MACE (BOULEVARD GABRIEL),-20,
2.02E+11,11,9,2024,7:25,1,973,97302,2,1,1,3,NEGRES MARONS (RUE DES) CITE BONHOMME,4,
2.02E+11,8,8,2024,10:30,1,65,65149,2,1,1,7,Route des 4 Villages,43,
2.02E+11,22,4,2024,18:10,1,973,97302,2,6,2,3,MADELEINE (ROUTE DE LA),4,
2.02E+11,24,11,2024,19:05,5,2B,2B120,2,1,1,1,11 - RT,42,
2.02E+11,3,8,2024,0:30,3,50,50251,1,1,1,7,N13,49,
2.02E+11,23,4,2024,18:45,1,69,69387,2,3,1,3,Avenue Jean Jaurès,45,
2.02E+11,24,11,2024,13:15,1,2A,2A004,2,1,1,2,#Boulevard Louis Campi#,41,
2.02E+11,2,8,2024,17:15,1,62,62767,2,1,1,6,Rue des Carmes,50,
2.02E+11,23,4,2024,12:00,1,69,69388,2,2,1,1,Avenue des Frères Lumière,45,
2.02E+11,24,11,2024,4:46,5,95,95268,2,1,1,7,ANDRE LE NOTRE (RUE),48,
2.02E+11,3,8,2024,21:05,2,83,83116,1,1,1,7,D70,43,
2.02E+11,22,4,2024,16:50,1,972,97209,2,1,1,2,AUTOROUTE (A1),14,
2.02E+11,12,9,2024,22:25,5,69,69386,2,1,1,1,Avenue de Grande-Bretagne,45,
2.02E+11,28,6,2024,19:30,1,56,56017,1,1,1,7,Kerjulien,47,
2.02E+11,23,11,2024,18:20,5,83,83137,2,5,1,3,MICHELETC (BD JULES),43,
2.02E+11,23,4,2024,17:45,1,69,69389,2,4,8,3,Rue Pierre Termier,45,
2.02E+11,8,8,2024,15:45,1,56,56240,1,1,1,6,60 Route de Saint Martin,47,
2.02E+11,22,11,2024,17:00,1,83,83129,2,1,1,2,DE GAULLE (PROMENADE CHARLES),43,
2.02E+11,6,8,2024,22:20,3,56,56240,1,1,1,6,Belle-croix,47,
2.02E+11,22,4,2024,10:56,1,2B,2B033,2,1,8,6,TOUTES RUES,42,
2.02E+11,23,4,2024,6:50,1,971,97101,1,1,1,6,GRAND CAMP(SECTION),16,
2.02E+11,24,11,2024,17:57,5,78,78423,2,2,8,3,PAS DU LAC (AVENUE DU),48,
2.02E+11,7,8,2024,18:05,1,82,82119,1,1,1,6,Route de Montpezat,44,
2.02E+11,12,9,2024,12:14,1,972,97213,2,1,1,6,SCHOELCHER (RUE),14,
2.02E+11,23,4,2024,17:20,1,971,97105,2,1,1,2,GASTON FEUILLARD(AVENUE),16,
2.02E+11,7,8,2024,12:45,1,65,65235,1,1,1,6,N21,43,
2.02E+11,23,4,2024,7:40,1,971,97105,2,9,1,6,COURS NOLIVOS ( RUE DU),15,
2.02E+11,5,8,2024,9:50,1,81,81084,2,1,1,2,9 Rue de la Fontaine,43,
2.02E+11,23,4,2024,17:40,1,95,95252,2,1,1,6,D14,48,
2.02E+11,24,11,2024,13:00,1,77,77373,2,1,1,1,Rue des Petites Friches,48,
2.02E+11,8,8,2024,15:00,1,71,71469,1,1,1,1,route de la montagne,46,
2.02E+11,23,4,2024,18:55,1,95,95219,2,6,1,3,D140,48,
2.02E+11,24,11,2024,14:10,1,76,76216,2,1,1,3,Route de Dieppe,49,
2.02E+11,11,9,2024,16:15,1,972,97209,2,1,1,2,PROFESSEUR RAYMOND GARCIN (RUE DU),14,
2.02E+11,7,8,2024,17:15,1,63,63236,1,1,1,7,col de la crois saint robert,45,
2.02E+11,23,4,2024,16:00,1,95,95252,2,2,1,3,ORME SAINT-EDME (RUE DE L'),48,
2.02E+11,24,11,2024,16:00,1,64,64189,2,1,6,2,BENOIT PIERRE (BOULEVARD),43,
2.02E+11,23,4,2024,7:35,2,91,91687,2,1,1,3,GENERAL DE GAULLE (AVENUE DU),48,
2.02E+11,24,11,2024,19:20,5,64,64445,2,2,1,6,CARREROT,43,
2.02E+11,7,8,2024,17:00,1,42,42150,1,1,1,6,Route de Boën,45,
2.02E+11,23,4,2024,16:50,1,84,84007,2,3,1,6,REINE JEANNE( Avenue de la ),43,
2.02E+11,24,11,2024,9:45,1,64,64373,2,1,1,2,GENERAL DE GAULLE DU,43,
2.02E+11,7,8,2024,17:50,1,46,46038,1,1,1,2,Avenue Charles de Gaulle,44,
2.02E+11,22,4,2024,8:40,1,82,82121,2,3,1,2,avenue chamier,44,
2.02E+11,24,11,2024,19:00,5,62,62570,2,1,1,1,Rue Camille Desmoulins,50,
2.02E+11,3,8,2024,22:34,3,44,44088,1,1,1,7,le Pâtis,47,
2.02E+11,12,9,2024,8:05,1,69,69382,2,1,1,3,42 Quai Docteur Gailleton,45,
2.02E+11,10,4,2024,17:50,1,78,78545,1,1,1,6,CD 7,48,
2.02E+11,24,11,2024,11:20,1,59,59152,1,1,6,2,LYS ( BOULEVARD DE LA ),50,
2.02E+11,22,11,2024,14:50,1,50,50165,2,1,1,1,MOULIN (RUE DU),48,
2.02E+11,23,4,2024,14:35,1,78,78029,2,9,1,3,PIERRE LEFAUCHEUX,48,
2.02E+11,12,9,2024,12:40,1,2A,2A004,2,1,2,6,20 Avenue du Docteur Noel Franchini,41,
2.02E+11,8,8,2024,0:45,3,44,44131,2,1,1,6,42 Rue du Général de Gaulle,47,
2.02E+11,11,9,2024,19:30,1,95,95428,2,9,1,6,D144,48,
2.02E+11,24,11,2024,16:35,1,49,49007,2,1,1,6,BASSE CHAINE PONT,47,
2.02E+11,11,9,2024,17:00,1,95,95288,1,1,1,6,ParcREPUBLIQUE (AVENUE DE LA),48,
2.02E+11,24,11,2024,6:35,2,49,49007,2,1,1,1,PASTEUR AVENUE,47,
2.02E+11,6,8,2024,17:55,1,38,38479,1,1,1,2,D518,45,
2.02E+11,23,4,2024,17:50,1,76,76540,2,3,1,2,Quai Cavelier de la Salle,49,
2.02E+11,12,9,2024,16:10,1,91,91549,2,1,1,6,BRETIGNY (AVENUE DE),48,
2.02E+11,7,8,2024,23:45,3,70,70111,1,1,1,6,RD 100,47,
2.02E+11,23,4,2024,16:10,1,76,76157,1,1,1,7,Cote de Canteleu,49,
2.02E+11,12,9,2024,8:25,1,91,91339,1,1,1,2,RTE NATIONALE 20,48,
2.02E+11,24,11,2024,20:40,5,34,34172,2,2,2,1,CROIX CAPITAINE (AVENUE DE LA),43,
2.02E+11,23,4,2024,9:00,1,76,76681,2,2,7,3,Rue Francisco Ferrer,49,
2.02E+11,12,9,2024,18:10,1,91,91477,2,1,8,6,CROIX MARTRE (RUE DE LA),48,
2.02E+11,7,8,2024,17:19,1,26,26191,1,4,1,2,Route de Dieulefit,44,
2.02E+11,23,4,2024,2:00,5,76,76351,2,1,2,6,LAMBLARDIE (QUAI),49,
2.02E+11,5,2,2024,6:40,5,92,92012,2,1,1,1,MARCEL SEMBAT (PLACE),48,
2.02E+11,24,11,2024,21:28,5,34,34172,2,1,2,2,TOULOUSE (AVENUE DE,43,
2.02E+11,12,9,2024,14:46,1,91,91377,2,1,1,3,RUE DU PEROU,48,
2.02E+11,4,2,2024,12:50,1,37,37226,1,1,1,7,Les Roberdieres,47,
2.02E+11,8,8,2024,1:15,3,72,72360,1,4,1,1,intersection D245 - C6,48,
2.02E+11,23,4,2024,13:30,1,73,73031,2,4,1,3,MONTS DESSUS (CHEMIN DES),45,
2.02E+11,12,9,2024,8:05,1,91,91174,2,1,1,3,RUE DE LA PECHERIE,48,
2.02E+11,5,2,2024,16:40,1,37,37077,2,1,1,6,50 Chemin de Racault,47,
2.02E+11,24,11,2024,1:20,3,34,34198,1,1,2,6,D62  VOIE RAPIDE,43,
2.02E+11,7,8,2024,18:36,1,64,64427,2,4,1,3,Route d?Orthez,43,
2.02E+11,5,2,2024,19:30,4,49,49092,2,1,1,6,Rue Nationale (Chemillé),47,
2.02E+11,22,4,2024,7:50,1,70,70550,2,3,8,3,Rue André Maginot,47,
2.02E+11,3,8,2024,15:53,1,64,64403,1,1,1,7,D936,43,
2.02E+11,11,9,2024,22:59,5,87,87085,2,2,1,3,SAINT MARTIAL (QUAI),45,
2.02E+11,23,4,2024,13:30,1,66,66136,2,1,1,3,JOTGLARS (DES),42,
2.02E+11,5,2,2024,17:14,1,34,34088,1,1,1,2,Avenue de la Gare du Midi,43,
2.02E+11,11,9,2024,17:19,1,87,87085,2,1,2,6,AUTOROUTE A20,45,
2.02E+11,8,8,2024,8:50,1,18,18103,2,2,1,3,Chemin de Saint Phalier,47,
2.02E+11,23,4,2024,18:22,1,64,64445,2,1,1,7,RICHELIEU,43,
2.02E+11,11,9,2024,7:40,1,81,81065,2,1,8,6,SIZAIRE (BD.HENRI),43,
2.02E+11,8,8,2024,0:45,3,16,16103,1,1,1,7,N/A,45,
2.02E+11,31,1,2024,21:45,5,69,69046,2,2,1,2,Route du Bas Privas,45,
2.02E+11,22,4,2024,11:30,1,64,64284,1,1,1,7,LAS HIES DE,43,
2.02E+11,12,9,2024,16:15,1,81,81004,2,6,1,6,LUDE (BD ET ALLEE DU),43,
2.02E+11,20,1,2024,11:40,1,51,51443,1,1,1,7,D48,48,
2.02E+11,6,8,2024,21:45,2,53,53111,1,1,1,3,la Raverie,48,
2.02E+11,23,4,2024,17:50,1,63,63075,2,1,1,6,THERMES (AVENUE DES),45,
2.02E+11,5,2,2024,16:45,1,71,71522,1,1,1,6,1737 Route de Cuisery,46,
2.02E+11,12,9,2024,8:00,1,77,77079,1,6,7,3,AV DES ACACIAS,48,
2.02E+11,23,4,2024,20:10,1,62,62160,2,1,2,2,Boulevard de l’Europe,50,
2.02E+11,8,8,2024,7:45,1,85,85095,1,1,1,1,la briardiere,46,
2.02E+11,6,2,2024,10:30,1,86,86263,1,3,8,1,D741,46,
2.02E+11,22,4,2024,11:35,1,62,62643,2,1,1,6,D119,50,
2.02E+11,7,8,2024,17:20,1,87,87126,1,2,1,2,Route de Lascaux,45,
2.02E+11,6,2,2024,17:50,2,34,34076,1,3,1,3,Rabieux,43,
2.02E+11,11,9,2024,14:10,1,76,76447,2,2,1,7,PRESIDENT WILSON,49,
2.02E+11,5,8,2024,11:00,1,52,52300,1,1,1,7,départementale 2,48,
2.02E+11,12,9,2024,16:25,1,76,76414,2,1,1,6,LOUIS BLERIOT (RUE ),49,
2.02E+11,5,2,2024,18:40,3,44,44171,2,1,1,1,29 Rue de Pornic,47,
2.02E+11,22,4,2024,14:10,1,59,59122,2,3,7,6,SAINT LADRE (RUE),50,
2.02E+11,8,8,2024,16:00,1,52,52265,1,1,1,1,N67,48,
2.02E+11,11,9,2024,17:10,1,72,72181,2,1,1,2,ARCHE (RUE DE L'),48,
2.02E+11,6,2,2024,17:44,1,2,2461,2,2,1,6,1 Avenue de la Gare,49,
2.02E+11,12,9,2024,15:50,1,66,66136,2,1,1,6,Avenue Maréchal Leclerc,42,
2.02E+11,21,4,2024,14:40,1,57,57672,2,6,1,3,Route des Romains,49,
2.02E+11,11,9,2024,13:00,1,66,66136,2,2,1,6,Avenue Jean Mermoz,42,
2.02E+11,22,4,2024,15:50,1,56,56083,2,1,1,6,VAILLANT ( AV. EDOUARD ),47,
2.02E+11,5,2,2024,15:00,1,84,84051,1,2,1,6,Chemin de la Bounotte,43,
2.02E+11,12,9,2024,21:30,5,64,64129,2,1,1,7,LALANNE,43,
2.02E+11,6,2,2024,18:20,4,60,60006,1,6,1,6,D200,49,
2.02E+11,22,4,2024,14:30,1,56,56121,2,6,1,3,Rond-point de Kervaric,47,
2.02E+11,8,8,2024,16:25,1,6,6018,1,1,1,6,2004 Route des Lucioles,43,
2.02E+11,11,9,2024,17:13,1,63,63245,2,1,3,2,LAGRANGE LEO (AVENUE),45,
2.02E+11,22,4,2024,17:30,1,54,54300,2,3,1,3,Rue Gustave Flaubert,48,
2.02E+11,8,8,2024,14:29,1,6,6079,1,1,7,3,A8 PR 157 + 235,43,
2.02E+11,5,2,2024,17:20,2,64,64147,1,1,1,3,D936,43,
2.02E+11,23,4,2024,8:15,1,51,51454,2,7,1,3,FRANCHET D'ESPEREY (BOULEVARD),49,
2.02E+11,11,9,2024,16:45,1,63,63113,2,1,2,3,SABLON (COURS),45,
2.02E+11,6,2,2024,9:37,1,18,18165,1,1,1,1,N/A,47,
2.02E+11,7,8,2024,17:15,1,7,7134,2,1,1,3,210 Route de Rosieres,44,
2.02E+11,23,4,2024,14:25,1,45,45232,2,1,1,3,Rue de la Bergeresse,47,
2.02E+11,11,9,2024,18:50,1,62,62498,2,1,1,6,Avenue du 4 Septembre,50,
2.02E+11,12,9,2024,7:45,1,62,62193,2,9,1,3,D119,50,
2.02E+11,4,2,2024,7:00,3,40,40333,1,1,5,3,D38,43,
2.02E+11,23,4,2024,16:51,1,37,37261,2,1,1,6,BERGEONNERIE (RUE DE LA),47,
2.02E+11,8,8,2024,0:48,3,37,37173,1,1,1,6,D 775,47,
2.02E+11,5,2,2024,22:15,3,27,27384,1,1,1,6,Rue du Lion,49,
2.02E+11,22,4,2024,8:20,1,37,37261,2,1,1,3,EIFFEL (AVENUE GUSTAVE),47,
2.02E+11,12,9,2024,11:50,1,62,62041,2,3,1,6,Rue de l’Abbe Pierre,50,
2.02E+11,22,4,2024,12:05,1,34,34301,2,1,1,6,QUILLES (CHEMIN DES),43,
2.02E+11,12,9,2024,9:00,1,59,59599,2,1,1,6,FROISSART (RUE JEAN),50,
2.02E+11,4,2,2024,17:45,1,30,30352,2,1,1,5,Avenue du Mas de Guiraud,43,
2.02E+11,7,8,2024,4:05,3,30,30123,1,1,1,7,Autoroute A9 - PK 74+900 sens Montpellier vers Nîmes,43,
2.02E+11,11,9,2024,13:20,1,59,59068,1,9,1,6,LOUIS DUBOC (RUE),50,
2.02E+11,23,4,2024,8:00,1,34,34172,2,1,1,3,SABATIER D'ESPEYRAN (AVENUE FREDERIC),43,
2.02E+11,5,2,2024,11:35,1,987,98738,2,1,2,2,Pk 10 mairie de Punaauia,-17,
2.02E+11,7,8,2024,8:30,1,73,73257,1,1,1,3,D96,45,
2.02E+11,19,4,2024,20:50,5,34,34032,2,9,1,1,SAINT SAENS CAMILLE (AV),43,
2.02E+11,12,9,2024,19:50,1,59,59350,2,3,1,3,N° 2/74B Boulevard Montebello,50,
2.02E+11,31,1,2024,15:50,1,65,65417,1,1,1,4,A64,43,
2.02E+11,12,9,2024,20:00,2,59,59350,2,1,1,6,Boulevard Vauban,50,
2.02E+11,17,4,2024,7:30,1,31,31555,2,1,1,3,ETATS UNIS (AV DES) DU 1AU 281,43,
2.02E+11,8,8,2024,17:25,1,69,69252,1,1,1,3,Route de la Cote,45,
2.02E+11,5,2,2024,6:50,3,53,53146,1,1,1,7,D12,48,
2.02E+11,23,4,2024,4:35,3,31,31555,1,1,1,6,VA007440 LES MINIMES A620 Sortie 31,43,
2.02E+11,12,9,2024,12:55,1,57,57463,2,1,1,6,LAFAYETTE (RUE ),49,
2.02E+11,2,2,2024,23:15,3,988,98811,1,1,8,6,RT1 avenue LAPITA,-21,
2.02E+11,7,8,2024,16:30,1,973,97357,1,1,1,6,Gaan Siton,4,
2.02E+11,23,4,2024,18:05,1,29,29232,2,1,1,2,Avenue de la Gare,47,
2.02E+11,5,2,2024,7:50,1,34,34183,1,1,1,1,d162,43,
2.02E+11,12,9,2024,14:44,1,56,56260,2,2,1,3,Boulevard de la Paix,47,
2.02E+11,7,8,2024,15:00,1,971,97129,2,1,2,6,Route de Belle Riviere,16,
2.02E+11,23,4,2024,9:30,1,27,27562,2,1,1,6,PRES (RUE DES),49,
2.02E+11,11,9,2024,14:20,1,56,56121,2,9,1,3,Boulevard Léon Blum,47,
2.02E+11,23,4,2024,17:49,1,27,27229,2,1,1,7,BRIAND (AVENUE ARISTIDE),49,
2.02E+11,5,2,2024,15:50,1,34,34344,2,2,1,4,Avenue de Melgueil,43,
2.02E+11,26,4,2024,14:45,1,78,78389,2,1,1,3,Avenue de l?Arbre a la Quenee,48,
2.02E+11,6,2,2024,12:20,1,83,83127,1,1,1,1,PK 0007.250,,
2.02E+11,7,8,2024,21:00,2,84,84063,1,1,1,6,N86,44,
2.02E+11,12,9,2024,20:30,4,51,51454,2,3,1,3,JEANNE D'ARC (RUE'),49,
2.02E+11,23,4,2024,15:15,1,27,27229,2,3,1,3,VERNON (RUE DE),49,
2.02E+11,6,2,2024,9:52,1,88,88418,1,1,8,3,D48,48,
2.02E+11,4,8,2024,11:50,1,83,83094,1,1,1,6,Route du Plan,43,
2.02E+11,10,9,2024,17:50,1,51,51055,2,1,1,2,NEUFCHATEL (RUE DE) DU N°40 A FIN (PAIR),49,
2.02E+11,7,8,2024,12:20,1,69,69241,2,1,1,7,Route du Batard,45,
2.02E+11,23,4,2024,23:15,5,25,25056,2,3,1,3,BELFORT RUE DE (inf144),47,
2.02E+11,4,2,2024,15:15,1,73,73232,1,1,1,1,D902,45,
2.02E+11,3,2,2024,0:30,3,26,26179,1,6,1,6,Route du Dauphiné,45,
2.02E+11,8,9,2024,18:40,1,49,49378,1,1,1,3,FAUTRAGES (CHEMIN DES),47,
2.02E+11,8,8,2024,7:35,1,46,46055,2,1,1,1,le port - D840,44,
2.02E+11,4,2,2024,2:20,3,9,9157,2,2,1,3,Quatre Chemins,42,
2.02E+11,11,9,2024,16:23,1,49,49246,2,1,1,1,CHAUVIN AVENUE,47,
2.02E+11,7,8,2024,18:30,1,33,33256,2,3,1,3,N/A,44,
2.02E+11,10,9,2024,22:46,5,49,49007,2,1,1,7,RAMON BOULEVARD,47,
2.02E+11,6,2,2024,12:50,1,40,40125,1,2,1,3,Route de Dax,43,
2.02E+11,7,8,2024,16:35,1,22,22186,2,1,1,6,Rue du Pont Neuf,48,
2.02E+11,12,9,2024,15:00,1,47,47001,2,3,1,3,DE GAULLE (AV. DU GENERAL),44,
2.02E+11,7,8,2024,17:10,1,60,60559,1,1,1,6,D9,49,
2.02E+11,3,2,2024,18:25,2,33,33227,2,1,1,1,N/A,44,
2.02E+11,6,2,2024,17:55,1,85,85054,1,1,1,6,RD 42,46,
2.02E+11,7,8,2024,15:05,1,80,80039,1,1,1,4,Route Departementale 940,50,
2.02E+11,11,9,2024,12:55,1,47,47201,2,6,1,4,PYRENEES (AVENUE DES),44,
2.02E+11,14,6,2024,18:55,1,13,13215,1,1,1,3,A7-Sens Marseille vers Lyon,43,
2.02E+11,6,2,2024,8:15,5,44,44198,2,1,1,3,13 Avenue du Sud,47,
2.02E+11,5,8,2024,12:33,1,59,59569,1,1,1,7,AUTOROUTE A21,50,
2.02E+11,11,9,2024,16:30,1,45,45234,2,3,1,3,MORIN (RUE JEAN BAPTISTE),47,
2.02E+11,6,2,2024,10:10,1,2,2720,2,1,1,3,5 Rue du Mal de Lattre de Tassigny,49,
2.02E+11,30,1,2024,13:50,1,80,80799,1,6,1,7,D23,49,
2.02E+11,13,9,2024,2:00,4,44,44009,1,1,2,2,Boulevard Charles de Gaulle,47,
2.02E+11,19,7,2024,4:50,5,59,59378,1,1,1,4,AUTOROUTE A22,50,
2.02E+11,5,2,2024,1:20,5,13,13210,2,1,1,6,S10CD-Sens Aubagne vers Marseille,43,
2.02E+11,12,9,2024,19:00,1,44,44190,2,1,2,3,9 Rue Marie Curie,47,
2.02E+11,7,8,2024,18:52,1,91,91471,1,1,1,2,RN 118,48,
2.02E+11,2,2,2024,13:35,1,59,59284,1,1,1,4,AUTOROUTE A23,50,
2.02E+11,18,5,2024,17:45,1,43,43059,1,4,1,7,Route de Brioude,45,
2.02E+11,12,9,2024,18:00,1,43,43041,2,1,1,6,Rue de la République,45,
2.02E+11,5,2,2024,17:31,1,92,92002,1,1,1,3,AUTOROUTE A86,48,
2.02E+11,11,9,2024,18:40,1,43,43157,1,1,3,7,RN88,45,
2.02E+11,28,5,2024,15:30,1,43,43080,1,1,1,5,Route de Retournac,45,
2.02E+11,5,2,2024,10:30,1,91,91617,1,1,2,2,RN6 PROVINCE / RN104 INT,48,
2.02E+11,19,5,2024,22:50,3,61,61221,2,1,5,6,D43 PR10+830,48,
2.02E+11,24,7,2024,16:24,1,44,44026,2,1,1,6,198 Chemin de la Manguais,47,
2.02E+11,3,2,2024,10:50,1,93,93027,1,1,2,5,AUTOROUTE A86,48,
2.02E+11,31,10,2024,19:20,5,88,88160,2,1,5,3,SAINT-MICHEL (RUE),48,
2.02E+11,5,7,2024,19:40,1,44,44212,1,1,1,7,La Grande Pièce,47,
2.02E+11,3,2,2024,10:45,1,95,95424,1,1,2,6,A15,48,
2.02E+11,6,6,2024,19:43,1,74,74012,2,1,1,3,INDUSTRIE (RUE DE L'),46,
2.02E+11,21,10,2024,21:15,5,88,88413,2,1,1,3,Résistance ( Quai de la ),48,
2.02E+11,3,2,2024,6:30,2,92,92036,1,1,1,6,AUTOROUTE A86,48,
2.02E+11,2,2,2024,15:20,1,95,95256,1,1,1,6,A115,49,
2.02E+11,5,8,2024,17:00,1,987,98735,1,1,1,2,FARE UTE,-17,
2.02E+11,16,10,2024,9:50,1,57,57160,2,1,1,6,Rue de Saint Etienne,49,
2.02E+11,5,2,2024,19:15,3,77,77294,1,1,1,3,A104,48,
2.02E+11,6,8,2024,5:55,3,974,97416,1,3,1,6,PARADIS (LIGNE) (2),-21,
2.02E+11,14,12,2024,2:20,5,971,97105,2,1,1,6,BD GERTY ARCHIMEDE,15,
2.02E+11,5,8,2024,20:00,1,69,69276,2,1,1,6,2 Rue de la Begude,45,
2.02E+11,31,12,2024,18:08,5,73,73008,2,3,1,6,TRESSERVE AVENUE DE,45,
2.02E+11,5,2,2024,7:45,1,94,94028,1,1,1,4,A86,48,
2.02E+11,5,8,2024,11:45,1,69,69290,2,2,1,5,Rue du Dauphiné,45,
2.02E+11,20,12,2024,23:40,5,27,27229,2,3,1,3,BUFFARDIERE (BOULEVARD DE LA),49,
2.02E+11,4,2,2024,14:50,1,75,75118,2,4,1,6,BOULEVARD NEY,48,
2.02E+11,5,8,2024,9:40,1,69,69259,2,1,1,6,Avenue Viviani,45,
2.02E+11,22,12,2024,19:30,5,93,93064,2,1,1,1,BOISSIERE (RUELLE),48,
2.02E+11,5,8,2024,23:13,5,67,67482,2,3,1,7,ILL (RUE DE L ),48,
2.02E+11,26,10,2024,3:25,5,28,28404,1,1,9,1,LIBERTE (AVENUE DE LA),48,
2.02E+11,4,2,2024,10:35,1,976,97611,2,1,1,5,kaweni-Pendu (Place),-12,
2.02E+11,5,8,2024,17:38,1,59,59163,2,2,1,3,HOLDEN CROTHERS(RUE),50,
2.02E+11,29,9,2024,20:00,3,73,73316,1,1,1,6,D925,45,
2.02E+11,6,8,2024,13:45,1,37,37261,2,9,1,6,ALOUETTE (AVENUE),47,
2.02E+11,4,2,2024,13:00,1,974,97416,1,1,1,2,LIGNE PARADIS(ROUTE DE LA),-21,
2.02E+11,28,9,2024,6:45,2,73,73330,1,4,2,1,D1504,45,
2.02E+11,4,2,2024,9:30,1,974,97416,1,1,1,7,RN1 (ROUTE NATIONALE),-21,
2.02E+11,6,8,2024,0:30,5,37,37261,2,3,1,3,GANCE (BOULEVARD ABEL),47,
2.02E+11,5,8,2024,16:25,1,37,37208,2,2,1,3,ORMEAU (RUE DE L'),47,
2.02E+11,8,8,2024,19:40,1,73,73098,1,1,1,3,D913,45,
2.02E+11,4,2,2024,18:10,1,974,97407,1,3,1,3,OWENS JAMES,-20,
2.02E+11,4,2,2024,1:10,5,974,97407,2,1,1,6,LAUDE E(RUE),-20,
2.02E+11,5,8,2024,14:40,1,37,37233,2,6,1,2,RABATERIE ( RUE DE LA ),47,
2.02E+11,27,9,2024,6:05,5,38,38421,2,2,2,3,AVENUE GABRIEL PÉRI,45,
2.02E+11,4,2,2024,12:23,1,973,97302,2,1,1,1,SAINT ANTOINE (CHEMIN),4,
2.02E+11,5,8,2024,7:55,1,37,37214,2,6,7,6,PORTILLON (QUAI),47,
2.02E+11,6,9,2024,19:43,1,38,38151,2,3,1,3,COURS JEAN JAURÈS,45,
2.02E+11,3,2,2024,16:45,1,973,97302,2,1,1,7,MONTABO (ROUTE DE) 1,4,
2.02E+11,5,8,2024,17:35,1,34,34172,2,2,1,3,VAL DE MONTFERRAND (AVENUE DU),43,
2.02E+11,6,9,2024,13:20,1,38,38544,2,1,1,1,Avenue Jean de la Fontaine,45,
2.02E+11,3,2,2024,6:25,2,973,97302,2,1,1,2,14 ET 22 JUIN 1962,4,
2.02E+11,6,8,2024,2:40,5,13,13204,2,1,1,2,ALEX. FLEMING (BOULEVARD),43,
2.02E+11,4,2,2024,5:05,2,972,97209,2,1,1,6,PROFESSEUR RAYMOND GARCIN (RUE DU),14,
2.02E+11,2,9,2024,17:25,1,38,38544,1,1,1,3,D 41,45,
2.02E+11,5,8,2024,22:40,3,13,13047,1,1,1,1,D.5,43,
2.02E+11,4,2,2024,6:00,2,972,97209,2,1,1,6,ENTRAIDE (ROUTE DE L'),14,
2.02E+11,8,11,2024,16:20,1,74,74012,2,1,1,6,RESISTANCE (RUE DE LA),46,
2.02E+11,6,8,2024,9:15,1,75,75114,2,1,1,3,BD PERIPHERIQUE EXTERIEUR,48,
2.02E+11,3,2,2024,15:25,1,972,97209,2,9,1,7,DOROTHY (ROUTE DE),14,
2.02E+11,4,2,2024,11:30,1,69,69385,2,1,1,6,58 Rue des Aqueducs,45,
2.02E+11,5,8,2024,15:05,1,75,75120,2,1,1,2,BOULEVARD PERIPHERIQUE INTERIEUR,48,
2.02E+11,29,10,2024,19:17,5,74,74010,2,2,1,6,BARATTES (AVENUE DES),45,
2.02E+11,4,2,2024,6:30,2,971,97101,1,1,1,6,ROUTE DE BOISVINS,16,
2.02E+11,5,8,2024,11:25,1,75,75120,2,1,1,5, Bd Périphérique Intérieur ,48,
2.02E+11,18,10,2024,19:15,5,74,74010,2,6,1,6,RHONE (AVENUE DU),45,
2.02E+11,4,2,2024,13:45,1,95,95539,1,1,2,2,D301,49,
2.02E+11,4,8,2024,23:40,5,75,75114,2,4,1,2,PORTE D ORLEANS,48,
2.02E+11,7,10,2024,16:15,1,74,74010,2,2,2,3,REPUBLIQUE (AVENUE DE LA),45,
2.02E+11,3,2,2024,20:45,5,95,95280,2,6,2,3,D47,49,
2.02E+11,5,8,2024,23:00,3,75,75120,2,1,1,6,BD PERIPHERIQUE INTERIEUR ,48,
2.02E+11,21,12,2024,19:08,5,972,97213,1,9,1,3,AUTOROUTE A1,14,
2.02E+11,14,10,2024,18:25,3,971,97113,1,1,1,7,SECTION LEROUX,16,
2.02E+11,4,2,2024,19:10,5,91,91687,2,9,1,3,VICTOR SCHOELCHER (PLACE),48,
2.02E+11,19,12,2024,8:25,1,52,52045,2,6,1,6,BAR LE DUC (ROUTE DE),48,
2.02E+11,4,2,2024,6:15,3,91,91223,1,1,2,7,N 20,48,
2.02E+11,28,11,2024,17:00,2,52,52448,2,9,1,2,REPUBLIQUE (AVE DE LA) N° 1 A 49,48,