Num_Acc,jour,mois,an,hrmn,lum,dep,com,agg,int,atm,col,adr,lat,long
2.02E+11,3,8,2024,14:00,1,61,61203,1,1,8,6,Voie Communale,48,
2.02E+11,30,12,2024,18:15,5,33,33063,2,1,1,1,N/A,44,
2.02E+11,3,2,2024,18:45,5,76,76575,1,3,2,4,Boulevard Lénine,49,
2.02E+11,5,8,2024,5:15,3,56,56009,1,1,1,2,Route de l'Aérodrome,47,
2.02E+11,31,12,2024,19:15,3,31,31555,2,1,5,1,AV DU GENERAL DE MONSABERT,43,
2.02E+11,3,2,2024,5:45,5,76,76540,2,1,2,1,Quai du Havre,49,
2.02E+11,31,12,2024,13:50,1,26,26362,2,1,1,3,Avenue Georges Clemenceau,44,
2.02E+11,3,2,2024,12:10,1,69,69266,2,1,1,5,217 Avenue Roger Salengro,45,
2.02E+11,31,12,2024,12:42,1,19,19272,2,9,1,3,Lucien Sampeix (Av),45,
2.02E+11,3,2,2024,9:30,1,69,69029,2,6,1,3,Avenue Camille Rousset,45,
2.02E+11,31,12,2024,12:30,1,17,17300,2,1,8,6,MAUBEC   QUAI,46,
2.02E+11,3,2,2024,17:30,2,67,67482,2,3,1,1,BECQUEREL (RUE),48,
2.02E+11,31,12,2024,17:05,2,15,15014,2,1,1,2,Chemin du Bousquet,44,
2.02E+11,3,2,2024,14:00,1,64,64445,2,3,1,3,14 JUILLET DU,43,
2.02E+11,31,12,2024,7:30,5,13,13211,2,1,1,3,PARETTE (PLACE DE LA),43,
2.02E+11,3,2,2024,9:45,1,63,63063,2,9,1,6,GRILLON (RUE DU),45,
2.02E+11,30,12,2024,15:00,1,13,13028,2,3,1,2,RIPERT (AVENUE EMILE),43,
2.02E+11,3,2,2024,1:01,3,62,62457,2,1,2,6,Avenue des Aeronautes,50,
2.02E+11,25,1,2024,19:05,5,62,62178,2,9,2,7,D841,50,
2.02E+11,30,12,2024,14:20,1,12,12013,2,4,9,6,MYOSOTIS (AVENUE),44,
2.02E+11,2,2,2024,8:10,1,59,59009,2,1,1,6,Avenue du Pont de Bois,50,
2.02E+11,30,12,2024,17:30,3,10,10362,2,1,1,2,D660,48,
2.02E+11,3,2,2024,2:25,5,56,56260,2,1,1,6,BECEL(AVENUE JEAN-MARIE),47,
2.02E+11,30,12,2024,11:14,1,10,10333,2,6,1,3,ROCADE OUEST (RD 610),48,
2.02E+11,30,1,2024,16:10,1,56,56260,2,1,1,7,Avenue du Président Wilson,47,
2.02E+11,30,12,2024,8:50,2,10,10325,2,1,2,7,ROCADE OUEST (RD 610),48,
2.02E+11,3,2,2024,10:50,1,49,49007,2,1,1,2,SAINT MICHEL BOULEVARD,47,
2.02E+11,30,12,2024,15:30,1,7,7281,2,1,1,2,MULETS (CHEMIN 1  DES),44,
2.02E+11,3,2,2024,14:55,1,45,45075,2,2,1,3,8 Rue de la Bredauche,47,
2.02E+11,31,12,2024,16:00,1,6,6029,2,1,1,3,20 Rue Jean Jaurès,43,
2.02E+11,31,12,2024,7:25,2,6,6004,2,1,1,3,820 Route de Nice,43,
2.02E+11,3,2,2024,18:20,5,44,44184,2,2,1,5,37 Boulevard de la Libération,47,
2.02E+11,30,12,2024,14:35,1,5,5061,2,3,1,1,Avenue d'Embrun,44,
2.02E+11,3,2,2024,19:00,5,42,42186,2,4,8,4,Avenue Charles de Gaulle,45,
2.02E+11,30,12,2024,17:35,5,5,5023,2,3,1,3,SERRE PAIX (RUE DU),44,
2.02E+11,3,2,2024,22:15,5,38,38185,2,1,1,1,TEISSEIRE (AVENUE),45,
2.02E+11,31,12,2024,10:43,1,75,75114,2,1,1,2,BD PERIPHERIQUE INTERIEUR,48,
2.02E+11,3,2,2024,8:05,5,37,37261,2,2,2,3,SEBASTOPOL (RUE),47,
2.02E+11,4,2,2024,1:40,5,35,35238,2,1,1,6,VERN (DE),48,
2.02E+11,31,12,2024,11:05,1,75,75115,2,1,2,2,RUE D ALLERAY,48,
2.02E+11,30,12,2024,13:55,1,75,75114,2,3,1,6,AVENUE DU GENERAL LECLERC,48,
2.02E+11,3,2,2024,21:05,5,35,35238,2,2,1,3,MANIEZ (AVENUE JULES),48,
2.02E+11,3,2,2024,19:40,2,35,35238,1,1,1,2,ROCADE 1-2,48,
2.02E+11,30,12,2024,14:47,1,75,75108,2,2,2,3,RUE DE LISBONNE,48,
2.02E+11,3,2,2024,23:15,5,34,34172,2,7,1,3,MERMOZ (CARREFOUR),43,
2.02E+11,30,12,2024,20:50,5,94,94081,2,2,8,6,Avenue Lucien Français,48,
2.02E+11,3,2,2024,19:00,4,34,34172,2,1,1,2,MENDES FRANCE (AVENUE PRESIDENT PIERRE,43,
2.02E+11,31,12,2024,20:25,5,94,94046,2,3,1,3,Avenue du Général Leclerc,48,
2.02E+11,3,2,2024,1:50,4,34,34172,2,1,1,2,FABRE DE MORLHON (BOULEVARD JACQUES),43,
2.02E+11,31,12,2024,16:05,1,94,94028,2,3,8,2,Rue Neuve,48,
2.02E+11,31,12,2024,16:30,1,93,93048,2,1,1,6,CONVENTION (RUE DE LA),48,
2.02E+11,31,12,2024,14:40,1,93,93005,2,3,1,2,Avenue Raoul Dufy / Rue Henri Matisse,48,
2.02E+11,22,12,2024,21:40,5,92,92063,2,1,1,2,BONAPARTE (AVENUE NAPOLEON) NORD,48,
2.02E+11,31,12,2024,9:15,1,92,92062,2,3,1,3,PRESSENCE (RUE FRANCIS DE),48,
2.02E+11,31,12,2024,10:40,1,92,92048,2,6,1,3,VAUGIRARD (ROUTE DE),48,
2.02E+11,31,12,2024,12:58,1,92,92040,2,1,1,3,VICTOR CRESSON (AVENUE) DU 29 AU 77,48,
2.02E+11,30,12,2024,18:30,5,92,92025,2,1,1,6,GABRIEL PERI (RUE),48,
2.02E+11,31,12,2024,12:30,1,92,92024,2,1,1,3,GENERAL ROGUET (RUE DU) DE (1 A 57)   (2,48,
2.02E+11,31,12,2024,12:40,1,92,92023,2,1,1,2,GENERAL EISENHOWER (AVENUE),48,
2.02E+11,31,12,2024,19:40,5,974,97414,1,1,1,6,route nationale 1,-21,
2.02E+11,31,12,2024,20:10,3,51,51254,1,1,5,7,C2 La forestière,48,
2.02E+11,31,12,2024,15:00,1,69,69006,1,1,9,7,Route de Joasson,45,
2.02E+11,31,12,2024,23:00,3,12,12206,1,1,1,6,D994,44,
2.02E+11,31,12,2024,18:25,3,12,12063,1,1,1,1,D809,44,
2.02E+11,31,12,2024,13:00,1,6,6152,2,1,1,1,630 Route des Dolines,43,
2.02E+11,31,12,2024,19:00,5,68,68117,2,1,1,2,Rue du Muhlele,48,
2.02E+11,31,12,2024,16:20,1,63,63213,1,3,5,1,D6,45,
2.02E+11,30,12,2024,4:35,3,54,54304,1,1,1,2,A33,48,
2.02E+11,28,12,2024,2:35,3,62,62186,1,1,2,7,A21,50,
2.02E+11,27,12,2024,2:49,3,59,59426,1,1,1,7,AUTOROUTE A22,50,
2.02E+11,30,12,2024,22:00,3,92,92036,1,1,1,2,AUTOROUTE A86,48,
2.02E+11,30,12,2024,10:00,1,95,95277,1,1,1,6,A104,48,
2.02E+11,30,12,2024,23:05,3,77,77294,1,1,1,2,A104,48,
2.02E+11,30,12,2024,10:55,1,77,77337,1,1,2,2,RN104,48,
2.02E+11,30,12,2024,13:50,1,974,97411,2,3,1,3,MAYOTTE (RUE DE),-20,
2.02E+11,30,12,2024,6:25,1,974,97411,2,1,1,6,JAURES (BLD 2 JEAN),-20,
2.02E+11,30,12,2024,21:50,5,974,97409,2,9,1,3,canal moreau (chemin),-20,
2.02E+11,30,12,2024,14:30,1,973,97302,2,1,3,7,TIGRE (ROUTE DU),4,
2.02E+11,28,12,2024,19:15,5,972,97209,2,9,1,3,MARTIN LUTHER KING (RUE),14,
2.02E+11,30,12,2024,0:35,5,69,69142,1,1,1,2,Route de Métropole 7,45,
2.02E+11,30,12,2024,17:47,5,2A,2A004,2,1,1,6,5 Boulevard Albert 1er,41,
2.02E+11,29,12,2024,12:55,1,91,91657,2,1,1,6,AV HENRI BARBUSSE,48,
2.02E+11,29,12,2024,0:50,5,91,91657,2,1,1,6,RUE PIERRE SEMARD,48,
2.02E+11,30,12,2024,19:20,5,91,91687,2,3,1,1,GRIBELETTE (AVENUE DE LA),48,
2.02E+11,28,12,2024,14:31,1,87,87065,2,3,1,3,TOULOUSE (RUE DE),45,
2.02E+11,30,12,2024,18:07,5,78,78238,2,1,1,6,RENAULT (ROUTE DE),48,
2.02E+11,1,6,2024,8:00,1,2A,2A006,1,1,1,1,3725 La Tuscia,41,
2.02E+11,2,6,2024,17:30,1,65,65017,1,9,1,3,D173,42,
2.02E+11,3,6,2024,11:00,1,63,63381,1,1,5,6,D943,45,
2.02E+11,3,6,2024,11:20,1,42,42092,1,1,5,1,Route des Brossettes,45,
2.02E+11,3,6,2024,16:10,1,41,41241,1,2,1,3,Route du Sous-préfet,47,
2.02E+11,2,6,2024,6:20,2,41,41002,1,1,2,7,D976,47,
2.02E+11,2,6,2024,20:10,2,39,39367,1,1,3,1,N/A,46,
2.02E+11,2,6,2024,16:45,1,25,25459,2,1,2,7,2 Rue de la Charrière Blanche,46,
2.02E+11,16,2,2024,5:40,3,31,31517,2,1,3,6,departementale 4,43,
2.02E+11,2,6,2024,18:45,2,15,15069,1,1,2,3,RN 122,45,
2.02E+11,3,6,2024,16:10,1,15,15192,1,1,1,6,RD 317 ,45,
2.02E+11,2,6,2024,17:25,1,26,26086,1,1,1,3,Route de Die,44,
2.02E+11,2,6,2024,17:00,1,58,58095,2,1,1,6,14 Impasse de la Condamine,46,
2.02E+11,3,6,2024,4:00,3,58,58046,1,1,1,6,Route de Fours,46,
2.02E+11,3,6,2024,14:00,1,6,6089,1,1,1,6,5 Route de Chateauneuf,43,
2.02E+11,2,6,2024,20:45,1,14,14165,1,1,1,6,D208,49,
2.02E+11,2,6,2024,0:10,4,14,14480,2,3,1,2,2 Rue de Saint-Clément,49,
2.02E+11,3,6,2024,16:45,1,50,50350,1,1,1,1,La Vionniere,49,
2.02E+11,2,6,2024,10:30,1,50,50084,1,1,1,2,Route départementale 971,49,
2.02E+11,2,6,2024,16:30,1,50,50412,1,1,1,7,Hameau Bosqueville,49,
2.02E+11,3,6,2024,8:05,2,60,60509,2,6,1,6,Rue Voltaire,49,
2.02E+11,3,6,2024,12:30,1,18,18075,1,1,1,7,N/A,47,
2.02E+11,3,6,2024,8:00,1,16,16280,2,6,1,2,N/A,45,
2.02E+11,3,6,2024,17:31,1,7,7172,1,1,1,3,D820,45,
2.02E+11,2,6,2024,12:00,1,40,40243,1,1,1,3,644 Avenue de Saint Vincent de Paul,43,
2.02E+11,2,6,2024,3:00,3,40,40265,1,1,1,6,D35,43,
2.02E+11,3,6,2024,16:25,1,30,30036,1,2,1,3,N113,43,
2.02E+11,3,6,2024,12:50,1,31,31091,1,9,1,6,A 62 péage Saint Jory,43,
2.02E+11,2,6,2024,11:30,1,987,98738,2,3,1,3,RT1 PK 12+300 SENS PAEA/PAPEETE,-17,
2.02E+11,2,6,2024,10:00,1,1,1331,1,1,2,6,A40 132+180,46,
2.02E+11,2,6,2024,18:25,1,69,69244,2,1,2,3,40 Route de Paris,45,
2.02E+11,3,6,2024,8:36,1,13,13025,1,1,1,2,A8,,
2.02E+11,3,6,2024,3:25,3,27,27701,1,1,1,6,A13,49,
2.02E+11,3,6,2024,13:35,1,13,13103,1,1,1,1,A54-PK 072.000 - SENS EST OUEST,43,
2.02E+11,2,6,2024,16:05,1,972,97224,2,1,2,1,Chemin Seailles Cark,14,
2.02E+11,3,6,2024,0:30,3,34,34209,1,1,1,7,D37 - PK43+100,43,
2.02E+11,2,6,2024,14:00,1,38,38320,2,1,2,6,737 RUE Chamboud,45,
2.02E+11,2,6,2024,10:40,1,7,7235,1,4,2,1,pk FS D116,44,
2.02E+11,2,6,2024,15:55,1,86,86104,1,1,8,6,D35,46,
2.02E+11,30,5,2024,10:45,1,85,85071,1,6,1,3,RD32,46,
2.02E+11,3,6,2024,16:25,1,14,14609,1,3,1,5,Route de Littry,49,
2.02E+11,1,6,2024,19:25,1,76,76728,2,1,8,1,D43,49,
2.02E+11,3,6,2024,19:20,1,60,60282,2,1,1,1,48 Rue de Lamorlaye,49,
2.02E+11,3,6,2024,17:15,1,80,80442,1,1,1,1,D930,49,
2.02E+11,3,6,2024,12:10,1,59,59252,1,2,1,3,Chemin de la Quennerie,50,
2.02E+11,31,5,2024,12:55,1,13,13071,1,1,1,4,A7-Sens Marseille vers Lyon,43,
2.02E+11,2,6,2024,1:50,3,13,13106,1,1,1,2,A7-Sens Lyon vers Marseille,43,
2.02E+11,16,10,2024,16:05,1,77,77291,1,1,1,1,D212,49,
2.02E+11,28,5,2024,17:50,1,67,67152,1,1,1,3,Route Nationale 83,48,
2.02E+11,17,10,2024,21:10,3,77,77374,1,1,2,7,D21,48,
2.02E+11,1,6,2024,21:00,2,92,92072,1,1,2,7,N118,48,
2.02E+11,2,6,2024,16:34,1,93,93007,1,1,1,3,A3,48,
2.02E+11,17,10,2024,20:00,5,77,77284,2,1,1,3,D603,48,
2.02E+11,2,6,2024,14:40,1,95,95306,1,1,1,4,A15,49,
2.02E+11,2,6,2024,14:15,1,95,95488,1,1,1,6,A15,49,
2.02E+11,17,10,2024,9:00,1,77,77276,1,3,1,3,D436A,48,
2.02E+11,1,6,2024,21:50,4,93,93063,1,1,1,3,A3,48,
2.02E+11,17,10,2024,9:30,1,77,77335,1,1,1,3,N3,48,
2.02E+11,2,6,2024,2:00,5,94,94052,1,1,1,2,A86,48,
2.02E+11,1,6,2024,21:45,3,77,77468,1,9,2,6,A4,48,
2.02E+11,17,10,2024,7:57,1,77,77131,2,4,1,3,D934,48,
2.02E+11,4,4,2024,5:04,1,44,44109,2,1,1,6,10 Rue Recteur Schmitt,47,
2.02E+11,4,4,2024,17:45,1,44,44109,2,7,8,7,Place Emile Zola,47,
2.02E+11,17,10,2024,8:00,2,76,76451,2,2,2,6,Place des Coquets,49,
2.02E+11,3,4,2024,16:34,1,44,44109,2,2,8,2,46 Rue de Strasbourg,47,
2.02E+11,1,4,2024,14:11,1,44,44162,2,1,8,6,Boulevard Charles Gauthier,47,
2.02E+11,17,10,2024,14:10,1,76,76351,2,1,1,7,GOBELINS (DES),49,
2.02E+11,1,4,2024,13:57,1,44,44109,2,1,8,3,159 Boulevard Jules Verne,47,
2.02E+11,16,10,2024,14:20,1,76,76351,2,3,1,6,GLYCINES (DES),49,
2.02E+11,31,3,2024,1:45,4,29,29019,2,6,2,6,avenue Salaun Penquer,48,
2.02E+11,15,10,2024,8:00,1,76,76351,2,2,1,3,MARYSE BASTIE,49,
2.02E+11,29,1,2024,18:01,2,84,84031,2,3,1,3,LUNEL ARMAND,44,
2.02E+11,17,10,2024,8:10,2,74,74118,2,1,3,6,18 AOUT (RUE DU),46,
2.02E+11,26,1,2024,10:00,1,84,84031,2,1,1,6,NAQUET BOULEVARD ALFRED,44,
2.02E+11,16,1,2024,19:30,2,84,84031,2,1,1,2,SAINT ROCH AVENUE,44,
2.02E+11,17,2,2024,15:55,1,62,62139,1,1,7,3,D210,50,
2.02E+11,17,10,2024,17:50,1,71,71306,2,2,1,1,CLUNY (RUE DE),46,
2.02E+11,22,2,2024,18:37,2,62,62040,2,1,1,6,D210,50,
2.02E+11,17,10,2024,4:20,5,71,71306,2,1,1,6,MAUGRAND (BLD DE LA),46,
2.02E+11,5,2,2024,17:00,2,62,62765,2,3,1,1,rue de Thérouanne,50,
2.02E+11,17,10,2024,8:30,1,69,69266,2,2,3,6,Avenue Auguste Blanqui,45,
2.02E+11,5,3,2024,18:05,2,74,74082,2,9,8,5,Route d'annecy,46,
2.02E+11,16,10,2024,10:20,1,69,69264,2,9,2,6,Avenue Theodore Braun,45,
2.02E+11,16,10,2024,16:12,1,69,69276,2,1,1,6,51 Route de Vienne,45,
2.02E+11,1,6,2024,14:25,1,974,97411,2,7,1,3,LATTRE DE TASSIGNY (AVENUE MARECHAL DE),-20,
2.02E+11,17,10,2024,10:50,1,68,68066,2,6,1,3,Avenue de l'Europe,48,
2.02E+11,1,6,2024,19:10,3,973,97302,2,3,1,3,MERE THERESA (rue),4,
2.02E+11,17,10,2024,18:20,2,67,67043,2,2,1,3,TROIS MAIRES (RUE DES),48,
2.02E+11,1,6,2024,12:00,1,69,69388,2,1,1,3,Avenue Jean Mermoz,45,
2.02E+11,17,10,2024,13:55,1,67,67267,2,1,1,2,MARECHAL FOCH (RUE DU),48,
2.02E+11,1,6,2024,4:05,5,69,69386,2,3,1,3,Rue Garibaldi,45,
2.02E+11,16,10,2024,17:45,1,66,66136,2,3,1,3,JUIN (AVENUE DU MARECHAL),42,
2.02E+11,31,5,2024,17:00,1,69,69383,2,1,1,3,Avenue Lacassagne,45,
2.02E+11,16,10,2024,16:45,1,66,66136,2,1,1,6,KOENING Bd,42,
2.02E+11,1,6,2024,2:30,5,2B,2B033,1,3,1,2,11 - RT,42,
2.02E+11,16,10,2024,12:40,1,64,64260,2,3,1,6,PELLOT (RUE),43,
2.02E+11,1,6,2024,11:30,1,971,97113,2,1,1,1,RN4 - SECTION RIVIERA,16,
2.02E+11,16,10,2024,18:30,1,64,64102,2,1,1,3,HENRI DE NAVARRE (AVENUE),43,
2.02E+11,1,6,2024,18:58,1,2A,2A004,2,1,1,6,#55 Cours Napoléon#,41,
2.02E+11,31,5,2024,17:43,1,2A,2A004,2,3,1,3,SAMPIERO BD,41,
2.02E+11,11,10,2024,8:30,1,60,60159,2,3,1,3,Boulevard des États-Unis,49,
2.02E+11,1,6,2024,20:00,1,95,95277,2,3,1,3,SAINT NICOLAS (RUE),48,
2.02E+11,1,6,2024,15:00,1,95,95203,2,1,2,3,RASPAIL (RUE),48,
2.02E+11,17,10,2024,13:30,1,59,59599,2,1,2,1,CANAL (RUE DU),50,
2.02E+11,2,6,2024,1:07,5,84,84007,2,3,1,3,RHONE (Boulevard du ),43,
2.02E+11,15,9,2024,17:00,1,59,59220,2,9,1,3,CARNOT RUE,50,
2.02E+11,1,6,2024,22:45,5,83,83137,1,1,1,1,PICOT (AVE DU COLONEL),43,
2.02E+11,17,10,2024,5:45,5,59,59431,1,1,2,6,MEUNIERS (RUE DES),50,
2.02E+11,1,6,2024,14:10,1,82,82033,1,3,1,3,Chemin du Riou-Tord,44,
2.02E+11,17,10,2024,8:20,2,56,56260,2,1,8,6,Avenue de Verdun,47,
2.02E+11,1,6,2024,21:05,2,78,78440,2,1,1,3,PAUL RAOULT (AVENUE),48,
2.02E+11,16,10,2024,18:35,5,54,54357,2,6,1,3,Rue Lafayette,48,
2.02E+11,1,6,2024,22:20,5,78,78168,2,9,2,6,Route nationale 10,48,
2.02E+11,16,10,2024,11:00,1,54,54395,2,6,1,6,Rue Saint Nicolas,48,
2.02E+11,1,6,2024,16:05,1,77,77284,2,1,2,2,Boulevard Charcot,48,
2.02E+11,16,10,2024,21:10,5,51,51454,2,9,1,3,Rond-point Marguerite Boutigny,49,
2.02E+11,1,6,2024,19:46,1,69,69259,2,2,1,1,Rue des Martyrs de la Résistance,45,
2.02E+11,16,10,2024,13:25,1,51,51454,2,2,1,3,SALENGRO (RUE ROGER),49,
2.02E+11,1,6,2024,17:20,1,67,67482,2,3,2,3,SAINT JEAN (QUAI),48,
2.02E+11,1,6,2024,16:30,1,64,64445,2,1,1,3,OLOF PALME,43,
2.02E+11,16,10,2024,16:15,1,50,50129,2,3,3,3,FERRY (RUE JULES),49,
2.02E+11,1,6,2024,0:10,3,64,64102,2,2,1,2,BAB (Boulevard),43,
2.02E+11,31,5,2024,12:25,1,62,62826,2,3,2,3,Avenue de Picardie,50,
2.02E+11,14,10,2024,12:40,1,50,50129,2,3,1,2,NORMANDIE (AVENUE DE),49,
2.02E+11,1,6,2024,0:20,3,62,62510,1,1,2,3,D58,50,
2.02E+11,16,10,2024,13:40,1,49,49246,1,1,2,2,ROUTE DE POUILLE,47,
2.02E+11,27,5,2024,18:09,1,54,54431,2,1,1,2,Avenue Camille Cavallier,48,
2.02E+11,31,5,2024,13:00,1,54,54525,1,1,1,1,D26C,49,
2.02E+11,16,10,2024,10:53,1,49,49007,2,2,1,6,RENNES,47,
2.02E+11,1,6,2024,11:50,1,54,54099,1,1,1,2,D146,49,
2.02E+11,17,10,2024,19:06,5,48,48095,2,1,2,7,FOCH (AVENUE),44,
2.02E+11,1,6,2024,10:50,1,51,51474,2,1,1,6,SORBON (RUE),49,
2.02E+11,29,5,2024,14:00,1,50,50147,1,9,1,4,ROCADE NORD,49,
2.02E+11,17,10,2024,12:45,1,47,47001,2,1,3,2,CUVIER (AV. GEORGES),44,
2.02E+11,1,6,2024,18:00,1,45,45338,1,1,2,1,D961 PR 0 + 3383,47,
2.02E+11,17,10,2024,20:00,5,44,44184,2,3,1,3,11 Avenue François Mitterrand,47,
2.02E+11,17,10,2024,18:44,5,38,38185,2,3,3,1,COURS BERRIAT,45,
2.02E+11,31,5,2024,18:45,1,45,45208,2,3,2,5,97 Rue André Coquillet,47,
2.02E+11,31,5,2024,18:43,1,45,45208,1,2,2,3,14 Avenue Louis-Maurice Chautemps,48,
2.02E+11,16,10,2024,17:00,1,38,38053,2,3,1,3,Boulevard Vincent Scotto,45,
2.02E+11,31,5,2024,18:15,1,45,45004,1,9,2,6,D2060 PR 28 + 335,47,
2.02E+11,1,6,2024,11:00,1,43,43157,2,1,1,6,Allee des Portes Occitanes,45,
2.02E+11,18,9,2024,18:21,1,37,37261,2,2,1,3,CHEVALLIER (RUE AUGUSTE),47,
2.02E+11,17,10,2024,6:10,5,37,37261,2,2,2,3,MIRABEAU (PONT),47,
2.02E+11,1,6,2024,22:54,4,42,42044,2,1,1,1,Boulevard d’Auvergne,45,
2.02E+11,16,10,2024,8:00,1,37,37233,2,6,1,3,ARC EN CIEL ( ROND POINT DE L'),47,
2.02E+11,1,6,2024,12:25,1,38,38185,2,9,8,6,GENERAL FERRIE (RUE),45,
2.02E+11,13,5,2024,9:20,1,34,34108,2,6,1,3,DE GAULE GENERAL (AVENUE DU),43,
2.02E+11,16,10,2024,6:55,5,37,37233,2,6,8,3,GRANDS MORTIERS (RUE DES),47,
2.02E+11,5,5,2024,16:45,1,34,34301,2,1,1,3,DURAND GENERAL (QUAI),43,
2.02E+11,16,10,2024,14:20,1,34,34172,2,1,1,6,ORIENT (BOULEVARD D'),43,
2.02E+11,1,6,2024,23:18,5,31,31555,2,1,1,6,RTE D AGDE,43,
2.02E+11,1,6,2024,15:25,1,31,31555,2,1,1,6,RUE LOUISE WEISS,43,
2.02E+11,16,10,2024,12:18,1,34,34032,2,2,1,7,VERDIER PIERRE (AV),43,
2.02E+11,1,6,2024,9:54,1,31,31555,2,1,1,6,Rue de la Verge d'Or,43,
2.02E+11,17,10,2024,8:10,2,33,33200,2,1,3,3,N/A,44,
2.02E+11,1,6,2024,23:15,5,28,28085,2,1,1,3,D823,48,
2.02E+11,17,10,2024,1:10,5,31,31555,2,1,1,7,AV JEAN ZAY,43,
2.02E+11,1,6,2024,10:30,1,26,26362,1,1,1,7,Avenue Docteur Paul Santy,44,
2.02E+11,1,6,2024,17:40,1,17,17415,1,1,1,7,Route Nationale 150,45,
2.02E+11,16,10,2024,18:35,1,29,29019,2,2,2,3,rue Camille Pelletan,48,
2.02E+11,1,6,2024,5:50,5,17,17415,2,1,1,2,APOTRES DE LA LIBERTE COURS DES,45,
2.02E+11,16,10,2024,8:30,1,29,29019,2,1,2,6,place de Strasbourg,48,
2.02E+11,1,6,2024,22:30,5,13,13210,2,1,1,2,CAPELETTE (AVENUE DE LA),43,
2.02E+11,1,6,2024,19:30,1,13,13208,2,2,1,3,VOLUBILIS (bd des),43,
2.02E+11,17,10,2024,8:45,1,19,19031,2,1,3,6,ROLLAND (RUE ROMAIN) A PARTIR DE N° 88 ,45,
2.02E+11,1,6,2024,13:52,1,13,13211,2,1,1,3,SAINT LOUP (BOULEVARD DE),43,
2.02E+11,14,10,2024,15:50,1,14,14437,1,1,1,2,N814,49,
2.02E+11,1,6,2024,2:20,5,13,13211,2,1,1,3,CARTONNERIE (BOULEVARD DE LA ),43,
2.02E+11,1,6,2024,12:12,1,11,11262,2,6,1,6,N/A,43,
2.02E+11,17,10,2024,17:10,1,13,13212,2,9,1,1,AIGUILLETTE (RUE DE L'),43,
2.02E+11,1,6,2024,10:39,1,11,11262,2,9,1,6,N/A,43,
2.02E+11,17,10,2024,13:54,1,13,13210,2,1,1,2,TOULON (AVENUE DE),43,
2.02E+11,31,5,2024,17:55,1,11,11069,1,2,1,3,ROCADE SUD RD 6161,43,
2.02E+11,16,10,2024,17:50,1,13,13214,2,1,1,3,PLOMBIERES (BOULEVARD DES),43,
2.02E+11,1,6,2024,13:49,1,1,1053,2,2,8,3,ALSACE LORRAINE (AVENUE ),46,
2.02E+11,16,10,2024,15:57,1,10,10387,2,1,1,3,CHARMILLES (MAIL DES),48,
2.02E+11,1,6,2024,18:15,2,75,75118,2,1,2,3,BD PERIPHERIQUE INTERIEUR,48,
2.02E+11,1,6,2024,14:50,1,75,75105,2,2,2,3,QUAI DE LA TOURNELLE,48,
2.02E+11,17,10,2024,7:35,2,3,3310,2,2,1,3,Boulevard Denière,46,
2.02E+11,1,6,2024,12:00,1,75,75117,2,3,1,6,BOULEVARD DE COURCELLES,48,
2.02E+11,16,10,2024,16:40,1,3,3190,2,1,1,6,Rue Edmond Bourges,46,
2.02E+11,1,6,2024,15:45,1,75,75115,2,1,2,3,RUE DE LA CONVENTION,48,
2.02E+11,17,10,2024,8:10,1,75,75113,2,1,1,2,BD PERIPHERIQUE INTERIEUR,48,
2.02E+11,1,6,2024,2:51,5,75,75115,2,2,1,3,RUE DE VAUGIRARD,48,
2.02E+11,17,10,2024,9:23,1,75,75112,2,1,1,3,BD PERIPHERIQUE EXTERIEUR,48,
2.02E+11,31,5,2024,17:15,1,75,75114,2,5,1,3,RUE LIARD,48,
2.02E+11,16,10,2024,18:25,2,75,75114,2,1,1,3,BD PERIPHERIQUE INTERIEUR,48,
2.02E+11,1,6,2024,12:45,1,75,75113,2,1,2,6,AVENUE D IVRY,48,
2.02E+11,17,10,2024,12:50,1,75,75106,2,1,2,6,BOULEVARD DU MONTPARNASSE,48,
2.02E+11,16,10,2024,15:25,1,75,75120,2,2,1,3,RUE DES FRERES FLAVIEN,48,
2.02E+11,1,6,2024,15:00,1,75,75112,2,2,2,6,AVENUE DU DOCTEUR ARNOLD NETTER,48,
2.02E+11,16,10,2024,13:10,1,75,75120,2,3,1,6,RUE DE BELLEVILLE,48,
2.02E+11,1,6,2024,14:38,1,75,75109,2,2,2,2,BOULEVARD DE LA MADELEINE,48,
2.02E+11,17,10,2024,16:20,1,75,75119,2,1,2,7,RUE D AUBERVILLIERS,48,
2.02E+11,1,6,2024,18:00,1,75,75108,2,2,8,1,BOULEVARD HAUSSMANN,48,
2.02E+11,17,10,2024,4:50,5,75,75119,2,3,1,3,RUE SIGMUND FREUD,48,
2.02E+11,31,5,2024,22:20,5,94,94081,2,3,9,3,Avenue Anatole France / Rue Pasteur,48,
2.02E+11,16,10,2024,16:28,1,75,75119,2,1,1,2,BOULEVARD SERURIER,48,
2.02E+11,17,10,2024,17:10,2,75,75118,2,3,3,3,AVENUE DE LA PORTE DE CLIGNANCOURT,48,
2.02E+11,1,6,2024,4:20,5,94,94046,2,2,2,1,Rue de Joinville / Rue Condorcet,48,
2.02E+11,17,10,2024,16:10,1,75,75116,2,7,2,3,PLACE DE LA PORTE MAILLOT,48,