Num_Acc,jour,mois,an,hrmn,lum,dep,com,agg,int,atm,col,adr,lat,long
2.02E+11,1,6,2024,13:30,1,94,94011,2,1,2,6,Avenue Rodolphe Hottinguer,48,
2.02E+11,17,10,2024,7:35,1,75,75116,2,1,1,5,AVENUE DE L HIPPODROME,48,
2.02E+11,1,6,2024,15:10,1,94,94075,2,1,2,3,37 Route de la Grange,48,
2.02E+11,1,6,2024,8:50,2,94,94071,2,1,2,3,Rue Royale,48,
2.02E+11,17,10,2024,20:00,5,75,75115,2,3,2,3,RUE PEGOUD,48,
2.02E+11,16,10,2024,12:15,1,75,75115,2,1,1,3,RUE LABROUSTE,48,
2.02E+11,1,6,2024,13:10,1,93,93071,2,2,2,3,Avenue Hoche / Avenue Ernest Pivot,48,
2.02E+11,31,5,2024,19:40,1,93,93047,2,1,1,2,Avenue des Rosiers,48,
2.02E+11,16,10,2024,18:30,2,75,75112,2,3,1,3,BOULEVARD PONIATOWSKI,48,
2.02E+11,1,6,2024,23:00,5,92,92062,2,3,2,7,GENERAL DE GAULLE (AVENUE DU),48,
2.02E+11,17,10,2024,12:21,1,75,75111,2,4,8,3,BOULEVARD VOLTAIRE,48,
2.02E+11,1,6,2024,18:40,2,92,92026,2,1,2,2,DES BATISSEURS (VOIE),48,
2.02E+11,17,10,2024,9:12,1,75,75110,2,3,1,6,RUE DE DUNKERQUE,48,
2.02E+11,2,6,2024,2:30,3,33,33243,1,1,1,6,N/A,44,
2.02E+11,17,10,2024,18:50,5,75,75108,2,2,2,3,AVENUE DE FRIEDLAND,48,
2.02E+11,2,6,2024,6:15,2,39,39208,1,1,3,6,N/A,46,
2.02E+11,17,10,2024,16:30,1,75,75107,2,3,3,6,RUE DE SEVRES,48,
2.02E+11,17,10,2024,1:00,5,75,75101,2,3,2,3,BOULEVARD DE SEBASTOPOL,48,
2.02E+11,31,5,2024,22:10,5,8,8067,2,1,1,2,55 route nationale,49,
2.02E+11,17,10,2024,5:24,3,94,94078,2,1,1,6,Rue de Paris,48,
2.02E+11,2,6,2024,16:00,1,71,71214,1,1,2,7,Chemin reliant GENOUILLY et MAIZERAY via la RD 236,46,
2.02E+11,17,10,2024,20:00,5,94,94073,2,3,2,3,Av du Pdt Franklin Roosevelt,48,
2.02E+11,1,6,2024,10:52,1,33,33002,1,2,1,3,N/A,44,
2.02E+11,17,10,2024,10:30,1,94,94065,2,3,1,3,Rue Auguste Perret,48,
2.02E+11,2,6,2024,3:45,3,49,49092,1,1,1,6,N/A,47,
2.02E+11,17,10,2024,10:16,1,94,94022,2,1,2,6,Avenue Victor Hugo,48,
2.02E+11,1,6,2024,19:30,2,68,68043,2,3,2,1,Rue de Soultz,47,
2.02E+11,17,10,2024,9:25,1,92,92064,2,1,2,2,MONT VALERIEN,48,
2.02E+11,2,6,2024,2:45,3,60,60527,2,1,2,6,Rue des Marronniers,49,
2.02E+11,17,10,2024,16:05,1,92,92051,2,2,2,6,CHATEAU (BOULEVARD DU),48,
2.02E+11,31,5,2024,19:00,3,974,97413,2,1,1,1,Rue du Musee,-21,
2.02E+11,17,10,2024,20:17,5,92,92044,2,2,2,3,VOLTAIRE(RUE)83A91 ET 64A70,48,
2.02E+11,1,6,2024,14:30,1,62,62289,2,3,1,3,D138,50,
2.02E+11,17,10,2024,9:00,1,92,92040,2,1,8,7,CAMILLE DESMOULINS,48,
2.02E+11,2,6,2024,17:15,1,62,62524,2,1,1,3,D341,50,
2.02E+11,17,10,2024,18:55,5,92,92024,2,1,3,7,JEAN JAURES (BD) DE (1 A 45)   (2 A 54),48,
2.02E+11,17,10,2024,21:40,5,92,92012,2,1,2,7,GENERAL LECLERC (AVENUE DU) 35/FIN - 60/,48,
2.02E+11,29,5,2024,12:50,1,59,59074,2,1,8,3,Rue Gambetta,50,
2.02E+11,1,6,2024,18:50,1,74,74225,2,1,1,6,Rue Joseph Béard,45,
2.02E+11,17,10,2024,10:10,1,92,92012,2,1,2,1,JEAN BAPTISTE CLEMENT (AVENUE) 1/47 - 2/,48,
2.02E+11,30,5,2024,13:35,1,71,71073,2,1,1,1,Rue du 8 Mai 1945,46,
2.02E+11,17,10,2024,6:20,5,92,92002,2,9,8,3,LEON JOUHAUX (AVENUE),48,
2.02E+11,17,10,2024,21:20,5,37,37271,2,2,2,1,54 Rue de la Galandiére,47,
2.02E+11,31,5,2024,8:50,1,71,71543,2,3,1,3,4 Av du Mal de Lattre de Tassigny,46,
2.02E+11,28,5,2024,13:42,1,61,61037,1,1,2,7,D7,48,
2.02E+11,16,10,2024,14:10,1,35,35239,2,1,1,1,Lieu Dit La Chambre,47,
2.02E+11,17,10,2024,16:30,1,49,49244,1,1,1,6,Marigne (St Florent-le-Vieil),47,
2.02E+11,2,6,2024,4:38,2,55,55348,1,1,8,7,VOIE COMMUNALE N°4 DE MONTIERS SUR SAULX À COUVERTPUIS,48,
2.02E+11,2,6,2024,3:30,3,12,12208,2,1,1,7,Chemin de Julhac,43,
2.02E+11,18,10,2024,9:00,1,34,34148,2,3,2,3,65 Avenue de Cazouls,43,
2.02E+11,2,6,2024,15:45,1,39,39397,2,1,2,3,4 Route des Lacs,46,
2.02E+11,14,10,2024,19:14,3,2A,2A276,1,1,1,1,D155,41,
2.02E+11,17,10,2024,11:05,1,26,26338,1,1,2,7,Route de la Batie Rolland,44,
2.02E+11,1,6,2024,14:10,1,44,44069,1,1,1,4,Route de Herbignac,47,
2.02E+11,16,10,2024,9:20,1,76,76503,1,1,1,6,A151,49,
2.02E+11,1,6,2024,6:03,2,44,44130,1,9,1,5,N/A,47,
2.02E+11,17,10,2024,19:35,3,31,31163,1,1,3,5,Montauriol,43,
2.02E+11,31,5,2024,11:51,1,29,29212,2,2,1,2,rue des Myosotis,48,
2.02E+11,18,10,2024,14:51,1,21,21599,1,1,1,2,A31,47,
2.02E+11,31,5,2024,18:42,1,29,29061,2,1,1,3,route de l'Echangeur,48,
2.02E+11,12,10,2024,11:45,1,67,67426,2,3,7,2,Route du Hohwald,48,
2.02E+11,17,10,2024,18:25,2,46,46227,1,1,3,6,D911,44,
2.02E+11,1,6,2024,19:50,1,2,2141,1,4,2,3,30 Rue du General Debeney,49,
2.02E+11,18,10,2024,15:42,1,1,1354,1,3,1,2,D35,46,
2.02E+11,1,6,2024,22:00,3,2,2060,2,1,2,1,11 Rue de l'Eglise,49,
2.02E+11,16,10,2024,20:40,3,19,19072,1,1,2,3,N/A,45,
2.02E+11,2,6,2024,17:45,1,3,3108,1,1,5,6,D998,46,
2.02E+11,17,10,2024,19:20,2,56,56039,1,1,1,1,Le Marglas,47,
2.02E+11,31,5,2024,22:50,3,1,1420,2,3,1,6,D7,46,
2.02E+11,16,10,2024,9:40,1,56,56010,2,6,2,3,Rue du Marechal Leclerc,47,
2.02E+11,2,6,2024,15:00,1,7,7197,1,1,2,1,D578,45,
2.02E+11,2,6,2024,7:45,1,27,27037,1,2,1,3,D31,49,
2.02E+11,18,10,2024,17:10,1,69,69214,2,3,1,5,Route du Pont Mondet,45,
2.02E+11,2,6,2024,2:20,3,38,38310,1,1,1,6,A49,45,
2.02E+11,15,10,2024,19:55,3,12,12077,1,1,2,1,D65,43,
2.02E+11,2,6,2024,18:40,1,13,13029,1,1,1,3,Route départementale 70 A,43,
2.02E+11,17,10,2024,19:53,3,34,34332,1,1,2,6,D612a,43,
2.02E+11,7,10,2024,7:48,2,22,22248,2,1,1,3,22 Hent Don,48,
2.02E+11,1,6,2024,13:40,1,21,21054,1,1,2,5,A6,47,
2.02E+11,18,10,2024,0:45,3,39,39470,1,1,2,6,N/A,46,
2.02E+11,2,6,2024,5:45,2,974,97403,2,1,1,1,D26,-21,
2.02E+11,18,10,2024,8:52,1,39,39191,1,3,3,1,rd 1083 pk 56+150  sens POLIGNY LONS LE SAUNIER,46,
2.02E+11,2,6,2024,17:00,1,6,6128,1,1,1,1,Route de Vence,43,
2.02E+11,15,10,2024,15:00,1,44,44003,2,6,2,3,186 Boulevard de Bad Bruckenau,47,
2.02E+11,17,10,2024,19:30,3,29,29054,1,1,1,7,N/A,48,
2.02E+11,1,6,2024,2:05,3,3,3298,1,6,3,1,N7,46,
2.02E+11,18,10,2024,10:35,1,29,29072,2,1,1,3,Rue de la Liberté,47,
2.02E+11,18,10,2024,7:55,2,2,2468,1,1,5,7,Rue de la Ferme de la Tombelle,49,
2.02E+11,1,6,2024,10:00,1,7,7087,1,3,1,3,Route de l'Echelette,44,
2.02E+11,18,10,2024,11:00,1,15,15135,1,1,2,6,RD 120,44,
2.02E+11,1,6,2024,6:25,2,33,33433,2,1,1,6,N/A,44,
2.02E+11,18,10,2024,7:15,2,70,70044,1,1,1,6,D 100,,
2.02E+11,1,6,2024,23:45,5,14,14663,2,1,1,7,23 Rue Saint-Sulpice,49,
2.02E+11,17,10,2024,19:04,2,66,66149,1,1,8,7,chemin de los masos,42,
2.02E+11,1,6,2024,11:30,1,29,29255,1,1,1,7,Pouloupry,48,
2.02E+11,17,10,2024,18:50,1,50,50523,2,1,7,4,29 Rue de Baudienville,49,
2.02E+11,18,10,2024,8:00,2,50,50453,1,1,5,6,Rue des Rosiers,48,
2.02E+11,1,6,2024,23:35,3,59,59419,2,1,1,6,41 Route de Saint Amand,50,
2.02E+11,17,10,2024,22:44,3,45,45203,1,1,3,6,D3 PR 0 + 654,47,
2.02E+11,1,6,2024,3:50,3,91,91103,1,1,2,2,RN 104,48,
2.02E+11,17,10,2024,10:30,1,40,40224,2,1,3,6,rue gambetta,43,
2.02E+11,1,6,2024,3:50,3,91,91103,1,1,2,2,RN 104,48,
2.02E+11,18,10,2024,15:50,1,17,17166,1,1,1,7,D205,46,
2.02E+11,1,6,2024,19:20,1,92,92036,1,1,1,2,A86,48,
2.02E+11,31,5,2024,19:08,1,92,92063,1,1,8,6,A86,48,
2.02E+11,17,10,2024,18:00,3,87,87090,1,2,3,3,La Croix de l?Arret,46,
2.02E+11,31,5,2024,17:36,1,92,92019,1,1,8,3,A86 INT,48,
2.02E+11,18,10,2024,13:30,1,87,87116,1,6,2,3,RN 147,46,
2.02E+11,1,6,2024,17:35,1,93,93078,1,1,2,3,A104,48,
2.02E+11,18,10,2024,7:20,3,30,30146,1,1,8,4,D6110,43,
2.02E+11,1,6,2024,4:50,3,95,95018,1,1,2,2,A15,48,
2.02E+11,17,10,2024,11:15,1,987,98734,1,1,1,3,PK34.200,-17,
2.02E+11,1,6,2024,1:30,3,93,93064,1,1,2,6,A103,48,
2.02E+11,17,10,2024,17:20,1,19,19180,1,1,3,6,N/A,45,
2.02E+11,1,6,2024,0:25,3,95,95582,1,1,3,6,A15,48,
2.02E+11,17,10,2024,9:29,1,49,49030,1,1,8,7,A85 PK 30.300,47,
2.02E+11,16,10,2024,13:20,1,78,78043,2,2,1,1,Grille de maintenon,48,
2.02E+11,17,10,2024,17:18,1,971,97103,1,1,1,3,Burger King (Restauration rapide),16,
2.02E+11,18,10,2024,0:23,3,77,77520,1,1,3,2,Autoroute A6 PK 066+800 vers PARIS,48,
2.02E+11,18,10,2024,18:30,2,71,71052,1,2,1,3,948 Ancienne Nationale 6,46,
2.02E+11,18,10,2024,14:07,1,88,88131,1,1,1,1,rue de la croisette,48,
2.02E+11,18,10,2024,15:35,1,81,81140,1,1,2,6,Avenue Pierre Fabre,43,
2.02E+11,16,10,2024,17:00,1,31,31429,1,1,8,1,38 Avenue du Lauragais,43,
2.02E+11,17,10,2024,7:15,3,17,17100,1,2,8,3,D233e2,45,
2.02E+11,17,10,2024,17:40,1,50,50041,1,1,1,1,D64,49,
2.02E+11,17,10,2024,17:45,1,29,29057,1,1,1,3,Route de Quimper,47,
2.02E+11,17,10,2024,0:05,4,22,22245,1,1,2,7,D767,48,
2.02E+11,17,10,2024,10:15,1,35,35244,1,2,1,3,Le Poteau,,
2.02E+11,7,10,2024,18:50,2,27,27020,2,2,2,1,Rue de Bérengeville,48,
2.02E+11,18,10,2024,15:33,1,76,76057,2,2,1,6,Rue du Général Giraud,49,
2.02E+11,17,10,2024,9:05,1,59,59117,2,1,1,1,Route Nationale,50,
2.02E+11,17,10,2024,18:00,1,13,13071,1,1,2,2,A7-Sens Lyon vers Marseille,43,
2.02E+11,15,10,2024,13:15,1,59,59350,1,1,1,2,AUTOROUTE A25,50,
2.02E+11,17,10,2024,0:51,3,92,92048,1,1,2,3,N118,48,
2.02E+11,16,10,2024,20:13,4,92,92036,1,1,1,2,A86,48,
2.02E+11,16,10,2024,8:10,1,92,92062,1,1,1,2,A14,48,
2.02E+11,16,10,2024,11:50,1,95,95582,1,1,1,2,A15,48,
2.02E+11,16,10,2024,10:00,1,95,95018,1,1,1,2,A15,48,
2.02E+11,15,10,2024,19:45,3,95,95018,1,1,2,6,A15,48,
2.02E+11,17,10,2024,8:10,2,94,94052,1,1,2,3,A86,48,
2.02E+11,16,10,2024,21:50,3,77,77468,1,1,3,4,A4.Y,48,
2.02E+11,16,10,2024,18:49,1,94,94074,1,1,1,2,N406,48,
2.02E+11,16,10,2024,8:50,1,94,94004,1,1,1,5,N19,48,
2.02E+11,17,10,2024,11:40,1,93,93073,2,2,1,3,RAPERIE (RUE DE LA),48,
2.02E+11,17,10,2024,14:45,1,93,93053,2,7,2,3,PARIS (RUE DE),48,
2.02E+11,17,10,2024,17:45,1,93,93051,2,1,8,3,MEDERIC (AVENUE),48,
2.02E+11,17,10,2024,13:25,1,93,93048,2,2,8,3,JEANNE D'ARC (BOULEVARD),48,
2.02E+11,17,10,2024,1:40,5,93,93006,2,4,3,3,CARNOT RUE SADI,48,
2.02E+11,17,10,2024,16:45,1,93,93047,2,1,3,6,VICTOR HUGO  (AVENUE),48,
2.02E+11,10,8,2024,13:00,1,38,38289,1,1,1,6,D44c,45,
2.02E+11,30,7,2024,18:20,1,38,38179,2,1,1,2,COMBE (AVENUE DE LA ),45,
2.02E+11,16,7,2024,6:20,2,38,38151,2,1,1,3,AVENUE VICTOR HUGO,45,
2.02E+11,10,7,2024,19:25,1,38,38185,1,1,1,6,RUE ALFRED DE MUSSET,45,
2.02E+11,5,7,2024,17:00,1,38,38185,2,7,1,7,RUE FÉLIX POULAT,45,
2.02E+11,30,6,2024,13:54,1,38,38185,2,2,1,3,BOULEVARD AGUTTE SEMBAT,45,
2.02E+11,26,6,2024,7:40,1,38,38421,2,9,1,6,AVENUE JEAN JAURÈS,45,
2.02E+11,7,8,2024,19:45,1,74,74286,2,1,1,7,2335 Porte de la vallée d'abondance,46,
2.02E+11,18,7,2024,10:30,1,74,74276,1,1,1,5,Route du praz de lys,46,
2.02E+11,20,7,2024,19:15,1,74,74249,1,1,1,3,Route du gavot,46,
2.02E+11,6,8,2024,11:45,1,74,74280,1,3,1,3,Route des aravis,45,
2.02E+11,30,7,2024,9:40,1,74,74311,2,2,1,1,23 Route de cornillon,46,
2.02E+11,29,7,2024,16:15,1,74,74196,1,1,1,7,119,46,
2.02E+11,28,7,2024,9:25,1,74,74257,1,3,1,3,Route de Frangy,46,
2.02E+11,3,8,2024,22:30,3,74,74236,1,1,1,7,1482 Route des contamines,45,
2.02E+11,3,8,2024,16:52,1,74,74026,1,1,1,1,Route de choisy,45,
2.02E+11,6,8,2024,16:40,1,74,74002,1,2,1,1,Route d'annecy,45,
2.02E+11,6,8,2024,11:10,1,74,74127,1,1,1,1,Route des grandes alpes,46,
2.02E+11,4,8,2024,7:19,2,74,74123,1,1,1,6,831 Route des grottes,45,
2.02E+11,1,8,2024,22:30,5,74,74275,2,1,1,3,14 Route de l'égalité,45,
2.02E+11,2,8,2024,16:40,1,74,74173,2,1,1,6,N/A,45,
2.02E+11,22,7,2024,17:40,1,74,74256,2,1,1,7,278 Avenue de geneve,45,
2.02E+11,8,6,2024,12:20,1,74,74308,2,1,1,3,Route de Vers les Granges,46,
2.02E+11,2,6,2024,21:30,2,74,74073,1,1,2,6,D32,46,
2.02E+11,20,6,2024,18:42,1,84,84031,1,1,1,2,MIRABEAU AVENUE,44,
2.02E+11,7,10,2024,20:50,5,44,44162,2,1,1,7,155 Boulevard Salvador Allende,47,
2.02E+11,16,10,2024,6:25,2,974,97416,2,2,1,3,FOUR A CHAUX(RUE DU),-21,
2.02E+11,16,10,2024,15:45,1,974,97411,2,1,1,6,TORTUE (RUELLE),-20,
2.02E+11,16,10,2024,8:45,1,974,97411,2,1,1,6,JAURES (BLD 1 JEAN),-20,
2.02E+11,16,10,2024,7:20,1,974,97411,2,1,1,6,BOIS DE NEFLES (ROUTE DE),-20,
2.02E+11,16,10,2024,12:38,1,973,97302,2,1,1,6,MONTABO (ROUTE DE) 2,4,
2.02E+11,16,10,2024,9:50,1,973,97302,2,1,1,5,BADUEL (ROUTE DE),4,
2.02E+11,16,10,2024,9:52,1,973,97302,1,1,1,2,ROUTE NATIONALE 1,4,
2.02E+11,17,3,2024,20:45,3,38,38218,1,1,1,7,Route du Pilat,45,
2.02E+11,18,3,2024,10:15,1,72,72054,1,1,2,1,Route de Saint-calais,48,
2.02E+11,17,3,2024,21:40,5,6,6059,1,1,1,5,M6098,43,
2.02E+11,17,3,2024,18:15,1,14,14123,2,1,1,7,2 Rue des Lys,49,
2.02E+11,18,3,2024,13:30,1,50,50087,1,1,1,1,Route du Mont Fanu,49,
2.02E+11,27,2,2024,17:30,2,45,45103,1,1,1,7,D31 PR 14 + 594,48,
2.02E+11,18,3,2024,12:30,1,7,7078,2,6,8,2,D121,45,
2.02E+11,15,3,2024,10:40,1,40,40110,2,1,1,6,place de l'hotel de ville,43,
2.02E+11,18,3,2024,19:27,2,27,27658,1,1,1,3,D840,49,
2.02E+11,15,3,2024,14:10,1,17,17043,1,2,1,3,D119e1,46,
2.02E+11,18,3,2024,8:15,1,23,23008,2,1,1,6,Avenue de la République,45,
2.02E+11,17,3,2024,17:10,1,87,87089,1,1,2,7,D942,46,
2.02E+11,18,3,2024,7:45,1,37,37234,1,1,1,1,D31,47,
2.02E+11,15,3,2024,20:30,5,30,30133,2,6,1,7,Avenue Jean Lasserre,43,
2.02E+11,18,3,2024,1:15,3,973,97307,1,1,1,1,larivot,4,
2.02E+11,18,3,2024,11:15,1,31,31187,2,1,1,6,Route de Tarbes,43,
2.02E+11,17,3,2024,17:55,1,30,30347,1,1,1,1,D56,43,
2.02E+11,17,3,2024,21:20,5,978,97801,2,3,1,1,route nationale 7,18,
2.02E+11,15,3,2024,22:55,3,69,69244,2,1,1,3,Boulevard du Valvert,45,
2.02E+11,18,3,2024,7:20,2,6,6018,2,3,1,3,Route de Valbonne,43,
2.02E+11,16,3,2024,19:30,5,987,98715,2,2,1,3,Quartier Bel Air,-17,
2.02E+11,18,3,2024,10:55,1,38,38466,1,3,2,2,D1090,45,
2.02E+11,17,3,2024,5:50,2,13,13032,1,1,1,7,D17,43,
2.02E+11,12,3,2024,8:00,2,62,62323,1,1,1,6, A1,50,
2.02E+11,17,3,2024,14:50,1,987,98714,1,1,1,3,Anau,-16,
2.02E+11,17,3,2024,1:00,4,987,98754,1,1,1,1,PK 40 fetuna,-16,
2.02E+11,15,3,2024,18:30,2,971,97117,2,1,1,3,departementale 114,16,
2.02E+11,13,3,2024,15:25,1,13,13087,1,1,1,3,D7N,43,
2.02E+11,17,3,2024,21:00,5,37,37281,2,1,8,1,les tuileries,47,
2.02E+11,17,3,2024,19:53,5,71,71342,2,1,2,6,Rue de Bourgogne,46,
2.02E+11,18,3,2024,13:40,1,73,73179,2,3,1,1,Rue de leya,45,
2.02E+11,18,3,2024,11:37,1,38,38012,1,1,1,6,Route des Moulins,45,
2.02E+11,18,3,2024,17:00,1,26,26377,1,1,1,7,D94,44,
2.02E+11,17,3,2024,20:00,3,60,60282,1,1,1,2,D44,49,
2.02E+11,17,3,2024,14:35,1,13,13005,1,1,1,2,A50 - Sens Aubagne vers Marseille,43,
2.02E+11,17,3,2024,20:23,3,42,42330,1,1,1,2,A72,45,
2.02E+11,17,3,2024,14:40,1,91,91136,1,1,1,6,AUTOROUTE A10,48,
2.02E+11,17,3,2024,8:05,1,91,91179,1,1,2,2,AUTOROUTE A6,48,
2.02E+11,17,3,2024,19:00,3,95,95682,1,1,1,6,N104,49,
2.02E+11,17,3,2024,16:50,1,93,93064,1,1,8,2,A86,48,
2.02E+11,17,3,2024,13:40,1,95,95582,1,1,2,6,A15,48,
2.02E+11,17,3,2024,2:52,3,93,93053,1,1,1,6,A86,48,
2.02E+11,16,3,2024,22:20,3,93,93007,1,1,1,5,A1,48,
2.02E+11,16,3,2024,16:30,1,95,95018,1,1,1,2,A15,48,
2.02E+11,17,3,2024,17:50,2,77,77122,1,1,1,6,RN104,48,
2.02E+11,17,3,2024,2:15,3,94,94018,1,1,1,6,A4,48,
2.02E+11,16,3,2024,19:10,3,92,92025,2,1,1,3,G.PERI 2 A 192   1 A 247 (RUE),48,
2.02E+11,15,3,2024,20:30,5,44,44109,2,2,1,1,138 Route de Vertou,47,
2.02E+11,16,3,2024,13:30,1,974,97416,1,1,1,3,PAVE(RUE),-21,
2.02E+11,16,3,2024,10:20,1,974,97411,1,1,1,2,RAMBAUD (LEOPOLD),-20,
2.02E+11,4,7,2024,16:20,1,44,44109,2,3,1,3,11 Boulevard Général de Gaulle,47,
2.02E+11,16,3,2024,12:10,1,974,97411,2,3,1,6,PARIS (RUE DE),-20,
2.02E+11,16,3,2024,16:25,1,69,69385,2,1,1,1,Rue de Bélissen,45,
2.02E+11,4,7,2024,0:15,5,43,43002,2,6,1,1,Avenue de Bonneville,45,
2.02E+11,3,7,2024,22:40,3,41,41269,2,1,1,6,QUATRE HUYES (RUE DES),47,
2.02E+11,16,3,2024,20:58,5,2B,2B120,2,1,1,2,11 - RT,9,
2.02E+11,4,7,2024,12:00,1,38,38053,2,1,1,6,BERLIOZ (HECTOR),45,
2.02E+11,4,7,2024,6:45,1,37,37233,2,6,1,7,MOULIN (PONT JEAN),47,
2.02E+11,16,3,2024,13:39,1,2B,2B120,1,1,1,2,11 - RT,42,
2.02E+11,4,7,2024,10:40,1,36,36044,2,1,1,2,Boulevard de Cluis,46,
2.02E+11,16,3,2024,19:00,2,95,95428,2,1,1,1,RACINE (RUE),49,
2.02E+11,4,7,2024,14:45,1,34,34129,2,1,1,6,RAYMOND DUGRAND (AVENUE),43,
2.02E+11,16,3,2024,15:00,1,91,91477,2,3,1,1,SACLAY (ROUTE DE),48,
2.02E+11,16,3,2024,0:44,3,91,91027,2,1,2,1,DENFERT ROCHEREAU (RUE),48,
2.02E+11,30,6,2024,21:00,2,34,34172,2,3,1,4,MOULINS (AVENUE DES,43,
2.02E+11,16,3,2024,21:48,5,91,91589,2,4,1,1,BD ARISTIDE BRIAND,48,
2.02E+11,15,3,2024,8:40,1,83,83069,2,1,1,6,LOUBES (ROUTE DES),43,
2.02E+11,4,7,2024,16:20,1,34,34003,2,1,1,2,GRACE DE MONACO (RUE),43,
2.02E+11,16,3,2024,13:55,1,78,78418,2,6,1,3,PABLO PICASSO (RUE),48,
2.02E+11,4,7,2024,13:45,1,33,33063,2,1,1,3,N/A,44,
2.02E+11,16,3,2024,19:30,5,77,77373,2,1,1,3,RUE DES PRES SAINT MARTIN,48,
2.02E+11,3,7,2024,19:45,1,33,33281,2,6,1,6,N/A,44,
2.02E+11,3,7,2024,20:15,1,33,33200,2,1,1,7,N/A,44,
2.02E+11,14,3,2024,13:17,1,77,77288,2,1,1,6,SAINT LIESNE (RUE),48,
2.02E+11,4,7,2024,8:20,1,31,31555,2,1,1,3,AV DES ETATS UNIS,43,
2.02E+11,16,3,2024,19:51,5,77,77449,2,1,1,6,CRS DU DANUBE,48,
2.02E+11,29,6,2024,12:00,1,29,29232,2,1,1,2,Avenue de la Liberation,47,
2.02E+11,15,3,2024,18:05,1,77,77449,2,1,1,1,RTE DE PROVINS,48,
2.02E+11,3,7,2024,15:25,1,29,29254,2,1,1,6,Allée Saint François,48,
2.02E+11,16,3,2024,23:58,5,77,77186,2,1,1,2,D607,48,
2.02E+11,4,7,2024,7:35,1,28,28134,1,1,1,2,RN 12 (LES CHATELETS),48,
2.02E+11,15,3,2024,19:40,5,69,69256,2,2,2,3,Rue Emile Zola,45,
2.02E+11,4,7,2024,8:20,1,26,26362,2,9,1,3,Avenue de Provence,44,
2.02E+11,16,3,2024,14:00,1,65,65440,2,3,1,3,Rue du Portail d’Avant,43,
2.02E+11,16,3,2024,14:30,1,64,64284,2,1,1,6,ROMAIN TRESARIEU,43,
2.02E+11,4,7,2024,17:15,1,25,25462,2,1,1,2,BESANCON (DU 72TER A LA FIN),46,
2.02E+11,16,3,2024,11:20,1,64,64102,2,1,1,2,PONTOTS (GIRATOIRE LES),43,
2.02E+11,4,7,2024,10:25,1,22,22113,2,1,1,7,GUINGAMP (ROUTE DE),48,
2.02E+11,16,3,2024,19:59,3,63,63063,1,2,1,3,rue des Mauvaises M2-Bd Jean Moulin,45,
2.02E+11,3,7,2024,18:20,1,19,19031,2,5,1,3,LOMBARD (AVENUE JACQUES),45,
2.02E+11,16,3,2024,10:55,1,59,59598,2,1,1,1,Rue des Déportés,50,
2.02E+11,4,7,2024,16:45,1,17,17306,2,1,1,2,ROCHEFORT (DE)  (AVENUE),45,
2.02E+11,5,5,2024,17:53,1,14,14327,1,1,3,7,Route de Colombelles,49,
2.02E+11,16,3,2024,11:30,1,54,54528,2,1,1,1,Boulevard Aristide Briand,48,
2.02E+11,16,3,2024,10:30,1,54,54547,2,3,1,6,Avenue Jeanne d'Arc,48,
2.02E+11,16,3,2024,13:05,1,49,49007,2,1,1,6,ROI RENE BOULEVARD,47,
2.02E+11,3,7,2024,15:38,1,13,13212,2,3,1,3,BOISERAIE (RUE),43,
2.02E+11,15,3,2024,17:35,1,45,45232,2,3,1,1,D14 PR 5 + 275,47,
2.02E+11,16,3,2024,10:40,1,44,44114,2,1,1,6,23 Avenue de la Paquelais,47,
2.02E+11,4,7,2024,7:45,1,13,13028,2,3,1,3,TRAMONTANE (AVENUE DE LA ),43,
2.02E+11,16,3,2024,21:23,5,38,38053,2,1,1,7,ITALIE (AVE),45,
2.02E+11,3,7,2024,15:35,1,10,10333,2,6,1,3,CHARLES BALTET (RUE),48,
2.02E+11,15,3,2024,21:57,5,38,38053,2,1,1,2,GENEVIEVE DE GAULLE (RUE),45,
2.02E+11,4,7,2024,16:45,1,6,6088,2,1,1,6,147 Boulevard de l'Ariane,43,
2.02E+11,16,3,2024,21:27,5,35,35238,2,2,1,2,DE LATTRE DE TASSIGNY (BD MARECHAL),48,
2.02E+11,4,7,2024,17:35,1,6,6069,1,1,1,3,251 Route de Pégomas,43,
2.02E+11,16,3,2024,21:50,5,33,33063,2,9,1,3,N/A,44,
2.02E+11,4,7,2024,8:00,1,6,6027,2,3,1,5,147 Avenue de Nice,43,
2.02E+11,16,3,2024,11:09,1,27,27229,2,3,1,6,RABAIS (RUE DU),49,
2.02E+11,4,7,2024,8:50,1,75,75117,2,1,1,2,PORTE DE SAINT OUEN,48,
2.02E+11,15,3,2024,15:45,1,25,25462,1,1,1,3,VOIE COMMUNALE DE L'AVIATION,46,
2.02E+11,4,7,2024,9:20,1,75,75112,2,1,1,3,ECHANGEUR BERCY,48,
2.02E+11,16,3,2024,10:15,1,22,22278,2,3,1,1,ETABLETTE (DE L'),48,
2.02E+11,3,7,2024,9:55,1,75,75115,2,1,1,2,PORTE DE SEVRES,48,
2.02E+11,16,3,2024,22:10,5,13,13203,2,3,1,3,LOUBON (RUE),43,
2.02E+11,3,7,2024,8:00,1,75,75116,2,1,1,3,PORTE DAUPHINE,48,