Num_Acc,jour,mois,an,hrmn,lum,dep,com,agg,int,atm,col,adr,lat,long
2.02E+11,31,1,2024,17:45,2,72,72181,2,3,1,2,LAIGNE RUE DE N° PAIRS 260 ET >,47,
2.02E+11,3,8,2024,21:25,1,93,93014,2,1,2,6,BELLEVUE (ALLEE DE),48,
2.02E+11,29,12,2024,18:00,5,76,76217,2,1,1,2,AVENUE JEAN JAURES,49,
2.02E+11,2,2,2024,15:10,1,71,71445,1,1,1,2,RD673,46,
2.02E+11,5,8,2024,9:30,1,93,93057,2,2,1,3,Avenue Jean Jaurès / Avenue du Président Wilson,48,
2.02E+11,29,12,2024,23:50,5,69,69259,2,1,1,7,Allée des Savoies,45,
2.02E+11,29,1,2024,13:45,1,70,70550,2,2,7,6,Rue Jean Jaurès,47,
2.02E+11,29,12,2024,19:50,5,69,69029,2,9,1,3,Rue Jean Voillot,45,
2.02E+11,5,8,2024,22:20,5,93,93005,2,1,1,3,Route de Bondy,48,
2.02E+11,29,12,2024,21:30,5,66,66136,2,1,1,6,Rue de Torremila,42,
2.02E+11,5,8,2024,17:40,1,93,93001,2,1,1,6,Avenue de la République,48,
2.02E+11,2,2,2024,22:48,5,69,69256,2,2,1,1,Rue Jean Foucaud,45,
2.02E+11,28,12,2024,17:58,2,64,64483,2,1,1,3,LAHANCHIPIA (AVENUE),43,
2.02E+11,3,8,2024,21:15,2,92,92035,2,2,2,3,Verdun 1916 ( avenue de ),48,
2.02E+11,23,12,2024,14:15,1,62,62427,2,1,1,3,Chemin de Noyelles,50,
2.02E+11,2,2,2024,16:20,1,69,69199,2,3,1,3,Rue Mathieu Dussurgey,45,
2.02E+11,29,12,2024,15:50,1,56,56260,2,3,1,2,Boulevard des Îles,47,
2.02E+11,5,8,2024,9:51,1,92,92024,2,2,1,3,HENRI BARBUSSE (RUE) DE (1 A 73)   (2 A,48,
2.02E+11,2,2,2024,21:20,5,64,64122,2,6,1,2,SEEGER ALAN (RUE),43,
2.02E+11,3,2,2024,2:20,4,64,64024,2,1,2,2,BIARRITZ (AVENUE DE),43,
2.02E+11,4,8,2024,18:15,1,35,35151,1,4,1,6,Les Landriaux,47,
2.02E+11,28,12,2024,17:00,1,56,56260,2,1,1,3,Rue Ferdinand Le Dressay,47,
2.02E+11,29,12,2024,10:00,1,54,54323,2,3,1,6,Avenue Hippolyte d’Huart,49,
2.02E+11,1,2,2024,17:22,1,64,64024,2,3,8,2,HAUSQUETTE (RUE DE),43,
2.02E+11,28,12,2024,15:25,1,39,39300,2,1,7,6,Route de Besançon,46,
2.02E+11,18,7,2024,8:40,1,37,37082,1,2,1,3,La Parfaiterie,47,
2.02E+11,2,2,2024,2:30,5,62,62563,2,6,1,6,D943,50,
2.02E+11,29,12,2024,5:00,3,29,29232,1,1,1,6,RN 165,48,
2.02E+11,5,8,2024,9:35,1,86,86128,2,2,1,3,Rue Charles de Gaulle,46,
2.02E+11,28,12,2024,17:17,1,19,19031,2,1,1,1,FERRY (BOULEVARD JULES),45,
2.02E+11,2,2,2024,8:10,1,59,59560,2,1,1,6,Boulevard Joseph Hentges,50,
2.02E+11,6,8,2024,2:45,3,22,22368,2,1,1,6,Rue Marcel Lesné,48,
2.02E+11,28,12,2024,11:45,1,13,13056,2,2,1,3,DROITS DE L'HOMME AVENUE DES,43,
2.02E+11,5,8,2024,15:10,1,68,68112,2,2,1,6,Rue de l'Ancien Hôpital,47,
2.02E+11,2,2,2024,7:25,5,59,59350,2,2,1,3,Rue du Docteur Calmette,50,
2.02E+11,28,12,2024,19:00,5,8,8409,2,3,2,5,31 Rue Jean Jaurés,49,
2.02E+11,30,12,2024,0:45,5,4,4070,2,1,1,6,CUZIN (AV. F.),44,
2.02E+11,2,2,2024,0:30,5,59,59350,2,2,1,3,Rue du Faubourg de Béthune,50,
2.02E+11,3,8,2024,13:50,1,13,13078,1,3,1,3,route d'arles,43,
2.02E+11,13,11,2024,6:30,5,4,4070,2,7,1,6,GASSEND (R. J-C),44,
2.02E+11,2,2,2024,15:20,1,57,57751,2,1,1,6,Avenue des Deux Fontaines,49,
2.02E+11,25,7,2024,17:30,1,83,83054,1,1,7,2,A57 PK 9,43,
2.02E+11,2,2,2024,8:00,2,56,56083,2,1,2,6,ALLENDE ( AV. PRES. SALVADOR ),47,
2.02E+11,29,12,2024,20:00,5,75,75119,2,2,1,3,BOULEVARD DE LA VILLETTE,48,
2.02E+11,5,8,2024,19:20,3,972,97203,1,1,1,1,N3,14,
2.02E+11,1,2,2024,18:00,1,56,56121,2,1,1,6,COUEDIC (RUE  DU ),47,
2.02E+11,29,12,2024,10:50,1,75,75115,2,2,1,6,RUE LECOURBE,48,
2.02E+11,5,8,2024,16:00,1,35,35172,1,5,1,1,Tournebride,48,
2.02E+11,2,2,2024,8:10,2,56,56083,1,1,2,2,Pont de Locoyarn,47,
2.02E+11,28,12,2024,18:15,5,75,75109,2,2,1,3,RUE DU FAUBOURG MONTMARTRE,48,
2.02E+11,29,1,2024,17:11,1,54,54528,2,1,7,1,Avenue du Colonel Péchot,48,
2.02E+11,29,12,2024,6:50,5,75,75117,2,3,1,6,PLACE DU MARECHAL JUIN,48,
2.02E+11,4,8,2024,4:10,3,35,35235,1,4,1,6,D463,47,
2.02E+11,4,8,2024,16:10,1,67,67391,1,1,1,7,D218,48,
2.02E+11,29,12,2024,11:40,1,75,75104,2,2,1,6,RUE DE RIVOLI,48,
2.02E+11,2,2,2024,9:20,1,54,54395,2,2,1,3,Rue de Nabecor,48,
2.02E+11,6,8,2024,16:50,1,22,22018,2,2,1,1,intersection RD15/RD20,48,
2.02E+11,30,1,2024,13:10,1,52,52121,2,1,1,2,LAVOISIER (RUE),48,
2.02E+11,29,12,2024,6:00,3,94,94060,2,3,8,3,Rue du Général de Gaulle,48,
2.02E+11,4,8,2024,16:55,1,79,79307,2,1,1,1,N/A,46,
2.02E+11,29,12,2024,17:45,5,93,93050,2,1,1,2,MARX DORMOY (RUE),48,
2.02E+11,2,2,2024,17:00,2,51,51454,2,1,1,2,BOULEVARD DES TONDEURS,49,
2.02E+11,5,8,2024,14:15,1,44,44195,1,1,1,6,N/A,47,
2.02E+11,29,12,2024,19:10,5,93,93047,2,2,2,3,Avenue Gabriel Péri / Avenue des Coquelicots,48,
2.02E+11,1,2,2024,12:20,1,51,51454,2,1,2,2,CLEMENCEAU (AVENUE GEORGES),49,
2.02E+11,4,8,2024,4:40,3,87,87143,1,1,1,6,D28,45,
2.02E+11,6,8,2024,10:50,1,51,51212,1,1,1,7,D79,48,
2.02E+11,29,12,2024,18:20,2,92,92064,2,1,2,4,MARECHAL JUIN,48,
2.02E+11,1,2,2024,12:20,1,51,51454,2,2,1,3,SAINT BRICE (RUE),49,
2.02E+11,5,8,2024,12:40,1,59,59663,1,1,1,3,Route de Cassel,50,
2.02E+11,29,12,2024,18:55,5,92,92044,2,1,2,7,VILLIERS(RUE DE)  2A52,48,
2.02E+11,2,2,2024,20:50,3,38,38563,1,1,1,1,D1076,45,
2.02E+11,4,8,2024,11:30,1,67,67199,1,1,1,3,RD 323,48,
2.02E+11,2,2,2024,8:30,1,38,38185,2,1,1,1,CHEMIN DE HALAGE,45,
2.02E+11,5,8,2024,19:15,1,76,76336,1,4,1,7,rue bricoté,49,
2.02E+11,29,12,2024,1:35,5,92,92024,2,1,2,2,CLICHY (QUAI DE) DE (104 A 202),48,
2.02E+11,2,2,2024,5:45,3,38,38053,1,6,1,1,BOURG EN BRESSE,45,
2.02E+11,6,8,2024,10:55,1,76,76655,2,2,1,6,Avenue Foch,49,
2.02E+11,29,12,2024,17:08,5,92,92007,2,1,2,3,VERDUN (RUE DE) N° IMPAIRS,48,
2.02E+11,29,12,2024,22:30,3,1,1290,1,1,5,6,rd 4,45,
2.02E+11,4,8,2024,22:00,3,79,79351,2,5,1,6,N/A,46,
2.02E+11,2,2,2024,18:30,2,37,37233,2,6,1,3,REPUBLIQUE (AVENUE DE LA),47,
2.02E+11,4,8,2024,22:50,5,80,80228,2,1,1,7,28 Route de la Maye,50,
2.02E+11,29,12,2024,16:50,1,76,76652,1,1,1,1,D22,49,
2.02E+11,2,2,2024,1:45,3,35,35278,1,1,1,6,RD 137,48,
2.02E+11,19,12,2024,21:00,4,1,1033,1,1,2,6,D101f,46,
2.02E+11,1,2,2024,22:30,5,35,35238,2,1,1,6,BOURGOGNE (DE),48,
2.02E+11,4,8,2024,7:30,1,82,82093,2,3,1,1,D928,43,
2.02E+11,29,12,2024,20:35,5,56,56053,2,2,1,3,Rue Rochefort,47,
2.02E+11,2,2,2024,11:00,1,35,35115,2,1,5,6,BOURDON (RUE LOUIS),48,
2.02E+11,7,12,2024,19:30,5,80,80533,2,1,2,6,Rue Roger Salengro,50,
2.02E+11,6,8,2024,10:29,1,63,63276,1,1,7,3,route de pont-astier,45,
2.02E+11,28,12,2024,10:45,1,71,71157,1,1,1,7,D11,46,
2.02E+11,2,2,2024,20:15,5,34,34129,2,2,1,3,FIGUIERES (AVENUE DE),43,
2.02E+11,30,12,2024,15:15,1,89,89485,1,1,1,6,D606,47,
2.02E+11,5,8,2024,19:00,1,63,63022,1,1,1,2,D710,45,
2.02E+11,3,2,2024,0:11,3,33,33281,2,1,1,3,N/A,44,
2.02E+11,30,12,2024,15:10,1,63,63267,1,1,1,6,Route des Sarraix,45,
2.02E+11,6,8,2024,11:15,1,12,12258,1,1,1,6,le moulin de bouscal,44,
2.02E+11,29,12,2024,0:35,3,47,47019,1,1,5,6,1710 Route du Lac,44,
2.02E+11,2,2,2024,22:22,5,33,33063,2,2,1,3,N/A,44,
2.02E+11,4,8,2024,19:10,1,12,12088,1,3,1,6,D921,44,
2.02E+11,2,2,2024,21:00,5,29,29232,2,1,2,6,Plasenn Alexandre Massé,47,
2.02E+11,5,8,2024,18:00,1,68,68273,1,1,1,6,D9BIS5,47,
2.02E+11,2,2,2024,15:30,1,29,29232,2,1,1,5,Rue Guy Autret,47,
2.02E+11,27,12,2024,11:20,1,1,1304,2,1,7,4,Rue Gabriel Vicaire,46,
2.02E+11,5,8,2024,16:00,1,25,25357,1,1,1,7,chemin du train,46,
2.02E+11,29,12,2024,23:00,4,26,26042,2,4,1,6,Rue des Ecoles,44,
2.02E+11,3,8,2024,6:35,2,29,29220,1,1,1,6,D785,47,
2.02E+11,2,2,2024,2:10,5,29,29019,2,2,2,3,boulevard de l'Europe,48,
2.02E+11,5,8,2024,23:45,3,2,2141,1,1,1,3,N/A,49,
2.02E+11,30,12,2024,9:45,1,40,40046,1,1,5,1,D46 PK9,44,
2.02E+11,1,2,2024,13:15,1,29,29019,2,3,1,3,rue Marcellin Duval,48,
2.02E+11,6,8,2024,5:00,2,84,84030,1,1,1,6,D974,44,
2.02E+11,29,12,2024,17:45,3,24,24211,1,1,1,1,route des moulins,45,
2.02E+11,1,2,2024,8:35,2,29,29019,2,2,2,3,rue Mozart,48,
2.02E+11,6,8,2024,15:30,1,3,3018,1,1,1,1,Route de Gannat,46,
2.02E+11,29,12,2024,17:00,1,6,6030,1,1,1,2,A8 PK 161.700 Chaussée Nord,43,
2.02E+11,30,1,2024,12:40,1,28,28085,2,1,8,7,LECLERC (RUE DU MARECHAL),48,
2.02E+11,29,12,2024,19:55,3,91,91017,1,1,1,6,A10,48,
2.02E+11,5,8,2024,21:30,3,1,1124,1,1,1,1,Route de Bourg,46,
2.02E+11,2,2,2024,1:30,5,28,28085,2,1,5,6,COURTILLE (BOULEVARD DE LA),48,
2.02E+11,29,12,2024,22:15,5,978,97801,2,1,2,1,VOI 8 RUE DE HOLLANDE,18,
2.02E+11,6,8,2024,9:30,1,70,70398,1,1,7,1,route des gouvets,47,
2.02E+11,1,2,2024,8:21,1,27,27229,2,1,2,2,COCHEREL (RUE DE),49,
2.02E+11,29,12,2024,15:00,1,73,73176,1,1,1,3,D1090 - Route du Col du Petit Saint Bernard,45,
2.02E+11,6,8,2024,9:35,1,58,58083,2,1,1,6,Avenue Saint-jean,47,
2.02E+11,2,2,2024,18:50,5,26,26362,2,1,1,3,Avenue Sadi Carnot,44,
2.02E+11,29,12,2024,18:30,3,73,73054,1,1,1,1,D119 - Route des Arcs,45,
2.02E+11,2,2,2024,10:15,1,26,26252,2,1,1,6,Route des Mernes,44,
2.02E+11,28,12,2024,18:30,5,1,1043,2,1,1,7,Chemin des Malettes,45,
2.02E+11,6,8,2024,10:45,1,66,66063,1,1,1,3,D900,42,
2.02E+11,1,2,2024,18:00,2,19,19031,2,2,1,3,Avenue Ribot,45,
2.02E+11,5,8,2024,17:20,1,72,72165,2,9,1,1,Rue de la Martinière,48,
2.02E+11,30,12,2024,16:40,1,17,17219,1,1,8,4,D728,45,
2.02E+11,2,2,2024,3:20,3,17,17274,1,1,1,7,D108,46,
2.02E+11,29,12,2024,14:50,1,56,56146,1,1,8,7,Le Stumo,48,
2.02E+11,4,8,2024,17:00,1,14,14078,1,2,1,3,Route de Longuemare,49,
2.02E+11,29,12,2024,14:30,1,13,13203,1,1,1,3,A557-Liaison A7 Marseille-A55 Marseille,43,
2.02E+11,5,8,2024,12:30,1,5,5142,1,1,1,6,Route Napoléon,44,
2.02E+11,2,2,2024,15:20,1,16,16015,2,1,1,3,BASSEAU (RUE DE N° 1 A 237),45,
2.02E+11,27,12,2024,13:35,1,13,13015,1,1,1,2,A515CD-Gardanne vers A51-Marseille,43,
2.02E+11,1,2,2024,22:15,3,14,14059,1,1,1,7,37 Chemin des Enclos,49,
2.02E+11,5,8,2024,19:30,1,45,45272,1,1,1,2,D2020 PR 46 + 565,47,
2.02E+11,1,2,2024,16:10,1,14,14366,2,1,1,7,1 Rue du Carmel,49,
2.02E+11,29,12,2024,5:25,3,69,69276,1,1,5,1,Autoroute 7,45,
2.02E+11,5,8,2024,10:00,1,64,64326,1,1,1,2,ROUTE DE LA PLAINE,43,
2.02E+11,2,2,2024,18:40,2,13,13075,2,1,1,3,L'ENJOLRAS (AVE DE),43,
2.02E+11,6,8,2024,14:40,1,43,43152,1,3,1,3,D13,45,
2.02E+11,28,12,2024,16:11,1,33,33366,1,1,1,4,N/A,45,
2.02E+11,2,2,2024,20:05,5,13,13208,2,1,1,3,PARADIS (RUE),43,
2.02E+11,6,8,2024,9:30,1,36,36007,1,2,1,3,N/A,46,
2.02E+11,29,12,2024,14:40,1,91,91687,1,1,1,2,AUTOROUTE A6,48,
2.02E+11,5,8,2024,10:25,1,7,7041,1,1,1,7,Route de Vidalon,45,
2.02E+11,2,2,2024,18:15,5,13,13211,2,1,1,3,CARTONNERIE (BOULEVARD DE LA ),43,
2.02E+11,29,12,2024,7:37,5,94,94043,1,1,1,6,A6B,48,
2.02E+11,5,8,2024,14:00,1,24,24388,1,1,1,7,Route du Château de Labatut,44,
2.02E+11,2,2,2024,14:30,1,13,13213,1,6,1,2,OLIVES (AVENUE DES),43,
2.02E+11,29,12,2024,15:45,2,93,93048,1,1,1,4,AUTOROUTE A3,48,
2.02E+11,4,8,2024,19:45,1,24,24082,1,1,1,1,D704a,44,
2.02E+11,31,7,2024,15:00,1,24,24479,1,1,7,7,Route de Miallet,45,
2.02E+11,1,2,2024,23:10,5,13,13005,2,1,1,2,SALENGRO (AVENUE ROGER),43,
2.02E+11,29,12,2024,18:30,3,77,77294,1,1,1,2,A104,48,
2.02E+11,6,8,2024,7:25,1,37,37098,1,1,1,6,D91,47,
2.02E+11,3,2,2024,1:00,3,13,13001,2,1,1,6,R.N 7,43,
2.02E+11,6,8,2024,8:30,1,48,48104,1,1,1,7,D900,44,
2.02E+11,25,9,2024,7:40,1,28,28027,1,1,2,1,D9,48,
2.02E+11,2,2,2024,8:30,1,13,13001,2,1,1,3,JAURES JEAN (BD),43,
2.02E+11,18,9,2024,19:20,2,28,28309,1,1,1,7,Le Hasard,48,
2.02E+11,6,8,2024,10:30,1,8,8070,2,2,1,1,1 Rue d?Avancon,49,
2.02E+11,2,2,2024,7:40,1,13,13001,2,2,1,3,REPUBLIQUE (BD DE LA),43,
2.02E+11,13,9,2024,19:50,3,28,28191,2,1,1,6,39 Rue de la Billardiere,48,
2.02E+11,6,8,2024,8:53,1,6,6152,2,1,1,2,23 Route de Nice,43,
2.02E+11,26,1,2024,15:35,1,12,12202,2,2,1,3,EUROPE (AVENUE DE L'),44,
2.02E+11,6,8,2024,16:50,1,13,13001,1,1,1,1,autoroute A8,,
2.02E+11,25,10,2024,22:55,5,74,74012,2,3,1,1,ARVE (QUAI D'),46,
2.02E+11,20,10,2024,22:45,5,74,74081,2,6,1,6,25 Grande rue,46,
2.02E+11,21,1,2024,3:15,4,12,12202,2,2,9,3,LAROMIGUIERE (BOULEVARD),44,
2.02E+11,17,1,2024,13:00,1,12,12202,2,1,1,6,BELLE ISLE (BOULEVARD),44,
2.02E+11,17,10,2024,22:10,3,74,74010,1,1,2,7,Chemin du purgatoire,45,
2.02E+11,4,8,2024,5:00,3,13,13032,1,1,1,2,Autoroute A8,,
2.02E+11,2,2,2024,17:11,1,11,11069,1,1,1,4,N/A,43,
2.02E+11,4,10,2024,22:15,5,74,74010,2,1,1,6,243 Route des creuses (Seynod),45,
2.02E+11,28,8,2024,12:15,1,74,74185,1,1,1,6,Route des bornes,46,
2.02E+11,31,7,2024,17:50,1,971,97118,1,1,1,1,404 Chemin de Bel Air Desrozieres,16,
2.02E+11,1,2,2024,17:26,2,11,11069,2,9,1,3,22 Boulevard Barbès,43,
2.02E+11,5,8,2024,21:40,3,28,28317,1,2,1,7,d.24,48,
2.02E+11,30,9,2024,7:00,3,33,33029,1,1,1,2,N/A,44,
2.02E+11,24,1,2024,20:59,5,10,10362,2,3,1,1,Rue Chanteloup,48,
2.02E+11,2,7,2024,9:50,1,13,13208,2,1,1,3,PICON JACQUES RUE,43,
2.02E+11,6,8,2024,13:05,1,77,77031,2,1,1,1,D201A,48,
2.02E+11,1,2,2024,18:35,5,10,10265,2,1,1,6,LAMARTINE (RUE),48,
2.02E+11,17,8,2024,9:50,1,84,84031,2,1,1,3,NOTRE DAME DE SANTE AVENUE,44,
2.02E+11,1,2,2024,12:14,1,10,10060,1,1,1,3,ROCADE OUEST,48,
2.02E+11,5,8,2024,18:20,1,34,34022,2,3,1,6,N113,43,
2.02E+11,15,8,2024,9:47,1,84,84031,1,1,1,2,D942,44,
2.02E+11,2,2,2024,8:20,1,7,7070,1,1,1,5,ROUTE DEPARTEMENTALE 86,44,
2.02E+11,6,8,2024,16:50,1,5,5136,1,1,1,3,RN94,44,
2.02E+11,11,8,2024,20:45,1,84,84031,2,1,1,3,DURAND BOULEVARD ALBIN,44,
2.02E+11,2,2,2024,10:40,1,7,7316,2,1,1,1,MONTGOLFIERS (AVENENUE DES FRERES),44,
2.02E+11,6,8,2024,9:50,1,4,4019,2,2,1,3,Avenue Ernest Pellotier,44,
2.02E+11,19,8,2024,7:49,1,84,84080,2,1,7,3,ROULIERS CHEMIN DES,44,
2.02E+11,5,8,2024,7:50,2,13,13059,1,6,1,3,Départementale 556,43,
2.02E+11,2,2,2024,15:40,1,6,6088,2,1,1,2,Promenade des Anglais,43,
2.02E+11,3,8,2024,16:40,1,84,84031,1,6,1,7,D942,44,
2.02E+11,2,8,2024,21:40,3,84,84031,2,1,2,6,ROUTE DE BEDOIN,44,
2.02E+11,5,8,2024,5:20,2,67,67519,1,1,1,7,M223,48,
2.02E+11,2,2,2024,13:50,1,6,6069,2,9,1,3,Avenue Mathias Duval,43,
2.02E+11,1,8,2024,10:24,1,84,84080,2,1,1,6,TREWEY BOULEVARD,44,
2.02E+11,4,8,2024,9:35,1,69,69255,2,4,7,6,Rue du Dronaud,45,
2.02E+11,23,7,2024,4:40,3,84,84031,1,6,1,7,SAINT ROCH AVENUE,44,
2.02E+11,2,2,2024,10:45,1,6,6069,2,1,1,2,Boulevard Fragonard,43,
2.02E+11,5,8,2024,15:10,1,9,9157,1,1,1,1,Avenue Pierre Sémard,42,
2.02E+11,20,7,2024,15:51,1,84,84089,2,6,1,3,Route d?Aix,43,
2.02E+11,2,2,2024,2:50,5,6,6029,2,1,1,6,44 Boulevard Carnot,43,
2.02E+11,13,3,2024,15:03,1,84,84056,1,1,1,6,Route de Violès,44,
2.02E+11,2,2,2024,7:05,2,6,6004,2,3,1,6,Chemin de Saint Claude,43,
2.02E+11,26,10,2024,20:55,3,19,19151,1,1,2,7,N/A,45,
2.02E+11,5,8,2024,21:10,1,72,72244,1,3,7,3,1134 route de sable,47,
2.02E+11,28,12,2024,23:20,5,974,97407,2,6,1,3,VERGES(AVENUE),-20,
2.02E+11,28,12,2024,15:50,1,2B,2B037,2,6,1,3,TOUTES RUES,42,
2.02E+11,6,8,2024,14:00,1,50,50616,1,3,8,3,D456,48,
2.02E+11,28,12,2024,14:20,1,2A,2A004,2,9,1,3,MARECHAL JUIN AVENUE,41,
2.02E+11,31,7,2024,11:00,1,29,29046,2,3,1,7,Route de Quimper,48,
2.02E+11,28,12,2024,11:06,1,2A,2A004,2,3,1,3,#Rue Achille Peretti#,41,
2.02E+11,4,8,2024,22:45,3,22,22168,2,2,1,3,Route de Pleumeur-bodou,48,
2.02E+11,5,8,2024,23:40,4,22,22162,2,3,1,6,Rue Gilles le Guen,48,
2.02E+11,28,12,2024,14:22,1,91,91286,2,6,8,6,ROUTE NATIONALE 7,48,
2.02E+11,6,8,2024,0:30,3,27,27114,2,1,1,6,rue guy de maupassant,48,
2.02E+11,28,12,2024,19:02,5,91,91228,2,9,1,3,BD DE L EUROPE,48,
2.02E+11,6,8,2024,17:05,1,59,59659,2,1,1,6,Rue Camille Desmoulins,50,
2.02E+11,5,8,2024,18:40,1,91,91692,1,1,1,6,AUTOROUTE A10,48,
2.02E+11,27,12,2024,19:45,3,77,77459,1,1,5,1,D619,48,
2.02E+11,4,8,2024,20:45,1,92,92050,1,1,1,7,A86,48,
2.02E+11,28,12,2024,6:00,5,68,68066,2,6,5,7,LADHOF (RUE DU),48,
2.02E+11,4,8,2024,20:40,2,95,95277,1,1,1,2,A3,48,
2.02E+11,28,12,2024,19:30,4,66,66136,2,2,1,3,WILSON (BOULEVARD THOMAS,42,
2.02E+11,28,12,2024,13:24,1,64,64024,2,9,1,3,MONTBRUN (AVENUE DE),43,
2.02E+11,3,8,2024,2:53,3,77,77495,1,1,1,2,A5B,48,
2.02E+11,28,12,2024,9:30,2,64,64102,2,1,1,6,LORRAINE (BOULEVARD D'ALSACE),43,
2.02E+11,28,12,2024,12:15,1,63,63113,2,1,1,6,BLANZAT (RUE DE),45,
2.02E+11,28,2,2024,13:15,1,14,14475,1,1,1,2,2871 Route de Bretagne (Noyers-Bocage),49,
2.02E+11,28,12,2024,5:40,3,54,54149,1,1,9,6,RN52,49,
2.02E+11,3,8,2024,0:50,5,34,34301,2,9,1,6,CLERVILLE CHEVALIER DE (BOULEVARD),43,
2.02E+11,27,12,2024,17:35,5,51,51454,2,3,1,6,VASNIER (BOULEVARD HENRI) COTE IMPAIR,49,
2.02E+11,29,4,2024,3:50,5,95,95323,2,1,1,6,GIROLLES (RUE DES),49,
2.02E+11,28,12,2024,16:20,1,46,46042,2,1,1,6,CAVAIGNAC (QUAI EUGENE),44,
2.02E+11,4,8,2024,20:00,3,988,98818,2,1,1,6,Sur parking Hyprocal,-22,
2.02E+11,28,12,2024,7:50,5,35,35115,2,6,1,3,CARNOT (PLACE DU PRESIDENT),48,
2.02E+11,4,8,2024,11:50,1,974,97411,2,1,1,6,PROVIDENCE (BOULEVARD DE LA),-20,
2.02E+11,28,12,2024,16:10,1,33,33529,2,1,1,7,N/A,44,
2.02E+11,4,8,2024,0:01,5,2A,2A004,1,6,1,7,T21,41,
2.02E+11,28,12,2024,18:00,5,29,29039,2,6,1,3,Rue de la Villeneuve,47,
2.02E+11,4,8,2024,15:50,1,95,95277,1,1,1,4,D170,48,
2.02E+11,28,12,2024,3:30,3,26,26252,1,9,5,7,RN7,44,
2.02E+11,4,8,2024,17:28,1,91,91552,2,1,1,6,RTE DE CORBEIL,48,
2.02E+11,4,8,2024,13:45,1,90,90010,2,1,1,6,FRANCE BOULEVARD ANATOLE ),47,
2.02E+11,27,12,2024,17:25,3,14,14271,1,1,1,4,N814,49,
2.02E+11,4,8,2024,20:10,1,83,83090,2,1,1,2,RESISTANCE (AVE DE LA),43,
2.02E+11,28,12,2024,19:00,5,13,13103,2,1,1,6,BOULEVARD JOLY - VICTOR,43,
2.02E+11,3,8,2024,19:55,1,83,83126,2,3,1,1,POMPIDOU (CORNICHE GEORGES),43,
2.02E+11,28,12,2024,18:08,5,13,13203,2,2,1,3,CHANTERAC (RUE DE),43,
2.02E+11,28,12,2024,7:45,3,13,13213,2,1,1,1,ALBERT EINSTEIN (RUE),43,
2.02E+11,4,8,2024,16:10,1,82,82121,2,6,1,6,avenue du 10e dragon,44,
2.02E+11,28,12,2024,18:45,3,13,13001,2,6,1,7,RD 543,43,
2.02E+11,4,8,2024,4:15,3,82,82121,1,1,1,1,A20,44,
2.02E+11,28,12,2024,19:40,5,7,7102,2,6,1,6,REPUBLIQUE (AV.DE LA) [DU N° AU N°],44,
2.02E+11,27,12,2024,17:55,5,75,75119,2,1,1,6,BOULEVARD MACDONALD,48,
2.02E+11,28,12,2024,14:20,1,75,75111,2,2,1,6,AVENUE PARMENTIER,48,
2.02E+11,1,6,2024,14:10,1,94,94069,1,1,2,2,A4,48,
2.02E+11,31,5,2024,6:45,2,77,77373,1,1,2,7,RN104,48,
2.02E+11,31,5,2024,13:42,1,987,98735,2,9,1,3,POMARE (BVD BLOC DU FOYER DES J.FILLES),-17,
2.02E+11,31,5,2024,12:35,1,976,97611,2,1,1,6,tsoundzou-Maternelle,-12,
2.02E+11,31,5,2024,8:00,1,974,97416,2,3,1,3,CHATEAU D'EAU (CHEMIN DU),-21,
2.02E+11,31,5,2024,14:20,1,974,97407,2,1,1,3,ROMERO(AVENUE),-20,
2.02E+11,31,5,2024,13:00,1,973,97302,2,1,1,2,TROUBIRAN (CHEMIN DE),4,
2.02E+11,31,5,2024,11:30,1,973,97302,2,1,1,3,REPUBLIQUE (BD DE LA),4,
2.02E+11,30,5,2024,7:47,1,973,97302,2,3,1,3,MONTABO (ROUTE DE) 1,4,
2.02E+11,29,5,2024,12:35,1,973,97302,2,3,1,1,MADELEINE (ROUTE DE LA),4,
2.02E+11,31,5,2024,20:55,2,69,69387,2,2,1,3,Pont de l'Université,45,
2.02E+11,30,4,2024,21:25,5,972,97213,1,1,1,2,ROUTE NATIONALE 5,14,
2.02E+11,31,5,2024,10:25,1,972,97209,2,9,1,3,BOUILLE (RUE),14,
2.02E+11,31,5,2024,18:40,1,2B,2B033,2,1,1,7,FAVALE - COURS,42,
2.02E+11,31,5,2024,13:40,1,91,91692,2,1,2,6,BERRY (AVENUE DU),48,
2.02E+11,31,5,2024,5:15,2,91,91687,2,3,2,3,GENERAL DE GAULLE (AVENUE DU),48,
2.02E+11,31,5,2024,16:00,1,91,91433,2,1,3,3,PONTS (RUE DES),48,
2.02E+11,31,5,2024,5:11,5,87,87085,2,3,1,3,ALLENDE (QUAI SALVADOR),45,
2.02E+11,31,5,2024,23:10,3,85,85194,1,1,1,7,RD 949,46,
2.02E+11,30,5,2024,20:00,1,30,30011,2,1,1,3,N/A,43,
2.02E+11,29,5,2024,16:35,1,83,83144,1,6,1,3,Rond point de l'Université,43,
2.02E+11,29,5,2024,17:15,1,83,83126,2,2,1,3,JUIN (AV MARECHAL),43,
2.02E+11,31,5,2024,14:47,1,83,83061,1,1,1,6,D7,43,
2.02E+11,29,5,2024,18:20,1,81,81163,2,6,1,3,RICHARDE,43,
2.02E+11,31,5,2024,16:00,1,80,80001,2,3,2,2,MENCHECOURT (de),50,
2.02E+11,31,5,2024,20:00,1,78,78311,2,1,2,6,BLAISE PASCAL (RUE),48,