Num_Acc,jour,mois,an,hrmn,lum,dep,com,agg,int,atm,col,adr,lat,long
2.02E+11,3,7,2024,16:45,1,16,16281,2,1,1,6,N/A,45,
2.02E+11,3,7,2024,7:49,1,85,85213,1,1,1,7,106 la greffelière,46,
2.02E+11,13,3,2024,18:00,1,93,93001,1,1,1,7,A86,48,
2.02E+11,14,3,2024,14:34,1,988,98818,2,1,1,6,N°2 RUE DES GAIACS,-22,
2.02E+11,2,7,2024,18:00,1,37,37266,2,1,1,6,D17,47,
2.02E+11,13,3,2024,14:46,1,987,98735,2,7,1,3,REMPARTS (RUE BLOC KIKIRIRI),-17,
2.02E+11,3,7,2024,16:00,1,30,30100,2,1,1,3,route neuve,44,
2.02E+11,14,3,2024,7:10,1,976,97611,2,1,1,3,passamanty-Vahibé ( route ),-12,
2.02E+11,4,7,2024,5:20,2,52,52212,1,9,1,3,Route de Saint-Urbain,48,
2.02E+11,15,3,2024,3:45,5,974,97411,2,9,2,3,DESBASSYNS (CHEMIN),-20,
2.02E+11,4,7,2024,11:24,1,31,31588,2,3,1,3,Chemin de Cote Goubard,43,
2.02E+11,3,7,2024,18:10,1,13,13044,1,1,1,2,N569,43,
2.02E+11,14,3,2024,16:50,1,974,97411,2,1,1,4,JAURES (BLD 1 JEAN),-20,
2.02E+11,13,3,2024,17:48,2,973,97302,2,1,1,6,FELIX EBOUE(ROCADE),4,
2.02E+11,3,7,2024,19:38,1,66,66108,2,3,1,3,41 Avenue du 8 Mai 1945,42,
2.02E+11,13,3,2024,15:05,1,973,97302,2,1,1,6,MOLE,4,
2.02E+11,4,7,2024,8:50,1,13,13065,1,1,7,2,D17,43,
2.02E+11,13,3,2024,13:00,1,973,97302,2,1,2,3,HOMAT(CITE),4,
2.02E+11,2,7,2024,7:50,1,987,98747,2,1,1,1,RT1 face magasin NATURELAND TARAVAO,-17,
2.02E+11,14,3,2024,13:30,1,69,69383,2,2,1,3,Rue Voltaire,45,
2.02E+11,3,7,2024,11:30,1,974,97420,2,1,1,6,74 Avenue Pierre Mendès France,-20,
2.02E+11,8,3,2024,9:40,1,69,69386,2,2,1,3,Rue Vauban,45,
2.02E+11,3,7,2024,12:25,1,974,97408,1,1,1,2,N1,-20,
2.02E+11,14,3,2024,8:06,1,2B,2B033,1,1,1,2,SAMPIERO CORSO - AV,42,
2.02E+11,3,7,2024,18:15,1,971,97117,1,1,2,1,Rue Sainte Marguerite,16,
2.02E+11,4,7,2024,9:00,1,45,45198,1,1,1,1,D2152 PR 14 + 638,48,
2.02E+11,13,3,2024,19:40,5,95,95203,2,2,1,1,D928,48,
2.02E+11,14,3,2024,12:10,1,91,91471,2,1,1,6,GUY MOQUET (RUE),48,
2.02E+11,1,7,2024,15:00,1,77,77437,1,1,1,5,N330,49,
2.02E+11,14,3,2024,23:50,5,91,91589,2,1,2,6,BD ARISTIDE BRIAND,48,
2.02E+11,3,7,2024,23:30,5,2A,2A247,2,1,1,1,#82 Avenue de Bastia#,41,
2.02E+11,25,2,2024,0:55,5,91,91027,2,1,8,6,FRANCOIS MITTERRAND (AVENUE),48,
2.02E+11,4,7,2024,11:40,1,30,30128,1,1,1,3,route de nimes,43,
2.02E+11,23,2,2024,21:20,5,91,91228,2,2,1,1,AV DE L ORME A MARTIN,48,
2.02E+11,3,7,2024,17:50,1,11,11099,1,3,1,3,N/A,43,
2.02E+11,13,3,2024,16:40,1,84,84087,2,3,1,2,POURTOULES (COURS),44,
2.02E+11,14,3,2024,0:55,5,84,84007,2,6,1,6,AERODROME  (ROUTE DE L')-MONTFAVET,43,
2.02E+11,4,7,2024,12:20,1,26,26124,1,1,1,3,A7 PK078.900 sens nord-sud,44,
2.02E+11,13,3,2024,5:20,3,84,84007,2,2,1,3,CHARLES DE GAULLE,43,
2.02E+11,14,3,2024,16:40,1,83,83069,1,1,1,6,LOUBES (ROUTE DES),43,
2.02E+11,4,7,2024,11:40,1,26,26362,1,1,1,2,A7 PK71.500 sens sud-nord,44,
2.02E+11,14,3,2024,20:35,3,78,78551,1,9,1,1,LOGES (AVENUE DES),48,
2.02E+11,4,7,2024,5:20,1,21,21295,1,1,1,1,D931,47,
2.02E+11,13,3,2024,18:00,1,77,77438,2,9,1,6,SAINT GERMAIN DES NOYERS  (AVENUE),48,
2.02E+11,4,7,2024,7:35,1,55,55553,1,1,3,6,D958,48,
2.02E+11,3,7,2024,22:40,5,38,38349,2,4,1,6,Route des Alpes,45,
2.02E+11,14,3,2024,13:50,1,76,76351,2,3,1,6,ESTIENNE D'ORVES (D'),49,
2.02E+11,13,3,2024,14:20,1,76,76351,2,2,1,3,PIERRE FARCIS,49,
2.02E+11,3,7,2024,15:06,1,81,81283,2,2,1,3,Route de Lincarque,43,
2.02E+11,13,3,2024,20:35,5,76,76351,2,8,1,3,RAYMOND GUENOT,49,
2.02E+11,4,7,2024,10:35,1,65,65059,2,1,1,3,Avenue Maquis de Payolle,43,
2.02E+11,14,3,2024,17:30,1,69,69266,2,1,1,3,Cours Emile Zola,45,
2.02E+11,1,7,2024,19:15,1,31,31478,1,2,8,1,route de revel,43,
2.02E+11,13,3,2024,17:15,1,69,69290,2,1,1,7,Chemin de Saint Bonnet de Mure,45,
2.02E+11,4,7,2024,15:00,1,16,16061,1,2,1,3,N/A,45,
2.02E+11,13,3,2024,15:30,1,69,69290,2,1,1,2,Autoroute 43 ,45,
2.02E+11,4,7,2024,4:00,5,29,29042,1,1,1,6,Tal ar Groas - Route de Crozon (Arrêt de bus),48,
2.02E+11,14,3,2024,16:20,1,67,67482,2,1,1,6,VIENNE (ROUTE DE),48,
2.02E+11,4,7,2024,3:30,3,35,35228,1,1,1,7,D266,48,
2.02E+11,14,3,2024,9:45,1,67,67043,1,1,1,3,TRIAGE (RUE DU),48,
2.02E+11,26,6,2024,9:30,1,59,59025,2,6,1,3,Rue de Verdun,50,
2.02E+11,13,3,2024,19:10,5,67,67482,2,3,8,3,KOENIGSHOFFEN (RUE DE),48,
2.02E+11,3,7,2024,8:55,1,13,13212,2,1,1,4,A507 sens Marseille - Aubagne,43,
2.02E+11,14,3,2024,7:30,1,66,66136,1,1,1,4,Avenue de la SALANQUE,42,
2.02E+11,3,7,2024,13:20,1,69,69007,1,9,1,6,Autoroute 7  ,45,
2.02E+11,13,3,2024,18:40,2,64,64102,2,1,7,6,SOULT (AVENUE MARECHAL),43,
2.02E+11,3,7,2024,15:15,1,78,78362,1,1,1,2,A13,48,
2.02E+11,2,7,2024,20:20,1,92,92036,1,1,1,2,A86,48,
2.02E+11,13,3,2024,17:30,1,64,64024,2,1,1,3,BARTHES (CHEMIN DES),43,
2.02E+11,1,7,2024,17:35,1,92,92025,1,1,1,3,A86,48,
2.02E+11,13,3,2024,7:20,1,64,64140,2,3,1,1,DOUANE (QUAI DE LA),43,
2.02E+11,3,7,2024,16:30,1,93,93007,1,1,1,3,AUTOROUTE A3,48,
2.02E+11,14,3,2024,13:55,1,63,63014,2,1,1,2,LANDAIS (AVENUE DES),45,
2.02E+11,3,7,2024,7:00,1,95,95351,1,1,1,2,N104,49,
2.02E+11,2,7,2024,20:25,1,95,95252,1,1,1,3,A15,48,
2.02E+11,14,3,2024,18:20,1,62,62186,2,3,1,1,D58,50,
2.02E+11,2,7,2024,18:50,1,95,95582,1,1,1,2,A15,48,
2.02E+11,14,3,2024,9:15,1,59,59599,2,1,1,7,Rue de Roubaix,50,
2.02E+11,2,7,2024,19:40,1,93,93066,1,1,1,2,AUTOROUTE A86,48,
2.02E+11,14,3,2024,7:25,1,59,59220,2,2,1,6,Rue Anatole France,50,
2.02E+11,3,7,2024,3:30,4,94,94004,1,1,1,2,Avenue du Général Leclerc,48,
2.02E+11,16,1,2024,14:15,1,91,91692,2,1,1,3,CANADA (AVENUE DU),48,
2.02E+11,13,3,2024,15:00,1,56,56121,2,3,1,3,Boulevard de Normandie,47,
2.02E+11,13,3,2024,23:30,5,54,54395,2,3,1,1,Rue des Tiercelins,48,
2.02E+11,29,3,2024,7:45,1,14,14654,1,1,1,7,Route de Crèvecœur,49,
2.02E+11,14,3,2024,18:00,2,54,54451,1,1,1,7,Rue de Boismont,49,
2.02E+11,23,3,2024,22:00,3,49,49099,2,1,1,7,TOURAINE (BOULEVARD DE),47,
2.02E+11,12,3,2024,20:00,5,50,50129,2,3,1,3,ABBAYE (RUE DE L'),49,
2.02E+11,12,3,2024,19:15,5,49,49267,2,1,1,6,CHENE VERT,47,
2.02E+11,24,2,2024,23:00,3,49,49099,2,3,1,6,RICHARD (BOULEVARD GUSTAVE),47,
2.02E+11,12,3,2024,17:01,1,49,49007,2,1,1,3,PASTEUR AVENUE,47,
2.02E+11,20,4,2024,19:20,1,16,16271,2,1,1,1,N/A,45,
2.02E+11,14,3,2024,8:30,1,45,45285,2,1,1,6,90 Rue Croix Baudu,47,
2.02E+11,26,6,2024,17:00,1,976,97611,2,1,1,6,mamoudzou centre-Haladi Selemani ( rue ),-12,
2.02E+11,14,3,2024,22:00,5,41,41226,2,2,1,3,Route de Paris,47,
2.02E+11,2,7,2024,18:35,5,974,97416,2,3,1,6,LEBLOND 1 (RUE MARIUS ET ARY),-21,
2.02E+11,13,3,2024,19:50,5,38,38151,2,6,1,1,AVENUE DE KIMBERLEY,45,
2.02E+11,2,7,2024,9:40,1,974,97416,2,9,1,3,LEBLOND 1 (RUE MARIUS ET ARY),-21,
2.02E+11,13,3,2024,19:50,5,37,37261,2,7,1,6,HEURTELOUP (BOULEVARD),47,
2.02E+11,2,7,2024,22:45,5,974,97409,2,1,1,6,MASCAREIGNES (Avenue des),-20,
2.02E+11,14,3,2024,9:35,1,37,37261,2,1,1,2,POMPIDOU (AVENUE GEORGES),47,
2.02E+11,2,7,2024,18:50,2,974,97407,2,1,1,6,MONPELLIER (RUE),-20,
2.02E+11,1,7,2024,11:45,1,69,69387,2,1,1,3,Avenue Leclerc,45,
2.02E+11,13,3,2024,9:30,1,35,35281,1,1,1,4,RD 177,48,
2.02E+11,1,7,2024,12:15,1,972,97209,1,1,3,2,RN9,14,
2.02E+11,13,3,2024,14:30,1,34,34301,2,2,1,6,RHIN ET DANUBE (QUAI),43,
2.02E+11,2,7,2024,17:44,1,2B,2B037,1,1,1,4,TOUTES RUES,42,
2.02E+11,1,7,2024,12:03,1,2B,2B033,2,1,1,3,TOUTES RUES,9,
2.02E+11,14,3,2024,21:30,5,34,34172,2,1,1,3,LAVERUNE (ROUTE DE,43,
2.02E+11,1,7,2024,17:50,1,971,97113,1,1,2,2,RN4 - SECTION RIVIERA,16,
2.02E+11,14,3,2024,20:15,5,33,33063,2,2,1,3,N/A,44,
2.02E+11,2,7,2024,12:00,1,91,91552,2,2,1,1,RTE DE CORBEIL,48,
2.02E+11,14,3,2024,19:50,4,33,33063,2,1,1,6,N/A,44,
2.02E+11,14,3,2024,8:55,1,33,33162,2,9,1,6,N/A,44,
2.02E+11,1,7,2024,17:30,1,91,91549,2,3,1,3,GEORGES PITARD (AVENUE),48,
2.02E+11,14,3,2024,21:00,5,31,31555,2,1,1,6,AGDE (RTE D) DU 1AU 67,43,
2.02E+11,1,7,2024,17:20,1,91,91469,1,1,1,5,ARTONOU (ROUTE D') CD49,48,
2.02E+11,14,3,2024,15:55,1,31,31555,2,1,1,4,12 LES IZARDS (PERIPH EST A62),43,
2.02E+11,13,3,2024,17:10,1,30,30007,2,6,1,7,Quai de Grabieux,44,
2.02E+11,30,6,2024,6:20,2,87,87085,2,1,1,2,HUGO (BOULEVARD VICTOR),45,
2.02E+11,13,3,2024,19:30,2,29,29019,2,6,1,3,avenue Victor Le Gorgeu,48,
2.02E+11,1,7,2024,17:20,1,84,84031,2,4,1,1,EISENHOWER AVENUE DWIGHT,44,
2.02E+11,13,3,2024,9:20,1,29,29019,2,3,8,3,rue Marengo,48,
2.02E+11,2,7,2024,18:10,1,83,83098,2,3,1,3,PREMIERE (D.F.L),43,
2.02E+11,14,3,2024,16:46,1,25,25056,2,3,1,3,BELFORT RUE DE BELFORT (sup 144)4,47,
2.02E+11,1,7,2024,16:55,1,80,80674,2,1,1,3,THUILLIER DELAMBRE (RUE),49,
2.02E+11,14,3,2024,7:55,1,25,25056,2,6,1,6,LAFAYETTE RUE,47,
2.02E+11,1,7,2024,11:10,1,80,80021,2,1,1,7,DIJON (RUE),49,
2.02E+11,21,2,2024,18:51,1,22,22360,1,6,2,3,ARMOR (RUE D'),48,
2.02E+11,3,7,2024,0:45,3,78,78168,2,1,1,6,Route nationale 10,48,
2.02E+11,2,7,2024,8:45,1,76,76366,2,3,1,1,Rue du Général de Gaulle,49,
2.02E+11,1,7,2024,19:00,1,76,76351,2,3,1,6,LESUEUR (RUE),49,
2.02E+11,1,7,2024,16:00,1,74,74012,2,1,1,6,GIFFRE (AVENUE DU),46,
2.02E+11,2,7,2024,18:20,1,73,73065,2,3,1,5,GRANDE CHARTREUSE (AVENUE DE LA),45,
2.02E+11,2,7,2024,12:30,1,72,72181,2,2,1,5,CUGNOT NICOLAS (BD),47,
2.02E+11,2,7,2024,0:40,3,72,72181,2,9,1,6,EVENTAIL RUE DE L' N° IMP 1 A 61,48,
2.02E+11,1,7,2024,21:08,1,72,72181,2,2,1,2,JAURES JEAN (AV) N° IMP 35 A 179,47,
2.02E+11,1,7,2024,11:44,1,71,71306,2,1,1,3,JEAN BOUVERI (RUE),46,
2.02E+11,2,7,2024,7:35,1,71,71076,2,3,1,3,BOUCICAUT (AVENUE),46,
2.02E+11,1,7,2024,10:30,1,69,69276,2,1,1,6,Rue du 11 Novembre 1918,45,
2.02E+11,30,6,2024,18:00,1,67,67482,2,3,8,3,SCHIRMECK (ROUTE DE),48,
2.02E+11,2,7,2024,19:00,1,64,64445,2,2,1,3,SAINT-LOUIS DE GONZAGUE,43,
2.02E+11,1,7,2024,17:05,1,64,64132,2,1,2,4,D802,43,
2.02E+11,1,7,2024,16:15,1,64,64132,2,3,1,7,YSER DE L',43,
2.02E+11,2,7,2024,16:08,1,63,63014,2,3,1,5,MONT MOUCHET (AVENUE DU),45,
2.02E+11,2,7,2024,11:10,1,59,59193,1,1,1,1,D.952,50,
2.02E+11,1,7,2024,17:20,1,59,59220,2,1,1,3,CARNOT RUE,50,
2.02E+11,6,3,2024,13:29,1,59,59350,2,9,1,6,Rue Desaix,50,
2.02E+11,1,7,2024,16:45,1,57,57631,2,3,1,3,MONTAGNE (RUE DE LA),49,
2.02E+11,1,7,2024,11:43,1,56,56162,2,6,1,6,Kerscouët,47,
2.02E+11,2,7,2024,12:20,1,54,54395,2,3,1,3,Quai Claude le Lorrain,48,
2.02E+11,1,7,2024,9:45,1,54,54274,2,1,2,2,Rue Forges du Nord et de l’Est,48,
2.02E+11,1,7,2024,14:45,1,54,54575,1,1,1,1,Route d’Hussigny,49,
2.02E+11,2,7,2024,17:40,1,51,51573,2,1,8,1,COUTURIER (RUE PAUL VAILLANT),49,
2.02E+11,2,7,2024,6:00,1,51,51058,2,7,1,3,SALMON (RUE PIERRE),49,
2.02E+11,2,7,2024,17:18,1,50,50165,2,1,1,2,COUTANCES (ROUTE DE),48,
2.02E+11,1,7,2024,8:00,1,50,50129,2,1,1,3,Quai Lawton COLLINS,49,
2.02E+11,1,7,2024,14:25,1,49,49007,2,1,1,3,PROUDHON,47,
2.02E+11,1,7,2024,8:00,1,49,49007,2,1,1,3,PORTET BOULEVARD,47,
2.02E+11,28,6,2024,15:00,1,49,49267,2,1,1,3,ANGERS ROUTE,47,
2.02E+11,2,7,2024,14:30,1,45,45208,2,1,1,3,66 Avenue de Lattre de Tassigny,47,
2.02E+11,15,6,2024,10:55,1,40,40088,2,1,1,6,BOUVET (PLACE CAMILLE),43,
2.02E+11,2,7,2024,21:20,1,37,37208,2,1,1,6,DE GAULLE (AV. DU GAL),47,
2.02E+11,2,7,2024,18:00,1,35,35238,2,1,1,3,SAINT-MALO (RUE DE),48,
2.02E+11,2,7,2024,9:00,1,35,35206,1,1,2,5,N/A,48,
2.02E+11,2,7,2024,13:15,1,34,34301,1,1,1,5,AGDE (ROUTE DE),43,
2.02E+11,2,7,2024,13:10,1,34,34301,2,9,1,3,FOOTBALL (RUE DU),43,
2.02E+11,22,11,2024,18:15,5,13,13214,1,1,1,5,A7-Sens Marseille vers Lyon,43,
2.02E+11,19,11,2024,19:15,3,13,13106,1,1,2,2,A7-Sens Lyon vers Marseille,43,
2.02E+11,1,7,2024,22:35,5,34,34108,1,6,1,3,LA PEYRADE (ROND-POINT),43,
2.02E+11,30,6,2024,20:00,2,34,34032,2,7,1,6,GARIBALDI (PLACE),43,
2.02E+11,22,11,2024,17:35,3,83,83062,1,1,1,4,A570,43,
2.02E+11,2,7,2024,14:10,1,33,33318,2,1,1,1,N/A,44,
2.02E+11,23,11,2024,18:31,5,33,33039,1,1,1,4,N/A,44,
2.02E+11,1,7,2024,17:10,1,33,33550,1,2,1,3,N/A,44,
2.02E+11,23,11,2024,12:45,1,91,91064,1,1,1,4,RN 118,48,
2.02E+11,23,11,2024,11:05,1,94,94034,1,1,2,2,A86,48,
2.02E+11,2,7,2024,18:00,1,26,26362,1,3,1,3,Route de Montelier,44,
2.02E+11,23,11,2024,1:50,3,92,92064,1,1,1,2,A13,48,
2.02E+11,23,11,2024,1:00,3,95,95527,1,1,1,6,A1,49,
2.02E+11,23,11,2024,1:00,3,92,92078,1,1,1,6,AUTOROUTE A86,48,
2.02E+11,2,7,2024,15:20,1,13,13202,2,1,1,3,CAMILLE PELLETAN (AVENUE),43,
2.02E+11,22,11,2024,20:55,3,94,94028,1,1,2,2,A86,48,
2.02E+11,1,7,2024,16:00,1,13,13103,2,6,1,3,JACQUES MINET BOULEVARD,43,
2.02E+11,2,7,2024,9:15,1,13,13028,2,1,1,3,CAPORAL CHEF ALAIN DERUY (AVENUE DU),43,
2.02E+11,22,11,2024,10:50,1,974,97416,1,3,1,3,BADAMIER(CHEMIN),-21,
2.02E+11,2,7,2024,16:00,1,13,13005,2,3,1,3,CD 2 (CAMP MAJOR),43,
2.02E+11,22,11,2024,11:30,1,974,97411,1,1,1,2,QUATRE VOIES GILLOT (ROUTE A),-20,
2.02E+11,22,11,2024,7:40,1,974,97407,2,3,2,3,BELLEAU REMI(RUELLE),-20,
2.02E+11,2,7,2024,12:15,1,13,13001,2,1,1,2,BROSSOLETTE PIERRE (AV),43,
2.02E+11,21,11,2024,19:23,3,973,97302,1,1,1,6,ROUTE NATIONALE 1,4,
2.02E+11,24,6,2024,15:15,1,12,12202,2,6,1,3,GIRATOIRE SAINT LOUIS ( AVENUE DE VABRES,44,
2.02E+11,21,11,2024,17:21,1,973,97302,2,6,1,3,BADUEL (ROUTE DE),4,
2.02E+11,28,6,2024,1:10,3,7,7019,1,1,1,6,RN 102,44,
2.02E+11,21,11,2024,7:40,1,973,97302,1,1,1,3,ROUTE NATIONALE 1,4,
2.02E+11,22,11,2024,20:25,5,69,69388,2,3,1,3,Rue Jean Sarrazin,45,
2.02E+11,22,11,2024,21:00,5,69,69387,2,2,1,3,Rue Sébastien Gryphe,45,
2.02E+11,22,11,2024,19:24,5,69,69387,2,3,1,3,Rue de Marseille,45,
2.02E+11,22,11,2024,18:50,5,69,69388,2,1,1,6,Rue Maryse Bastié,45,
2.02E+11,22,11,2024,17:22,2,972,97213,1,1,1,6,BASSE GONDEAU (CHEMIN RURAL N°3 DE),14,
2.02E+11,22,11,2024,6:50,1,972,97213,2,1,2,3,BASSE GONDEAU (CHEMIN RURAL N°4 DE),14,
2.02E+11,22,11,2024,15:00,1,971,97113,1,9,1,7,SECTION GRANDE RAVINE,16,
2.02E+11,22,11,2024,16:55,5,95,95563,2,9,1,6,JEANNE D'ARC (RUE),49,
2.02E+11,22,11,2024,14:57,1,91,91691,2,3,1,6,RENE COTY(RUE),48,
2.02E+11,22,11,2024,18:45,5,91,91228,2,2,1,6,ORME A MARTIN (AVENUE DE L'),48,
2.02E+11,21,11,2024,16:40,1,87,87085,2,1,6,6,GAUGUIN (RUE),45,
2.02E+11,21,11,2024,8:30,5,87,87085,2,1,1,4,N/A,45,
2.02E+11,22,11,2024,19:20,5,84,84031,2,3,1,6,MISTRAL AVENUE FREDERIC,44,
2.02E+11,22,11,2024,16:15,5,84,84007,2,1,1,1,CABRIERE (AVENUE DE LA),43,
2.02E+11,21,11,2024,19:30,4,83,83123,1,1,1,2,ROUTE DE BANDOL,43,
2.02E+11,22,11,2024,19:55,5,79,79191,2,3,9,1,N/A,46,
2.02E+11,22,11,2024,9:40,1,74,74010,2,1,8,2,FIER (BOULEVARD DU)),45,
2.02E+11,22,11,2024,14:45,1,72,72181,2,1,1,6,BARTHOLDI FRED AUGUSTE (AV) IMPAI,48,
2.02E+11,21,11,2024,22:00,5,72,72181,1,1,1,3,PATTON GENERAL RTE BAUGE A CHEMIN RONDE,48,
2.02E+11,22,11,2024,11:20,1,69,69264,2,1,1,3,384 Boulevard Louis Blanc,45,
2.02E+11,22,11,2024,6:50,5,69,69264,2,1,8,2,Route de Frans,45,
2.02E+11,22,11,2024,23:30,5,69,69199,2,1,1,3,Boulevard Yves Farge,45,
2.02E+11,22,11,2024,1:45,4,69,69290,1,1,2,6,Rue Jules Verne,45,
2.02E+11,22,11,2024,17:50,5,67,67482,2,1,8,6,THUMENAU (RUE DE LA),48,
2.02E+11,22,11,2024,19:10,5,67,67180,2,3,1,5,FOULON (RUE DU),48,
2.02E+11,22,11,2024,9:30,1,64,64483,2,1,3,6,SALLAGOITY GARRA (RUE),43,
2.02E+11,22,11,2024,23:05,5,64,64445,2,1,1,3,FAGET DE BAURE,43,
2.02E+11,22,11,2024,20:00,5,64,64445,2,9,1,6,BAYARD,43,
2.02E+11,22,11,2024,8:55,1,64,64445,2,1,2,7,GENERAL POEYMIRAU DU,43,
2.02E+11,21,11,2024,14:05,1,64,64445,2,3,1,6,MARCELIN BERTHELOT,43,
2.02E+11,22,11,2024,13:50,1,64,64122,1,1,2,3,MARCEL DASSAULT (BD),43,
2.02E+11,22,11,2024,20:10,4,64,64102,2,1,1,4,LOUIS DE FOIX (AVENUE),43,
2.02E+11,22,11,2024,14:30,1,59,59599,2,1,1,2,DUNKERQUE (RUE DE),50,
2.02E+11,22,11,2024,15:00,1,56,56098,2,2,1,3,Rue Gérard Philipe,47,
2.02E+11,22,11,2024,7:20,5,54,54395,2,2,1,6,Rue Henri Bazin,48,
2.02E+11,21,11,2024,10:40,1,54,54395,2,3,1,3,avenue Raymond Pinchard,48,
2.02E+11,20,11,2024,18:00,5,54,54395,2,3,1,3,Avenue de Strasbourg,48,
2.02E+11,22,11,2024,10:15,1,51,51454,2,1,4,7,GILBERT (RUE),49,
2.02E+11,21,11,2024,17:55,3,51,51058,2,1,1,6,LOUIS VICTOR DE BROGLIE,49,
2.02E+11,21,11,2024,8:20,5,50,50129,2,1,8,1,SALINE (BOULEVARD DE LA),49,
2.02E+11,18,11,2024,17:45,5,50,50129,2,6,3,2,EST (BOULEVARD DE L'),49,
2.02E+11,21,11,2024,15:55,1,49,49099,2,3,1,6,THIBAULT CARTE (RUE),47,
2.02E+11,22,11,2024,10:22,1,49,49353,2,1,1,6,CAMUS,47,
2.02E+11,21,11,2024,22:00,5,49,49007,2,1,1,6,MONTAIGNE AVENUE,47,
2.02E+11,21,11,2024,8:06,5,49,49246,2,6,4,6,PYRAMIDE ROUTE,47,
2.02E+11,21,11,2024,8:20,5,49,49007,2,2,4,3,VAUBAN AVENUE,47,
2.02E+11,20,11,2024,16:20,1,49,49007,2,1,1,2,BARANGE BOULEVARD,47,
2.02E+11,22,11,2024,19:30,5,38,38563,2,1,2,3,SAND (RUE G.),45,
2.02E+11,22,11,2024,18:10,5,38,38185,2,2,1,3,BOULEVARD GAMBETTA,45,
2.02E+11,22,11,2024,5:45,5,37,37233,2,6,9,7,DUCLOS (AVENUE JACQUES),47,
2.02E+11,23,11,2024,1:00,3,35,35238,1,1,1,2,ROCADE 13-14,48,
2.02E+11,22,11,2024,14:30,1,35,35278,1,1,1,2,GUE MARY (RUE DU),48,
2.02E+11,19,4,2024,12:00,1,76,76217,2,1,1,2,CHANZY (GENERAL),49,
2.02E+11,22,11,2024,8:20,2,35,35238,2,1,1,3,SEVIGNE (BD DE),48,
2.02E+11,22,11,2024,17:25,5,34,34172,2,1,1,3,NIMES (AVENUE DE),43,
2.02E+11,19,4,2024,17:35,1,71,71270,2,2,1,2,SANCE (RUE DE),46,
2.02E+11,22,11,2024,10:05,1,34,34172,2,2,1,3,SOULAS (AVENUE DU PERE,43,
2.02E+11,21,4,2024,8:20,1,66,66136,1,1,1,4,Départementale  617,42,
2.02E+11,19,4,2024,11:33,1,65,65286,2,1,1,3,Avenue Alexandre Marqui,43,
2.02E+11,22,11,2024,20:30,3,33,33063,2,1,8,4,N/A,44,
2.02E+11,21,4,2024,16:20,1,63,63113,2,1,1,6,MONTLOSIER (RUE),45,
2.02E+11,22,11,2024,20:55,5,33,33063,2,2,1,3,N/A,44,
2.02E+11,20,4,2024,17:45,1,60,60463,1,1,1,6,Chemin de la Cavee des Granges,49,
2.02E+11,22,11,2024,18:15,5,33,33063,2,3,1,3,N/A,44,
2.02E+11,21,4,2024,13:30,1,59,59512,2,2,1,1,LUXEMBOURG (RUE DU),50,
2.02E+11,22,11,2024,1:45,5,33,33063,2,2,2,2,N/A,44,
2.02E+11,20,4,2024,11:35,1,59,59350,2,2,1,3,Avenue de Dunkerque (Lille),50,
2.02E+11,18,11,2024,0:01,5,33,33063,2,6,1,6,N/A,44,
2.02E+11,21,4,2024,2:00,3,59,59122,2,1,1,6,ARRAS (RUE D'),50,
2.02E+11,14,11,2024,0:16,3,30,30331,1,1,1,6,N/A,44,
2.02E+11,21,4,2024,13:50,1,56,56260,2,1,1,6,HERRIOT(AVENUE EDOUARD),47,
2.02E+11,22,11,2024,12:35,1,29,29019,2,6,1,2,Pen ar Ch'leuz,48,
2.02E+11,21,4,2024,19:10,2,54,54099,1,1,1,7,D138,49,
2.02E+11,21,11,2024,17:08,2,27,27229,2,1,9,2,SAINT ANDRE (ROUTE DE),49,
2.02E+11,21,4,2024,17:49,1,45,45208,2,1,1,3,12 Allée de la Résidence de la Roseraie,47,
2.02E+11,21,4,2024,21:44,5,44,44109,2,6,1,6,Rue Gaston Michel,47,
2.02E+11,21,4,2024,4:50,5,43,43157,2,2,8,3,Boulevard de Cluny,45,
2.02E+11,22,11,2024,22:45,5,26,26362,2,3,1,3,Rue des Alpes,44,
2.02E+11,21,4,2024,20:35,2,37,37122,2,3,1,6,JAURES (BOULEVARD JEAN),47,
2.02E+11,22,4,2024,1:05,5,34,34172,2,1,1,2,CARDONILLE (RUE DE LA),43,
2.02E+11,21,4,2024,14:43,1,34,34003,2,1,1,2,ROCHELONGUE (G14 A O16,43,
2.02E+11,22,11,2024,7:53,5,22,22278,2,1,2,6,CLEMENCEAU (BD),48,
2.02E+11,22,4,2024,1:50,5,33,33063,2,4,1,6,N/A,44,
2.02E+11,21,4,2024,17:20,1,33,33063,2,3,1,6,RUE JULES GUESDE,44,
2.02E+11,22,11,2024,7:50,1,15,15014,1,1,1,6,RD 117,44,
2.02E+11,21,4,2024,2:25,5,33,33063,2,1,1,6,Rue Capdeville,44,
2.02E+11,19,4,2024,13:45,1,33,33318,2,9,1,3,N/A,44,
2.02E+11,21,11,2024,7:35,3,14,14366,2,1,4,3,Route de Paris,49,
2.02E+11,21,4,2024,17:12,1,31,31555,2,1,1,3,PAS LOUIS PERGAUD,43,
2.02E+11,22,11,2024,19:20,5,13,13054,2,1,1,1,MARECHAL JUIN (AV DU ),43,
2.02E+11,19,4,2024,17:50,1,22,22113,2,1,1,7,MORLAIX (ROUTE DE),48,
2.02E+11,21,4,2024,22:00,5,17,17415,2,1,1,7,DUFAURE AVENUE JULES,45,
2.02E+11,22,11,2024,11:50,1,13,13202,2,3,1,3,CAMILLE PELLETAN (AVENUE),43,