Num_Acc,jour,mois,an,hrmn,lum,dep,com,agg,int,atm,col,adr,lat,long
2.02E+11,21,4,2024,5:05,5,17,17300,2,1,1,7,DOCTEUR DANIEL PLANET,46,
2.02E+11,22,11,2024,7:19,2,13,13213,2,6,1,1,ROTONDE (PLACE DE LA),43,
2.02E+11,22,11,2024,2:30,5,13,13211,2,1,8,1,POMME (BOULEVARD DE LA ),43,
2.02E+11,21,4,2024,19:15,1,13,13117,2,3,1,1,MARSEILLE ( AVENUE DE ),43,
2.02E+11,22,11,2024,1:30,5,13,13206,2,1,1,2,PRADO (AVENUE DU),43,
2.02E+11,21,4,2024,18:45,1,13,13210,2,1,1,3,ROMAIN ROLLAND (BOULEVARD),43,
2.02E+11,22,11,2024,7:10,3,11,11262,2,2,8,7,N/A,43,
2.02E+11,20,4,2024,15:35,1,13,13028,1,1,1,1,CD 559,43,
2.02E+11,21,11,2024,18:25,5,11,11069,2,2,2,6,Rue du Manège,43,
2.02E+11,21,4,2024,12:00,1,13,13005,2,6,1,3,SALENGRO (AVENUE ROGER),43,
2.02E+11,21,11,2024,18:00,5,11,11069,2,1,2,3,72 Boulevard Paul Langevin,43,
2.02E+11,21,4,2024,16:30,1,13,13004,2,2,1,3,RUE MIRABEAU,43,
2.02E+11,22,11,2024,17:40,5,10,10333,2,3,4,3,Avenue d'Echenilly,48,
2.02E+11,21,4,2024,23:30,5,6,6088,2,1,2,6,2 Avenue Saint-Jean-Baptiste,43,
2.02E+11,22,11,2024,12:25,1,7,7186,2,1,1,1,BOURRET (RUE DU DOCTEUR),44,
2.02E+11,21,4,2024,21:30,5,6,6104,2,1,2,1,18 Avenue Francois de Monleon,43,
2.02E+11,22,11,2024,9:25,1,6,6159,1,9,1,3,145 Avenue Bella Vista,43,
2.02E+11,21,4,2024,16:20,1,6,6104,2,4,1,3,77 Avenue Gabriel Hanotaux,43,
2.02E+11,21,11,2024,15:00,1,6,6088,2,7,1,3,16 Rue du Congrès,43,
2.02E+11,22,11,2024,14:40,1,6,6104,2,1,1,6,17 Avenue de France,43,
2.02E+11,21,4,2024,12:05,1,6,6069,2,1,1,3,57 Avenue Georges Pompidou,43,
2.02E+11,18,11,2024,14:00,1,6,6029,2,1,1,3,95 Avenue Docteur Raymond Picaud,43,
2.02E+11,20,11,2024,15:00,1,75,75113,2,1,1,3,BD PERIPHERIQUE INTERIEUR,48,
2.02E+11,20,4,2024,23:30,5,75,75112,2,1,1,4,BD PERIPHERIQUE INTERIEUR,48,
2.02E+11,21,4,2024,15:45,1,75,75120,2,9,1,6,BD PERIPHERIQUE EXTERIEUR,48,
2.02E+11,18,11,2024,15:30,1,75,75113,2,1,2,2,BD PERIPHERIQUE INTERIEUR,48,
2.02E+11,21,4,2024,3:57,5,75,75120,2,2,8,6,RUE DES ORTEAUX,48,
2.02E+11,22,11,2024,20:36,5,75,75120,2,3,1,3,BOULEVARD DAVOUT,48,
2.02E+11,21,4,2024,8:30,2,75,75119,2,5,1,3,RUE DE L INSPECTEUR ALLES,48,
2.02E+11,22,11,2024,0:30,5,75,75117,2,2,8,6,RUE POUCHET,48,
2.02E+11,20,4,2024,15:15,1,75,75117,2,4,1,2,BOULEVARD BESSIERES,48,
2.02E+11,21,4,2024,17:25,1,75,75113,2,5,1,1,RUE DE TOLBIAC,48,
2.02E+11,22,11,2024,10:15,1,75,75116,2,3,8,5,RUE DU DOCTEUR BLANCHE,48,
2.02E+11,21,4,2024,17:50,1,75,75113,2,1,2,3,AVENUE D ITALIE,48,
2.02E+11,22,11,2024,9:28,1,75,75114,2,1,1,6,AVENUE JEAN MOULIN,48,
2.02E+11,21,4,2024,17:40,1,75,75113,2,3,1,3,BOULEVARD VINCENT AURIOL,48,
2.02E+11,22,11,2024,20:00,5,75,75113,2,1,1,6,AVENUE DE LA PORTE D IVRY,48,
2.02E+11,21,4,2024,5:50,5,75,75111,2,2,1,1,AVENUE PARMENTIER,48,
2.02E+11,22,11,2024,22:10,3,75,75111,2,2,1,3,AVENUE DE LA REPUBLIQUE,48,
2.02E+11,21,4,2024,18:50,1,75,75116,2,5,1,6,BOULEVARD EMILE AUGIER,48,
2.02E+11,22,11,2024,12:15,1,75,75108,2,4,1,6,RUE DE CONSTANTINOPLE,48,
2.02E+11,21,4,2024,6:40,2,94,94078,2,3,1,3,Rue de Paris / Rue de l'Orme Sainte Marie,48,
2.02E+11,22,11,2024,18:23,5,75,75107,2,1,1,3,QUAI ANATOLE FRANCE,48,
2.02E+11,21,4,2024,10:23,1,93,93005,2,1,1,6,Rue Jules Vallès,48,
2.02E+11,22,11,2024,9:40,1,75,75102,2,7,8,7,PLACE DES VICTOIRES,48,
2.02E+11,21,4,2024,18:48,1,93,93048,2,2,8,3,Place Jean Jaures / Avenue Walwein,48,
2.02E+11,21,11,2024,17:15,5,75,75101,2,1,4,6,RUE DE L AMIRAL DE COLIGNY,48,
2.02E+11,21,4,2024,15:10,1,93,93047,2,1,2,2,Boulevard Bargue,48,
2.02E+11,21,11,2024,14:40,1,75,75102,2,3,4,6,RUE FEYDEAU,48,
2.02E+11,21,4,2024,19:50,1,92,92051,2,1,1,3,GENERAL KOENIG (BOULEVARD DU),48,
2.02E+11,21,4,2024,12:45,1,92,92026,2,9,1,3,TROIS FRÈRES LEBOEUF (PLACE DES),48,
2.02E+11,22,11,2024,18:15,5,94,94078,2,1,1,2,Avenue Anatole France,48,
2.02E+11,21,4,2024,17:25,1,92,92036,2,1,1,7,BAS ( RUE DES ),48,
2.02E+11,21,4,2024,10:50,1,974,97415,1,1,1,6,Chemin du Tour des Roches,-21,
2.02E+11,22,11,2024,2:30,5,94,94068,2,1,4,6,Avenue Raymond Poincaré,48,
2.02E+11,21,11,2024,22:55,5,94,94068,2,1,4,7,Boulevard Rabelais,48,
2.02E+11,22,11,2024,16:30,1,94,94041,2,1,1,3,Avenue Georges Gosnat,48,
2.02E+11,22,11,2024,14:45,1,94,94041,2,1,2,6,Avenue de Verdun,48,
2.02E+11,18,4,2024,21:35,3,86,86272,1,1,1,6,D14,46,
2.02E+11,22,11,2024,8:35,1,94,94037,2,1,4,3,Avenue Paul Vaillant-couturier,48,
2.02E+11,22,4,2024,18:10,1,68,68177,1,2,1,3,D430,47,
2.02E+11,22,4,2024,8:25,1,95,95487,2,9,1,1,D78,49,
2.02E+11,22,11,2024,13:15,1,94,94028,2,6,2,3,Rue Sully,48,
2.02E+11,20,4,2024,14:45,1,11,11148,1,3,1,3,D6113,43,
2.02E+11,22,11,2024,10:20,1,95,95527,1,2,4,3,NOYER AU CHAT (ROUTE DU),49,
2.02E+11,21,4,2024,18:10,1,11,11203,1,1,1,6,N/A,43,
2.02E+11,21,11,2024,23:15,5,93,93064,2,1,4,5,PERI (BOULEVARD GABRIEL) 39 / 44 - FIN,48,
2.02E+11,21,4,2024,19:30,5,971,97109,2,1,1,1,Rue Ferdinand Vignal,15,
2.02E+11,21,4,2024,16:10,1,84,84127,2,1,1,6,Chemin de la Grande Garrigue,44,
2.02E+11,22,11,2024,9:13,1,93,93047,2,1,4,6,PERVENCHES (AVENUE DES),48,
2.02E+11,21,4,2024,20:45,2,12,12270,1,1,1,3,Autoroute A75,44,
2.02E+11,22,11,2024,14:10,1,93,93057,2,1,1,2,HUGO (AV. VICTOR),48,
2.02E+11,22,4,2024,4:30,3,83,83140,1,1,1,1,Dn7,43,
2.02E+11,11,9,2024,9:30,1,94,94041,2,1,1,3,Boulevard Paul Vaillant Couturier,48,
2.02E+11,22,11,2024,2:00,5,93,93008,2,1,4,3,PARIS (RUE DE),48,
2.02E+11,21,4,2024,19:44,2,51,51035,2,1,1,1,Rue du Puits Saint Christophe,48,
2.02E+11,21,11,2024,22:50,5,93,93008,2,1,4,2,PARIS (RUE DE),48,
2.02E+11,22,4,2024,0:40,3,32,32334,1,1,1,7,RN 124 PK 005+800 SENS TOULOUSE AUCH,43,
2.02E+11,10,9,2024,17:23,1,94,94028,1,1,1,5,Rue du Général Leclerc,48,
2.02E+11,11,9,2024,19:10,1,94,94022,2,1,1,6,Rue Jean Jaures,48,
2.02E+11,22,11,2024,14:20,1,92,92040,2,3,1,3,PAIX (AVENUE DE LA),48,
2.02E+11,21,4,2024,16:12,1,71,71294,2,4,1,3,22 Rue du Clos l'Evêque (Bourgneuf-Val-d'Or),46,
2.02E+11,22,11,2024,11:30,1,92,92051,2,9,1,6,CHARLES DE GAULLE (AVENUE,,
2.02E+11,22,4,2024,18:20,1,11,11262,1,1,1,6,N/A,43,
2.02E+11,11,9,2024,1:40,5,94,94060,2,3,8,3,Rue du Général de Gaulle,48,
2.02E+11,11,9,2024,22:10,3,93,93064,2,1,1,6,BERTHAUDS (RUE DES) 24 - 25 / FIN,48,
2.02E+11,22,11,2024,9:30,1,92,92051,2,1,2,6,ARGENSON (BOULEVARD,,
2.02E+11,21,4,2024,23:10,4,61,61257,2,1,1,2,D976,48,
2.02E+11,20,11,2024,18:46,5,92,92051,2,1,8,6,GENERAL KOENIG (BOULEVARD DU),48,
2.02E+11,21,4,2024,12:45,1,49,49369,1,1,9,6,D207,47,
2.02E+11,11,9,2024,19:10,1,93,93048,2,1,1,3,RESISTANCE (AVENUE DE LA),48,
2.02E+11,21,4,2024,0:15,3,34,34277,1,1,1,6,D25,43,
2.02E+11,18,11,2024,19:20,5,92,92051,2,1,2,6,CHARLES DE GAULLE (AVENUE,,
2.02E+11,11,9,2024,12:44,1,93,93027,2,1,1,3,VAILLANT-COUTURIER (AVENUE PAUL),48,
2.02E+11,22,11,2024,13:13,1,92,92050,2,1,9,6,NATIONAL BOULEVARD,48,
2.02E+11,22,4,2024,7:25,1,29,29251,1,2,1,3,Ker Ar Rhun,48,
2.02E+11,11,9,2024,8:40,1,93,93007,2,2,1,6,"""PAUL VAILLANT COUTURIER (AVENUE """"DU 13",48,
2.02E+11,22,4,2024,13:15,1,29,29197,2,3,1,3,Rue du Général de Gaulle,48,
2.02E+11,11,9,2024,10:30,1,92,92064,2,1,1,6,REPUBLIQUE,48,
2.02E+11,22,11,2024,9:55,1,92,92050,2,3,2,3,METZ RUE DE,48,
2.02E+11,11,9,2024,12:20,1,92,92012,2,1,1,6,ABONDANCES (RUE DES),48,
2.02E+11,22,4,2024,18:50,1,70,70386,1,1,1,1,nationale 19,47,
2.02E+11,18,11,2024,17:26,5,92,92050,2,1,2,1,CLEMENCEAU GEORGES AVENUE N° PAIR,48,
2.02E+11,11,9,2024,13:20,1,92,92012,2,1,1,7,JEAN JAURES (BOULEVARD) 63/215 - 70/208,48,
2.02E+11,20,4,2024,19:01,2,54,54102,1,1,1,1,D908,48,
2.02E+11,22,11,2024,11:30,1,92,92044,2,2,1,6,J. GUESDES(RUE)103A139ET122A148,48,
2.02E+11,11,9,2024,12:45,1,92,92004,2,1,1,3,DOCTEUR DERVAUX  ( QUAI DU ),48,
2.02E+11,22,4,2024,8:00,2,6,6042,2,1,8,6,4431 Route de la Tinée,43,
2.02E+11,22,4,2024,10:50,1,5,5098,2,1,1,6,Chemin de Pralalegre,44,
2.02E+11,22,11,2024,15:15,1,92,92025,2,1,1,2,GABRIEL PERI (RUE),48,
2.02E+11,11,9,2024,9:50,1,71,71235,2,3,1,3,Chemin de Franclieu,46,
2.02E+11,22,4,2024,7:10,2,64,64137,1,6,1,3,Route de Lagos,43,
2.02E+11,22,11,2024,8:00,1,92,92024,2,1,1,6,EUROPE (ALLEES DE),48,
2.02E+11,11,9,2024,18:20,1,24,24019,1,1,2,1,Route des Rebières,45,
2.02E+11,22,11,2024,2:10,5,92,92024,2,1,4,7,GENNEVILLIERS (PONT DE),48,
2.02E+11,20,4,2024,16:15,1,16,16073,2,3,1,3,N/A,45,
2.02E+11,21,4,2024,6:00,3,53,53148,1,1,1,7,D230,47,
2.02E+11,22,11,2024,11:20,1,92,92002,2,5,1,6,ARMAND GUILLEBAUD (AVENUE),48,
2.02E+11,21,4,2024,17:55,1,40,40271,1,1,1,3,Route de Bayonne,43,
2.02E+11,6,9,2024,9:20,1,84,84088,1,9,1,4,ZA Prato 2 (Zone industrielle),44,
2.02E+11,22,11,2024,10:00,1,92,92002,2,1,4,2,ADOLPHE PAJEAUD (RUE),48,
2.02E+11,22,4,2024,11:15,1,24,24434,1,1,1,6,RD2 - PK 17+700,45,
2.02E+11,11,9,2024,17:40,1,972,97210,1,1,1,2,NATIONALE 6,14,
2.02E+11,22,4,2024,18:54,1,28,28401,1,1,1,1,L?Hetre Frelon,48,
2.02E+11,12,9,2024,16:00,1,83,83004,1,1,1,7,Dn7,43,
2.02E+11,22,11,2024,5:50,3,9,9167,1,1,3,2,D919,43,
2.02E+11,20,4,2024,11:30,1,30,30004,1,2,1,3,N/A,43,
2.02E+11,10,9,2024,6:50,2,51,51326,1,1,1,2,PK 12+200 D 21,49,
2.02E+11,22,11,2024,23:40,3,41,41104,2,1,9,6,306 Route de Chambord,47,
2.02E+11,7,9,2024,14:35,1,68,68203,1,1,1,7,D47,47,
2.02E+11,21,4,2024,11:55,1,30,30322,1,1,1,6,departementale 39,44,
2.02E+11,22,11,2024,20:20,5,6,6161,1,1,1,6,D6007 PR 30 + 655,43,
2.02E+11,12,9,2024,17:35,1,44,44113,1,1,1,6,N/A,47,
2.02E+11,20,4,2024,21:47,3,30,30061,1,1,6,5,N106,43,
2.02E+11,12,9,2024,0:20,3,83,83116,1,1,1,1,Dn7,43,
2.02E+11,19,11,2024,8:00,1,83,83031,1,1,1,4,A57,43,
2.02E+11,11,9,2024,17:25,1,83,83116,1,1,1,1,1461 Route de Rougiers,43,
2.02E+11,22,4,2024,12:15,1,973,97307,1,6,3,3,La Matourienne (Pont),4,
2.02E+11,22,11,2024,23:45,3,71,71195,1,1,1,2,Autoroute A6 PK 363.000 sens LYON-PARIS,46,
2.02E+11,11,9,2024,23:20,3,62,62297,1,1,1,1,D300,50,
2.02E+11,21,4,2024,3:30,3,73,73252,1,1,1,2,A 43  -PK 144.400,45,
2.02E+11,12,9,2024,7:05,2,95,95352,1,1,1,1,D316,49,
2.02E+11,22,4,2024,6:55,2,1,1237,2,2,1,1,Grande rue intersection rue du commerce,46,
2.02E+11,23,11,2024,12:55,1,1,1446,2,2,7,3,D70,46,
2.02E+11,11,9,2024,16:40,1,51,51140,1,6,1,3,Route départementale 980,49,
2.02E+11,21,4,2024,22:00,3,33,33130,1,1,1,6,N/A,44,
2.02E+11,23,11,2024,7:15,3,29,29142,1,1,2,7,RN165,48,
2.02E+11,22,4,2024,7:20,1,62,62817,2,1,1,2,D939,50,
2.02E+11,11,9,2024,18:45,1,59,59037,2,1,1,6,route nationale,50,
2.02E+11,26,3,2024,15:40,1,971,97128,2,1,1,3,Chateaubrun,16,
2.02E+11,22,11,2024,21:50,5,62,62580,2,1,8,6,D77,50,
2.02E+11,10,8,2024,14:00,1,56,56061,2,3,1,3,1 Avenue des Erables,47,
2.02E+11,19,2,2024,11:15,1,66,66115,1,1,1,6,Avenue de la Mer,42,
2.02E+11,23,11,2024,11:50,1,83,83073,2,1,1,1,Route des Mayons,43,
2.02E+11,21,4,2024,20:00,2,11,11379,1,1,1,1,route départementale 6009,43,
2.02E+11,12,9,2024,17:30,1,2B,2B318,1,1,1,2,T10,42,
2.02E+11,10,9,2024,21:45,3,33,33140,2,1,1,6,N/A,44,
2.02E+11,22,11,2024,9:00,2,56,56166,1,9,1,1,Route de Quimperlé,47,
2.02E+11,21,4,2024,16:40,1,83,83063,1,1,1,3,1332 Route du Luc,43,
2.02E+11,11,9,2024,14:45,1,11,11005,1,1,1,1,N/A,43,
2.02E+11,23,11,2024,4:00,3,55,55171,1,1,8,6,D603 PK041.700,49,
2.02E+11,12,4,2024,7:55,1,83,83068,1,1,1,3,D61,43,
2.02E+11,11,9,2024,21:26,3,63,63223,1,1,2,6,pk 34 D2144,46,
2.02E+11,22,11,2024,14:15,1,12,12162,1,1,1,3,4168 Route de Baraqueville,44,
2.02E+11,22,4,2024,16:10,1,6,6099,1,1,3,1,Route Departementale 6202,43,
2.02E+11,11,9,2024,5:25,3,61,61274,1,3,2,3,Intersection D37 / D613,48,
2.02E+11,19,11,2024,10:00,1,29,29212,1,6,2,7,D789,48,
2.02E+11,22,4,2024,6:00,2,26,26072,1,1,8,6,Autoroute A7 PK 050.500,45,
2.02E+11,23,11,2024,9:15,1,3,3254,2,1,1,2,Route de Saulcet,46,
2.02E+11,8,9,2024,19:13,1,49,49048,1,1,2,5,Route de Tiercé,47,
2.02E+11,21,4,2024,14:45,1,38,38019,1,1,1,3,Autoroute A7 (S/N),,
2.02E+11,22,11,2024,13:45,1,70,70245,1,1,4,6,Chemin des Moliéres,47,
2.02E+11,22,4,2024,9:10,1,89,89055,2,1,1,1,Route de Joigny,47,
2.02E+11,23,11,2024,3:00,3,50,50543,1,1,1,6,Rue Montgomery,48,
2.02E+11,10,9,2024,18:40,1,68,68062,2,3,8,2,Route de Carspach,47,
2.02E+11,22,11,2024,18:00,5,53,53110,2,3,1,6,5 Rue de la Libération,47,
2.02E+11,16,4,2024,7:10,1,38,38110,1,1,1,1,Route des Dauphines,45,
2.02E+11,12,9,2024,10:00,1,3,3138,1,1,1,3,Route de Paris,46,
2.02E+11,22,4,2024,17:25,1,81,81038,2,2,1,3,1 Chemin de Labouyssière,43,
2.02E+11,23,11,2024,6:45,3,17,17394,2,1,1,7,19 Route de Surgères,46,
2.02E+11,11,9,2024,16:20,1,50,50580,1,1,1,3,le Moulin de Beauchamp,49,
2.02E+11,21,4,2024,16:05,1,40,40283,1,1,1,6,D824  sortie BUGLOSE,43,
2.02E+11,23,11,2024,1:37,3,17,17309,1,1,1,7,Route du Petit Brandy,45,
2.02E+11,11,9,2024,18:20,1,36,36088,2,1,3,2,Boulevard de Stalingrad,46,
2.02E+11,21,4,2024,22:13,3,60,60138,1,1,1,1,D1330,49,
2.02E+11,11,9,2024,12:20,1,16,16287,1,1,8,6,N/A,45,
2.02E+11,23,11,2024,8:35,2,31,31587,2,3,1,1,1011 Route de Castelnau,43,
2.02E+11,22,4,2024,8:30,1,62,62128,2,1,1,2,D42,50,
2.02E+11,12,9,2024,1:20,3,40,40152,1,2,1,7,D140,43,
2.02E+11,21,4,2024,19:30,1,13,13213,2,1,1,3,A507 sens Marseille - Aubagne,43,
2.02E+11,22,11,2024,16:20,1,35,35206,2,3,1,6,1 Rue Nicolas Appert,48,
2.02E+11,12,9,2024,11:00,1,24,24547,2,2,1,6,Rue de la République,45,
2.02E+11,23,11,2024,2:10,3,6,6027,1,1,1,6,A8,,
2.02E+11,12,9,2024,20:20,2,85,85264,1,1,1,6,RD938 ter,46,
2.02E+11,20,4,2024,20:00,1,13,13117,1,1,6,2,A7-Sens Lyon vers Marseille,43,
2.02E+11,12,9,2024,14:00,1,87,87127,1,1,1,1,D704,45,
2.02E+11,20,4,2024,19:45,1,13,13211,2,1,1,4,A50-Sens Aubagne vers Marseille,43,
2.02E+11,22,11,2024,18:15,3,62,62019,1,1,1,5,A26,50,
2.02E+11,11,9,2024,21:20,3,37,37218,1,1,1,6,D59 PR 039+100 SENS SAINT-FLOVIER/CHATILLON SUR INDRE,46,
2.02E+11,20,4,2024,15:00,1,83,83144,1,1,1,2,A57,43,
2.02E+11,9,9,2024,16:45,1,48,48127,1,2,1,3,D50,44,
2.02E+11,3,1,2024,20:00,5,69,69029,2,1,1,2,Autoroute 43,45,
2.02E+11,22,11,2024,17:25,2,31,31254,1,1,1,2,D916,43,
2.02E+11,21,4,2024,16:45,1,91,91179,1,1,1,7,AUTOROUTE A6,48,
2.02E+11,11,9,2024,13:30,1,988,98805,2,6,1,3,Avenue Paul Emile Victor,-22,
2.02E+11,21,4,2024,16:50,1,91,91174,1,1,1,2,RN 104,48,
2.02E+11,23,11,2024,12:35,1,13,13114,1,1,1,2,D10,43,
2.02E+11,10,9,2024,6:35,3,35,35210,1,1,1,6,la Croix Huet,48,
2.02E+11,21,4,2024,12:30,1,91,91434,1,1,1,7,AUTOROUTE A6,48,
2.02E+11,22,11,2024,21:55,3,987,98750,1,1,1,7,Puohine pk 48,-16,
2.02E+11,20,4,2024,4:30,3,91,91689,1,1,1,7,AUTOROUTE A6,48,
2.02E+11,11,9,2024,15:55,1,39,39014,1,4,2,5,N/A,47,
2.02E+11,21,4,2024,17:40,1,78,78217,1,1,1,6,A13,48,
2.02E+11,23,11,2024,5:15,2,66,66037,2,6,1,6,Rond Point de l'Esparrou,42,
2.02E+11,19,4,2024,16:15,1,92,92036,1,1,1,3,A86,48,
2.02E+11,11,9,2024,14:19,1,34,34031,1,1,6,2,A9 pk 148.000,43,
2.02E+11,22,11,2024,14:45,1,11,11322,1,3,1,3,N/A,43,
2.02E+11,12,9,2024,15:00,1,77,77520,1,1,1,6,A6 PK65+500,48,
2.02E+11,21,4,2024,14:35,1,93,93053,1,1,1,2,A103,48,
2.02E+11,1,11,2024,16:50,2,34,34209,1,1,1,7,D37e17,43,
2.02E+11,9,9,2024,8:00,1,973,97312,1,1,1,2,N1,5,
2.02E+11,21,4,2024,14:20,1,94,94073,1,1,1,5,A86,48,
2.02E+11,22,11,2024,22:40,5,13,13020,2,6,1,1,route du stade,43,
2.02E+11,12,9,2024,13:55,1,971,97108,1,3,1,3,D203,15,
2.02E+11,18,1,2024,18:40,3,74,74056,2,1,2,6,route blanche,45,
2.02E+11,18,2,2024,13:12,1,74,74104,1,1,1,1,Piste Cyclable ,45,
2.02E+11,12,9,2024,8:30,1,45,45297,2,1,8,3,12 rue de Paris,47,
2.02E+11,20,11,2024,15:10,2,67,67028,2,6,1,6,Rue de l'Europe,48,
2.02E+11,1,2,2024,21:44,5,74,74293,1,1,1,7,Route des Voirons ,46,
2.02E+11,7,9,2024,11:48,1,77,77437,2,9,1,6,Carrefour Market (Supermarché),49,
2.02E+11,17,2,2024,9:25,1,74,74256,2,1,1,6,rue St Eloi,45,
2.02E+11,20,11,2024,11:10,1,67,67028,2,6,1,6,Rue de Strasbourg,48,
2.02E+11,11,9,2024,19:00,1,83,83138,1,6,1,3,D562,43,
2.02E+11,9,2,2024,16:00,1,74,74010,2,9,2,6,40 Avenue de champ fleuri,45,
2.02E+11,17,2,2024,23:53,3,74,74104,2,1,1,6,2191 Route d'annecy ,45,
2.02E+11,14,11,2024,12:15,1,23,23067,1,1,7,6,Route de Crocq,45,
2.02E+11,16,1,2024,13:17,1,74,74165,1,4,1,1,Route de saint félix ,45,
2.02E+11,9,1,2024,17:30,3,74,74282,1,9,4,6,Route des Glières (aviernoz),45,
2.02E+11,10,9,2024,2:05,5,10,10006,2,2,1,3,rue de troyes,48,
2.02E+11,22,11,2024,8:00,2,86,86054,1,1,7,6,D1,46,
2.02E+11,11,9,2024,11:30,1,69,69067,1,1,1,2,Route de Malval,45,
2.02E+11,19,2,2024,23:06,5,59,59350,2,1,8,3,Rue de Turenne,50,
2.02E+11,22,11,2024,0:20,5,60,60439,2,1,1,6,586 Rue de l'Abattoir,49,
2.02E+11,20,4,2024,12:00,1,974,97416,1,1,1,1,RN3 (ANCIENNE ROUTE),-21,
2.02E+11,11,9,2024,18:25,1,81,81099,1,4,2,1,Route de Sénouillac,43,
2.02E+11,19,4,2024,16:35,1,974,97416,2,1,1,2,BOISSY(CHEMIN),-21,
2.02E+11,20,4,2024,6:00,2,974,97411,1,9,1,1,MONTAGNE (ROUTE DE LA),-20,
2.02E+11,21,11,2024,20:15,3,13,13216,1,1,1,4,A55-Sens Marseille vers Martigues,43,
2.02E+11,19,4,2024,16:55,1,974,97411,2,1,1,3,CAMELIAS (RUE DES),-20,
2.02E+11,11,9,2024,17:38,1,35,35001,1,2,1,3,D92,48,
2.02E+11,20,4,2024,9:45,1,973,97302,2,1,1,1,MERE THERESA (rue),4,
2.02E+11,21,11,2024,18:45,5,13,13214,1,1,1,2,A507 sens Aubagne- Marseille,43,
2.02E+11,10,9,2024,7:00,2,54,54232,1,1,2,6,Autoroute A 31,48,
2.02E+11,11,9,2024,13:45,1,33,33122,1,1,1,4,N/A,44,
2.02E+11,20,4,2024,1:32,5,973,97302,2,2,1,3,PREVOT (ERNEST),4,
2.02E+11,21,11,2024,16:30,1,13,13070,1,1,1,4,A50-Sens Aubagne vers Marseille,43,
2.02E+11,20,4,2024,0:41,5,973,97302,2,9,1,7,BADUEL (ROUTE DE),4,
2.02E+11,11,9,2024,15:15,1,91,91235,1,1,1,4,RN 104,48,
2.02E+11,21,11,2024,7:23,1,13,13212,2,1,1,2,A507 sens Aubagne- Marseille,43,
2.02E+11,20,4,2024,19:00,1,69,69383,2,1,1,6,Boulevard Marius Vivier-Merle,45,
2.02E+11,11,9,2024,10:24,1,92,92025,1,1,8,4,A86,48,
2.02E+11,11,9,2024,9:45,1,92,92036,1,1,2,2,A86,48,
2.02E+11,16,11,2024,18:01,3,13,13211,1,1,1,2,A507 sens Aubagne- Marseille,43,
2.02E+11,20,4,2024,12:55,1,69,69386,2,2,1,3,Rue Bossuet,45,
2.02E+11,10,9,2024,16:50,1,93,93008,1,1,1,3,AUTOROUTE A86,48,
2.02E+11,21,11,2024,3:19,3,59,59462,1,1,1,2,AUTOROUTE A1,50,
2.02E+11,20,4,2024,7:15,2,69,69381,2,9,1,6,Quai André Lassagne,45,
2.02E+11,9,9,2024,14:15,1,95,95219,1,1,1,3,A115,48,
2.02E+11,10,9,2024,23:00,5,94,94028,1,9,1,2,A86,48,
2.02E+11,20,4,2024,12:00,1,972,97213,2,1,1,2,ROUTE NATIONALE 1,14,
2.02E+11,28,4,2024,13:30,1,42,42218,2,1,1,6,Place Sadi-carnot,45,
2.02E+11,22,11,2024,7:00,3,91,91570,1,1,4,4,RN 104,48,
2.02E+11,19,4,2024,19:40,5,972,97209,2,1,1,1,DOCTEUR JUVENAL LINVAL  (AVENUE DU),14,
2.02E+11,19,3,2024,10:10,1,42,42218,2,2,1,3,Boulevard Fauriat,45,
2.02E+11,20,4,2024,7:45,1,971,97101,1,1,1,7,BEAUSOLEIL,16,
2.02E+11,20,4,2024,8:55,1,91,91477,2,1,1,6,GEORGE SAND (RUE),48,
2.02E+11,19,4,2024,22:10,5,84,84007,2,6,1,1,C.De GAULLE (Rocade),43,
2.02E+11,17,3,2024,21:30,5,42,42218,2,2,1,3,Rue de la Mulatière,45,
2.02E+11,20,4,2024,16:20,1,83,83103,2,1,1,1,BARBOULENE (CHEMIN DE),43,
2.02E+11,29,2,2024,9:55,1,42,42176,1,1,1,2,N/A,46,
2.02E+11,20,4,2024,10:15,1,83,83062,1,1,1,1,ASTOURET (CHEMIN D'),43,
2.02E+11,16,4,2024,12:40,1,83,83129,2,5,1,6,CAP NEGRE (ALLEE ET CHE),43,
2.02E+11,10,9,2024,13:30,1,974,97416,1,1,1,6,YOURI GAGARINE(RUE),-21,
2.02E+11,20,4,2024,16:40,1,80,80021,2,1,1,3,Rue Cagnard,49,
2.02E+11,10,9,2024,7:20,1,974,97416,2,1,1,7,DIAGONALE(CHEMIN),-21,
2.02E+11,21,11,2024,23:23,3,94,94021,1,1,4,5,A6B,48,
2.02E+11,20,4,2024,11:45,1,78,78481,2,1,1,6,SARTROUVILLE (ROUTE DE),48,
2.02E+11,21,11,2024,23:23,3,94,94021,1,1,4,3,A6B,48,
2.02E+11,27,12,2024,22:01,5,75,75107,2,1,1,6,PONT ALEXANDRE III,48,