Num_Acc,jour,mois,an,hrmn,lum,dep,com,agg,int,atm,col,adr,lat,long
2.02E+11,28,12,2024,0:40,5,75,75107,2,3,1,7,RUE DE SEVRES,48,
2.02E+11,20,4,2024,20:00,1,77,77464,2,1,1,7,RAYMOND POINCARE  (RUE   ),48,
2.02E+11,22,11,2024,18:50,3,92,92072,1,1,1,3,N118,48,
2.02E+11,9,9,2024,7:45,1,974,97411,1,1,1,4,LITTORAL (ROUTE 1 DU),-20,
2.02E+11,28,12,2024,21:15,5,75,75102,2,2,1,2,RUE REAUMUR,48,
2.02E+11,20,4,2024,13:55,1,77,77132,2,1,1,2,D344,48,
2.02E+11,9,9,2024,16:15,1,974,97409,1,1,1,1,BRAS MOUSSELINE (chemin du),-20,
2.02E+11,21,11,2024,17:35,2,78,78423,1,1,4,6,A12 Y,48,
2.02E+11,28,12,2024,12:30,1,94,94068,2,2,8,3,Avenue de l’Alma,48,
2.02E+11,20,4,2024,18:30,1,76,76681,2,7,1,3,Place Charles de Gaulle,49,
2.02E+11,21,11,2024,4:49,3,92,92025,1,1,1,5,A86,48,
2.02E+11,9,9,2024,19:00,5,973,97302,1,1,1,3,ROUTE NATIONALE 1,4,
2.02E+11,20,4,2024,20:00,2,73,73008,2,2,1,2,GRAND PORT (JUSQU'A L'HOPITAL) AVENUE DU,45,
2.02E+11,20,11,2024,17:05,3,92,92050,1,1,2,3,A86,48,
2.02E+11,28,12,2024,18:30,5,94,94041,2,1,1,1,Avenue Jean Jaurès,48,
2.02E+11,1,2,2024,1:00,5,75,75120,2,1,1,6,ECHANGEUR BAGNOLET,48,
2.02E+11,9,9,2024,16:30,1,973,97302,2,1,1,6,MADELEINE (ROUTE DE LA),4,
2.02E+11,19,4,2024,16:20,1,72,72181,2,3,1,3,LAIGNE RUE DE N° IMP 229 A 385,47,
2.02E+11,21,11,2024,23:30,3,95,95582,1,1,4,6,A15,48,
2.02E+11,27,12,2024,23:00,5,94,94078,2,1,1,2,Avenue Carnot,48,
2.02E+11,2,2,2024,18:45,5,75,75119,2,2,1,6,RUE DE CRIMEE,48,
2.02E+11,19,4,2024,14:00,1,72,72181,2,1,1,4,GAULLE GENERAL DE (AV DU),48,
2.02E+11,28,12,2024,19:55,3,93,93072,2,1,8,1,JEAN PIERRE TIMBAUD,48,
2.02E+11,10,9,2024,17:05,1,972,97213,1,1,1,4,AUTOROUTE A1,14,
2.02E+11,21,11,2024,23:40,3,95,95394,1,1,4,4,A115,49,
2.02E+11,2,2,2024,15:55,1,75,75117,2,3,1,2,AVENUE DE WAGRAM,48,
2.02E+11,20,4,2024,17:30,1,69,69256,2,1,1,1,12 Rue du Canal,45,
2.02E+11,28,12,2024,17:20,5,92,92064,2,1,1,2,GENERAL LECLERC,48,
2.02E+11,2,2,2024,12:05,1,75,75117,2,2,1,6,RUE SAINT FERDINAND,48,
2.02E+11,22,11,2024,0:05,3,95,95582,1,1,4,7,A15,48,
2.02E+11,16,4,2024,17:15,1,69,69092,2,6,1,7,Chemin des Rousses,45,
2.02E+11,10,9,2024,9:45,1,972,97213,1,1,1,3,Z I LA JAMBETTE,14,
2.02E+11,28,12,2024,19:10,5,92,92036,2,1,1,3,MARCEL CACHIN (RUE),48,
2.02E+11,31,1,2024,18:30,2,75,75116,2,2,1,1,PLACE DE LA PORTE DE PASSY,48,
2.02E+11,20,11,2024,11:30,1,93,93010,1,1,1,3,AUTOROUTE A3,48,
2.02E+11,28,12,2024,2:15,5,92,92060,2,1,5,6,RESISTANCE (AVENUE DE LA) (RD 75),48,
2.02E+11,20,4,2024,18:55,1,67,67482,2,1,9,3,SALLUSTE (RUE),48,
2.02E+11,10,9,2024,10:15,1,972,97209,2,1,1,2,Bretelle sortie A1,14,
2.02E+11,28,12,2024,2:45,5,92,92023,2,7,5,6,GEORGES POMPIDOU (PLACE),48,
2.02E+11,19,11,2024,17:20,2,93,93005,1,1,2,3,AUTOROUTE A3,48,
2.02E+11,2,2,2024,12:35,1,75,75114,2,3,1,3,AVENUE DU MAINE,48,
2.02E+11,20,4,2024,23:18,5,64,64102,2,3,1,3,BASQUES (PLACE DES),43,
2.02E+11,9,9,2024,5:08,3,972,97209,2,1,3,7,LOUIS DOMERGUE (AVENUE),14,
2.02E+11,28,12,2024,19:42,5,92,92032,2,3,1,3,LANGEVIN PAUL (AVENUE),48,
2.02E+11,19,11,2024,14:50,1,95,95527,1,1,2,2,A1,48,
2.02E+11,31,1,2024,11:05,1,75,75114,2,2,1,6,RUE DES PLANTES,48,
2.02E+11,10,9,2024,14:30,1,971,97101,2,2,1,2,JEAN  IGNACE (RUE) ,16,
2.02E+11,28,12,2024,22:53,5,92,92002,2,1,1,7,ADOLPHE PAJEAUD (RUE),48,
2.02E+11,19,11,2024,8:00,1,75,75056,1,1,2,6,AUTOROUTE A3,48,
2.02E+11,20,4,2024,17:58,1,63,63113,2,5,1,3,LAFAYETTE / Bingen,45,
2.02E+11,28,12,2024,11:30,1,2A,2A065,1,1,1,7,RD 81,42,
2.02E+11,2,2,2024,14:31,1,75,75110,2,2,1,3,RUE DU FAUBOURG SAINT MARTIN,48,
2.02E+11,20,4,2024,22:25,4,59,59279,2,1,2,6,LILLE (RUE DE),50,
2.02E+11,10,9,2024,7:20,1,971,97113,1,1,1,2,RN4 - SECTION RIVIERA,16,
2.02E+11,18,11,2024,8:40,1,95,95252,1,1,2,5,A15,48,
2.02E+11,29,12,2024,10:00,1,2A,2A212,1,1,1,6,Piana,42,
2.02E+11,2,2,2024,10:30,1,75,75107,2,1,1,6,AVENUE DE LA BOURDONNAIS,48,
2.02E+11,19,4,2024,17:15,1,59,59350,2,1,1,6,Boulevard Victor Hugo,50,
2.02E+11,21,11,2024,6:45,5,74,74078,1,1,5,6,La croix rouge,45,
2.02E+11,7,8,2024,11:10,1,2A,2A004,2,9,1,3,#CAMPI LOUIS BD#,41,
2.02E+11,2,2,2024,13:45,1,94,94081,2,3,1,3,Avenue du Moulin de Saquet / Rue Puccini,48,
2.02E+11,20,4,2024,10:40,1,56,56083,2,2,1,3,Avenue Salvador Allende,47,
2.02E+11,22,5,2024,22:20,5,14,14366,2,6,1,2,2 Avenue du 6 Juin,49,
2.02E+11,10,9,2024,15:30,1,95,95585,2,1,8,6,D125,48,
2.02E+11,1,2,2024,9:30,1,94,94068,2,3,2,2,Boulevard Maurice Berteaux / Rue Henri Barbusse,48,
2.02E+11,29,12,2024,16:45,1,52,52384,1,1,5,2,A31,47,
2.02E+11,10,9,2024,8:30,1,95,95585,2,1,1,6,D125,48,
2.02E+11,19,4,2024,17:45,1,54,54263,2,3,1,1,rue Jean Moulin,49,
2.02E+11,21,9,2024,7:00,1,974,97412,2,1,1,1,N1002,-21,
2.02E+11,29,12,2024,13:30,1,67,67117,1,1,8,7,D1004,48,
2.02E+11,2,2,2024,21:10,5,94,94058,2,1,1,3,Avenue de Bry,48,
2.02E+11,10,9,2024,10:20,1,95,95277,2,1,1,3,MARECHAL FOCH (AVENUE DU),49,
2.02E+11,20,4,2024,17:27,1,51,51525,2,2,1,3,SOGNY (RTE DE),48,
2.02E+11,2,2,2024,17:00,1,94,94052,2,3,1,3,Boulevard de Strasbourg / Rue du Général Faidherbe,48,
2.02E+11,10,9,2024,8:07,1,95,95219,2,9,1,6,D502,48,
2.02E+11,29,12,2024,15:30,1,19,19072,1,1,1,5,Autoroute A20,,
2.02E+11,20,4,2024,6:25,3,49,49246,1,1,1,2,A87,47,
2.02E+11,2,2,2024,16:05,1,94,94015,2,1,1,6,Avenue Georges Clémenceau,48,
2.02E+11,28,12,2024,16:30,1,971,97132,1,1,1,1,Sapotille,15,
2.02E+11,16,4,2024,17:52,1,45,45004,2,1,8,7,53 Rue Francis Prieur,47,
2.02E+11,10,9,2024,17:50,1,91,91552,1,1,1,4,RTE NATIONALE 20,48,
2.02E+11,28,12,2024,16:08,2,67,67105,2,1,7,6,Rue de Weyer,48,
2.02E+11,1,2,2024,14:50,1,94,94028,2,1,2,2,Rue Maurice Demenitroux,48,
2.02E+11,19,4,2024,17:00,1,43,43041,2,9,1,3,Route de Coubon,45,
2.02E+11,29,12,2024,0:30,3,80,80341,1,1,1,7,D141,49,
2.02E+11,10,9,2024,11:40,1,91,91549,2,3,1,6,LIBERTE (AVENUE DE LA),48,
2.02E+11,2,2,2024,5:10,5,94,94022,2,1,1,6,Avenue Jean Jaurès,48,
2.02E+11,28,12,2024,17:40,3,11,11290,1,1,1,6,D625,43,
2.02E+11,19,4,2024,17:10,1,37,37261,2,1,1,3,ENTRAIGUES (RUE D'),47,
2.02E+11,29,12,2024,6:20,3,42,42177,1,1,5,6,Rue de Roanne,46,
2.02E+11,10,9,2024,13:30,1,83,83137,2,1,1,1,15EME CORPS (AVE DU),43,
2.02E+11,31,1,2024,21:40,5,94,94019,2,3,1,3,Route du Plessis / Avenue d'Autun,48,
2.02E+11,9,9,2024,14:40,1,83,83069,2,1,1,6,FERRARI (RUE SOLDAT),43,
2.02E+11,20,4,2024,18:15,1,34,34108,2,1,7,2,FRANCE ANATOLE (RUE),43,
2.02E+11,28,12,2024,14:45,1,86,86244,2,1,1,1,16 Rue du Four,46,
2.02E+11,2,2,2024,13:50,1,93,93078,2,6,1,3,Avenue Vauban / Avenue Georges Clémenceau,48,
2.02E+11,9,9,2024,8:40,1,80,80021,2,1,1,6,Rue de Cottenchy,49,
2.02E+11,20,12,2024,10:30,1,34,34317,2,1,1,6,29 Route de Saint Maurice,43,
2.02E+11,8,9,2024,19:50,1,80,80021,2,1,1,7,Rue Lescouvé,49,
2.02E+11,20,4,2024,4:45,5,34,34172,2,1,1,6,MAS SAINT PIERRE (RUE DU),43,
2.02E+11,28,12,2024,16:55,3,44,44021,1,1,2,6,La Glemerie,47,
2.02E+11,2,2,2024,12:15,1,93,93073,1,2,1,3,Rue du Sonnet / Rue des Terres Noires,49,
2.02E+11,27,12,2024,8:38,1,13,13083,1,1,1,1,N1007,43,
2.02E+11,8,9,2024,17:30,1,80,80021,2,3,1,3,Rue Saint-Honoré,49,
2.02E+11,2,2,2024,8:40,1,93,93077,2,6,1,6,Avenue de la République / Rue Pasteur,48,
2.02E+11,20,4,2024,19:05,1,33,33522,2,6,1,1,N/A,44,
2.02E+11,28,12,2024,17:45,3,2,2359,1,1,5,6,N/A,49,
2.02E+11,2,2,2024,21:25,5,93,93006,2,3,2,6,Avenue Pasteur / Avenue de la Dhuys,48,
2.02E+11,9,9,2024,19:20,1,78,78168,2,2,1,3,Route nationale 10,48,
2.02E+11,20,4,2024,1:30,3,33,33529,1,1,1,1,N/A,44,
2.02E+11,29,12,2024,2:00,3,1,1163,1,1,5,6,Route de Jayat,46,
2.02E+11,2,2,2024,9:10,1,93,93010,2,3,1,6,Rue Jean Jaurés / Rue des Droits de l'Homme,48,
2.02E+11,20,4,2024,15:30,1,31,31555,2,1,1,6,BD DE STRASBOURG,43,
2.02E+11,28,12,2024,14:50,1,16,16281,2,1,1,6,9 Rue des Tanneurs,45,
2.02E+11,28,12,2024,21:35,3,85,85018,1,1,8,7,les sartières,46,
2.02E+11,2,2,2024,16:20,1,93,93008,2,1,1,1,ROLLAND (RUE ROMAIN),48,
2.02E+11,10,9,2024,8:50,1,77,77058,2,9,1,3,LA HAYE (BOULEVARD DE),48,
2.02E+11,20,4,2024,1:35,3,31,31555,2,1,1,5,VA008482 A624,43,
2.02E+11,29,12,2024,10:20,1,30,30062,1,1,1,6,N/A,43,
2.02E+11,19,4,2024,17:45,1,31,31555,2,1,1,6,RUE EDMOND ROSTAND,43,
2.02E+11,29,12,2024,8:50,2,24,24293,1,1,8,3,D710,44,
2.02E+11,2,2,2024,8:20,1,93,93008,2,2,8,4,Rue de la Déviation / Avenue Jean Jaurès,48,
2.02E+11,20,4,2024,20:01,1,27,27229,2,1,1,3,MENDES FRANCE (RUE PIERRE),49,
2.02E+11,27,12,2024,15:00,1,35,35352,1,6,1,6,Rond-point de la Croix Rouge,48,
2.02E+11,10,9,2024,15:20,1,76,76540,2,2,2,2,Route de Lyons la Foret,49,
2.02E+11,28,12,2024,17:40,5,6,6084,1,2,1,1,Route de Valbonne,43,
2.02E+11,2,2,2024,18:40,5,92,92073,2,1,1,3,DUCLAUX (RUE EMILE),48,
2.02E+11,20,4,2024,23:05,5,13,13209,2,6,1,1,AVIATEUR LE BRIX (RUE),43,
2.02E+11,10,9,2024,17:10,1,74,74012,2,1,1,3,THONON (ROUTE DE),46,
2.02E+11,2,2,2024,1:24,5,92,92051,2,1,1,2,CHARLES DE GAULLE (AVENUE,,
2.02E+11,20,4,2024,2:50,5,13,13063,2,6,1,1,HUIT MAI 1945 AVENUE DU,43,
2.02E+11,2,2,2024,13:30,1,92,92044,2,1,1,6,VILLIERS(RUE DE)  2A52,48,
2.02E+11,10,9,2024,8:30,1,74,74305,2,1,1,3,MONTREAL (RUE DE),46,
2.02E+11,28,12,2024,21:33,3,72,72022,1,1,1,5,Pk 215+000 - Autoroute A11,47,
2.02E+11,20,4,2024,3:55,3,11,11069,2,1,1,6,N/A,43,
2.02E+11,2,2,2024,19:45,1,92,92026,2,1,1,6,CHARRAS,48,
2.02E+11,29,12,2024,12:00,1,66,66172,2,1,1,1,Avenue Gilbert Brutus,42,
2.02E+11,10,9,2024,7:45,1,73,73087,2,6,1,3,D14 LABIAZ (ROUTE DE),45,
2.02E+11,2,2,2024,16:33,1,92,92014,2,1,1,3,MONTROUGE (AVENUE DE) ,48,
2.02E+11,19,4,2024,18:55,1,11,11069,2,1,1,1,2 Allée des Pins,43,
2.02E+11,29,12,2024,10:30,1,83,83001,1,1,1,6,A8,,
2.02E+11,9,9,2024,9:30,1,72,72181,2,1,1,6,MAILLETS (RUE DES) IMP 37 A 159,48,
2.02E+11,1,2,2024,20:30,5,92,92004,2,6,8,6,VOLTAIRE ( BD ),48,
2.02E+11,20,4,2024,2:40,5,6,6088,2,1,1,6,223 Promenade des Anglais,43,
2.02E+11,9,9,2024,11:10,1,67,67482,2,1,8,6,BOECKLIN (RUE),48,
2.02E+11,28,12,2024,20:09,5,38,38475,2,2,5,2,RD75,,
2.02E+11,2,2,2024,18:15,3,76,76543,1,2,8,3,D149,49,
2.02E+11,19,4,2024,16:20,1,6,6069,1,1,1,3,63 Avenue Jean Maubert (ancienne route du Plan),43,
2.02E+11,10,9,2024,18:35,1,65,65100,1,2,1,1,Avenue Saint Exupery,43,
2.02E+11,3,2,2024,11:10,1,73,73073,2,2,8,3,D921 route du canal,45,
2.02E+11,20,4,2024,14:56,1,3,3098,2,1,1,2,Avenue du 4 Septembre,46,
2.02E+11,28,12,2024,19:37,5,60,60142,2,3,1,6,644 Rue de Paris,49,
2.02E+11,10,9,2024,21:15,5,64,64483,1,1,1,2,RD810,43,
2.02E+11,3,2,2024,14:30,1,43,43096,2,4,1,3,Avenue Henri Veysseyre,45,
2.02E+11,29,12,2024,12:45,1,971,97125,2,1,1,6,Route de l?Anse a l?Eau,16,
2.02E+11,9,9,2024,9:05,1,64,64102,2,9,2,7,PONT MAYOU,43,
2.02E+11,2,4,2024,7:52,1,1,1053,2,3,1,3,ALSACE LORRAINE (AVENUE ),46,
2.02E+11,29,12,2024,12:10,1,45,45227,1,3,1,1,D953 PR 0 + 823,47,
2.02E+11,20,4,2024,1:20,1,75,75119,2,1,1,2,BD PERIPHERIQUE INTERIEUR,48,
2.02E+11,10,9,2024,18:57,1,63,63113,2,1,1,1,VIVIANI (RUE),45,
2.02E+11,2,2,2024,13:55,1,62,62393,1,1,1,1,D229,50,
2.02E+11,28,12,2024,19:10,3,77,77099,1,1,5,6,D7,48,
2.02E+11,19,4,2024,20:58,4,75,75120,2,1,1,3,BD PERIPHERIQUE EXTERIEUR,48,
2.02E+11,3,2,2024,7:15,2,11,11111,1,1,1,7,N/A,43,
2.02E+11,8,9,2024,8:00,1,59,59032,2,1,1,2,LIBERATION (AVENUE DE LA),50,
2.02E+11,28,12,2024,15:10,1,77,77470,1,1,5,6,D1004,48,
2.02E+11,20,4,2024,18:50,1,75,75118,2,1,1,6,RUE SIMART,48,
2.02E+11,10,9,2024,7:50,1,59,59599,2,1,1,3,Rue Robert Schuman,50,
2.02E+11,2,2,2024,18:35,2,67,67437,2,3,1,3,31 Rue Saint Nicolas,48,
2.02E+11,28,12,2024,20:50,5,2A,2A247,2,6,1,3,#Avenue de Bastia#,41,
2.02E+11,10,9,2024,9:05,1,59,59009,2,1,1,6,8 MAI 1945 RUE DU PETITS N° JUSQUE 60,50,
2.02E+11,28,12,2024,22:36,5,66,66008,2,1,1,6,21 Rue Arthur Rimbaud,42,
2.02E+11,20,4,2024,22:10,5,75,75111,2,2,1,3,BOULEVARD VOLTAIRE,48,
2.02E+11,20,1,2024,6:55,1,971,97132,1,1,1,5,Axe RN1,15,
2.02E+11,20,4,2024,6:00,2,75,75111,2,1,1,6,AVENUE PHILIPPE AUGUSTE,48,
2.02E+11,31,8,2024,15:15,1,59,59350,2,9,1,3,Place Augustin Laurent,50,
2.02E+11,28,12,2024,18:50,3,66,66164,1,1,1,4,Départementale 900,42,
2.02E+11,2,2,2024,14:55,1,59,59278,1,6,1,3,M207,50,
2.02E+11,19,4,2024,16:25,2,75,75108,2,2,1,3,BOULEVARD MALESHERBES,48,
2.02E+11,28,12,2024,23:50,3,66,66108,1,1,1,6,D612,42,
2.02E+11,20,4,2024,21:50,5,94,94041,2,8,1,6,Avenue de Verdun,48,
2.02E+11,9,9,2024,16:05,1,54,54528,1,4,1,4,RD960,48,
2.02E+11,28,12,2024,21:35,5,66,66208,1,1,1,6,N/A,42,
2.02E+11,2,2,2024,20:52,3,60,60358,1,3,1,3,D25,49,
2.02E+11,19,4,2024,15:20,1,94,94021,2,3,1,3,Av du Pdt Franklin Roosevelt / Allée du Président Kennedy,48,
2.02E+11,9,9,2024,14:00,1,54,54395,2,1,1,2,Rue Marcel Brot,48,
2.02E+11,3,2,2024,14:10,1,95,95149,1,1,2,3,D316,49,
2.02E+11,19,4,2024,18:30,1,93,93031,2,1,1,6,N/A,48,
2.02E+11,28,12,2024,13:49,1,65,65427,2,1,1,7,D924,42,
2.02E+11,2,2,2024,18:00,1,65,65185,1,1,1,1,Route des Pyrénées,43,
2.02E+11,19,4,2024,18:53,1,93,93031,2,1,1,6,Rue de Brest,48,
2.02E+11,28,12,2024,0:50,3,17,17232,1,1,1,7,D127,45,
2.02E+11,10,9,2024,10:45,1,51,51454,2,1,1,6,JUIN (AVENUE DU MARECHAL),49,
2.02E+11,3,2,2024,8:45,1,11,11262,1,1,1,1,N/A,43,
2.02E+11,13,12,2024,13:33,1,13,13213,1,1,1,3,A507 sens Aubagne- Marseille,43,
2.02E+11,9,9,2024,13:00,1,50,50129,2,1,1,6,DOLET (RUE ETIENNE),49,
2.02E+11,20,4,2024,0:30,3,93,93048,2,2,2,3,Avenue Pasteur / A3,48,
2.02E+11,3,2,2024,3:30,3,63,63003,2,1,5,7,Avenue du Docteur Eugène Chassaing,45,
2.02E+11,28,12,2024,13:00,1,83,83137,1,9,1,2,A57,43,
2.02E+11,2,2,2024,21:35,5,49,49367,2,1,1,7,25 Rue Pasteur,47,
2.02E+11,8,9,2024,13:30,1,49,49015,2,1,1,7,RTE NATIONALE,47,
2.02E+11,20,4,2024,1:00,5,93,93010,2,3,2,2,Chemin des Carouges / Rue Marcel Dassault,48,
2.02E+11,28,12,2024,19:05,1,33,33550,1,1,1,3,N/A,44,
2.02E+11,10,9,2024,20:30,2,44,44190,2,9,8,3,241 Route de Clisson,47,
2.02E+11,2,2,2024,20:45,3,86,86147,1,4,1,4,D742,46,
2.02E+11,20,4,2024,11:15,1,92,92046,2,1,1,2,BROSSOLETTE AVENUE PIERRE,48,
2.02E+11,28,12,2024,17:13,3,91,91174,1,1,1,7,RN 104,48,
2.02E+11,20,4,2024,15:26,1,92,92035,2,1,1,3,National ( boulevard ),48,
2.02E+11,10,9,2024,9:00,1,43,43157,2,1,1,3,Boulevard du President Bertrand,45,
2.02E+11,28,12,2024,14:00,1,94,94038,1,1,1,3,A6B,48,
2.02E+11,30,1,2024,22:55,3,39,39462,1,1,1,1,N/A,47,
2.02E+11,27,12,2024,23:39,3,77,77251,1,1,5,7,AUTOROUTE A5A,48,
2.02E+11,7,9,2024,14:44,1,40,40088,2,9,1,6,SAINT-VINCENT DE PAUL (AVENUE),43,
2.02E+11,3,2,2024,3:25,3,1,1113,1,2,5,7,D26,46,
2.02E+11,28,12,2024,17:10,3,93,93066,1,1,1,3,AUTOROUTE A1,48,
2.02E+11,10,9,2024,19:20,1,38,38179,2,1,1,3,RUE DE LA LIBÉRATION,45,
2.02E+11,2,2,2024,16:46,1,72,72115,1,3,1,3,D338,47,
2.02E+11,28,12,2024,4:45,3,77,77249,1,1,5,6,RN104,48,
2.02E+11,3,2,2024,6:00,3,50,50389,1,1,2,6,la guillardiere,49,
2.02E+11,10,9,2024,16:03,1,38,38185,2,1,1,6,RUE GEORGE SAND,45,
2.02E+11,26,12,2024,21:30,3,77,77514,1,1,1,6,RN104,48,
2.02E+11,6,9,2024,17:00,1,38,38169,2,9,1,2,RUE JEAN PAIN,45,
2.02E+11,27,12,2024,14:00,1,974,97411,2,3,1,3,CAMELIAS (RUE DES),-20,
2.02E+11,3,2,2024,9:15,1,73,73128,2,1,1,1,Route des Gorges du Sierroz,45,
2.02E+11,27,12,2024,14:35,1,972,97213,1,9,1,7,ROUTE NATIONALE 1,14,
2.02E+11,10,9,2024,12:30,1,37,37261,2,2,1,3,STRAUSS (RUE JOHANN),47,
2.02E+11,2,2,2024,13:25,1,43,43257,1,2,1,3,Saint Remy,45,
2.02E+11,26,12,2024,16:40,1,972,97209,1,1,1,3,AUTOROUTE (A1),14,
2.02E+11,9,9,2024,14:55,1,37,37261,2,3,1,3,PREUILLY (BOULEVARD),47,
2.02E+11,2,2,2024,21:15,3,85,85090,1,2,1,3,RD 43,46,
2.02E+11,27,12,2024,3:26,5,2B,2B033,2,9,1,2,11 - RT,42,
2.02E+11,9,9,2024,12:25,1,37,37261,2,3,1,4,POMPIDOU (AVENUE GEORGES),47,
2.02E+11,2,2,2024,18:17,5,27,27284,2,2,2,6,Rue du Preslay,49,
2.02E+11,27,12,2024,1:00,5,971,97113,1,9,1,3,RN4-ROND POINT SAINT FELIX,16,
2.02E+11,3,2,2024,1:50,3,17,17473,1,1,1,7,départementale 133 PK 4,46,
2.02E+11,10,9,2024,8:50,1,33,33065,2,3,1,1,N/A,44,
2.02E+11,27,12,2024,8:20,2,95,95680,2,1,1,6,JEAN BULLANT (RUE),49,
2.02E+11,3,2,2024,18:50,5,30,30029,2,3,1,7,Impasse du Pradet,44,
2.02E+11,10,9,2024,7:45,1,33,33063,2,1,1,3,N/A,44,
2.02E+11,27,12,2024,8:20,1,95,95426,2,1,1,4,D909,49,
2.02E+11,3,2,2024,3:20,3,30,30152,1,1,1,7,2150 Route de Saint Ambroix,44,
2.02E+11,26,12,2024,17:37,3,95,95424,2,9,1,6,ParcCONFLANS (RUE DE),48,
2.02E+11,9,9,2024,8:41,1,33,33167,2,6,2,3,N/A,44,
2.02E+11,2,2,2024,22:50,3,8,8024,1,1,2,6,RD137,49,
2.02E+11,26,12,2024,23:55,5,95,95210,2,1,1,2,GENERAL DE GAULLE (RUE DU),48,
2.02E+11,2,2,2024,12:45,1,978,97801,2,1,1,6,RN7 - grand case,18,
2.02E+11,10,9,2024,17:10,1,29,29232,2,1,1,6,Avenue Pierre Mendes-France,47,
2.02E+11,27,12,2024,23:50,5,95,95306,2,1,5,6,GROS CHÊNE (AVENUE DU),49,
2.02E+11,2,2,2024,10:10,1,987,98715,1,1,1,6,Route de St Hilaire,-17,
2.02E+11,10,9,2024,8:20,1,29,29232,2,1,1,3,Pont de Poulguinan,47,
2.02E+11,27,12,2024,14:10,1,91,91228,2,6,1,6,D 446,48,
2.02E+11,2,2,2024,10:30,1,9,9160,2,1,1,7,Av du Onze Novembre 1918,42,
2.02E+11,10,9,2024,8:20,1,28,28209,2,1,1,2,PAIX (AVENUE DE LA ),48,
2.02E+11,28,12,2024,0:55,3,90,90039,1,1,9,7,R.D.16,47,
2.02E+11,10,9,2024,16:20,1,27,27701,1,1,1,1,RD6015,49,
2.02E+11,2,2,2024,15:05,1,85,85035,1,1,1,1,RD 38,46,
2.02E+11,26,12,2024,22:06,5,87,87085,2,2,1,3,BORIE (BOULEVARD DE LA),45,
2.02E+11,3,2,2024,14:25,1,85,85178,1,1,1,6,sainte-anne,46,
2.02E+11,10,9,2024,17:30,1,25,25056,2,1,8,6,LUMIERE  RUE FRERES,47,
2.02E+11,26,12,2024,17:50,5,85,85194,2,9,1,6,RD949,46,
2.02E+11,10,9,2024,15:45,1,25,25056,2,1,1,6,OBSERVATOIRE AVENUE DE L',47,
2.02E+11,14,12,2024,8:50,1,83,83123,2,1,1,6,BUGE (CHEMIN DE LA)N° PAIRS,43,
2.02E+11,15,1,2024,13:50,1,72,72244,1,1,1,1,D134,47,
2.02E+11,10,9,2024,10:05,1,22,22215,2,1,1,6,COUBERTIN (RUE PIERRE DE),48,
2.02E+11,27,12,2024,12:00,1,78,78208,2,2,1,6,DOUANIER ROUSSEAU (SQUARE DU),48,
2.02E+11,3,2,2024,9:45,1,14,14530,1,1,8,4,D513,49,
2.02E+11,9,9,2024,15:31,1,19,19031,2,6,1,7,DIX HUIT JUIN 1940 (AVENUE DU),45,
2.02E+11,27,12,2024,19:40,5,72,72181,2,1,1,2,POITEVIN ALPHONSE (RUE),48,
2.02E+11,3,2,2024,14:15,1,27,27275,2,1,1,7,D6015,49,
2.02E+11,25,12,2024,17:45,5,71,71270,2,1,1,6,LYON (ROUTE DE),46,
2.02E+11,10,9,2024,9:10,1,17,17415,2,3,1,5,BOISNARDERIE RUE DE LA,45,
2.02E+11,2,2,2024,12:30,1,13,13001,1,1,1,2,A51-Sens Marseille vers Aix en Provence,43,
2.02E+11,26,12,2024,7:30,5,69,69091,2,9,1,3,Rue Edouard Idoux,45,
2.02E+11,9,9,2024,7:30,1,15,15014,2,2,2,3,RN 122,44,
2.02E+11,28,1,2024,20:42,3,13,13005,1,9,1,1,A502-Sens Aubagne vers Toulon par R.N.,43,
2.02E+11,10,9,2024,19:20,1,13,13103,2,3,1,3,AVENUE DE LATTRE DE TASSIGNY-RD 17-,43,
2.02E+11,27,12,2024,21:45,3,67,67218,1,3,5,5,ALFRED KASTLER (ROUTE),48,
2.02E+11,31,1,2024,12:31,1,13,13071,1,1,1,2,A55-Sens Martigues vers Marseille,43,
2.02E+11,2,2,2024,15:30,1,13,13023,1,1,1,7,A50,43,
2.02E+11,26,12,2024,11:15,1,67,67482,2,8,1,3,FOUDAY (RUE DE),48,
2.02E+11,10,9,2024,8:45,1,13,13063,2,3,1,3,MAZEL  BOULEVARD,43,
2.02E+11,29,1,2024,8:00,1,69,69286,1,1,1,3,Autoroute 46,45,
2.02E+11,27,12,2024,17:10,1,66,66136,2,3,1,3,RUBENS (PAUL),42,
2.02E+11,10,9,2024,9:20,1,13,13047,1,1,1,3,CD16 (LE DELA),43,
2.02E+11,27,12,2024,21:53,5,64,64129,2,1,5,7,JEAN MERMOZ,43,
2.02E+11,1,2,2024,12:10,1,33,33039,1,1,1,2,Pont François Mitterrand,44,
2.02E+11,10,9,2024,15:30,1,7,7186,2,1,1,5,TEMPLE (COURS DU),44,
2.02E+11,1,2,2024,7:46,3,33,33550,1,1,1,3,N/A,44,
2.02E+11,26,12,2024,8:55,1,64,64445,1,6,1,3,BACHAGA BOUALAN,43,
2.02E+11,10,9,2024,18:35,1,7,7281,1,9,1,7,Avenue du Puy en Velay,44,