Num_Acc,jour,mois,an,hrmn,lum,dep,com,agg,int,atm,col,adr,lat,long
2.02E+11,27,12,2024,15:51,1,64,64122,2,9,1,3,MACHELON (RUE DE),43,
2.02E+11,31,1,2024,20:40,4,33,33550,1,1,1,6,ROCADE A 630,44,
2.02E+11,26,12,2024,19:35,5,62,62186,2,1,1,2,D166,50,
2.02E+11,10,9,2024,14:09,1,6,6088,2,4,1,3,1 Avenue de Brancolar,43,
2.02E+11,27,1,2024,9:10,1,59,59554,1,1,1,7,AUTOROUTE A23,50,
2.02E+11,27,12,2024,9:30,1,59,59152,2,9,5,6,Rue du Château,50,
2.02E+11,1,2,2024,14:25,1,92,92063,1,1,1,6,A86,48,
2.02E+11,24,8,2024,13:05,1,2,2722,2,1,1,6,1 Rue François Mauriac,49,
2.02E+11,27,12,2024,11:30,1,59,59378,2,2,1,3,Boulevard Clémenceau,50,
2.02E+11,2,2,2024,18:05,5,93,93008,1,1,1,2,AUTOROUTE A86,48,
2.02E+11,10,9,2024,15:45,1,75,75112,2,1,1,2,BOULEVARD PERIPHERIQUE INTERIEUR NORD  ,48,
2.02E+11,26,12,2024,18:20,5,59,59271,2,2,1,3,MOULIN,51,
2.02E+11,2,2,2024,6:50,3,93,93005,1,1,1,3,AUTOROUTE A104,48,
2.02E+11,10,9,2024,10:45,1,75,75118,2,1,1,5,BOULEVARD PERIPHERIQUE EXTERIEUR NORD  ,48,
2.02E+11,26,12,2024,22:20,5,58,58194,2,3,1,3,CHEMIN DE FER,46,
2.02E+11,2,2,2024,5:20,5,95,95018,1,1,1,3,A15,48,
2.02E+11,27,12,2024,6:40,5,56,56260,2,1,1,6,Rue Eugène Delacroix,47,
2.02E+11,10,9,2024,15:35,1,75,75106,2,1,8,5,RUE DE VAUGIRARD,48,
2.02E+11,29,1,2024,13:10,1,974,97411,2,1,1,1,GRIMAUD (EMILE),-20,
2.02E+11,10,12,2024,12:00,1,55,55505,2,1,1,7,LIBERATION ( DE LA ),49,
2.02E+11,1,2,2024,8:20,1,973,97302,2,1,1,3,UNIVERSITE CHICAGO (RUE DE),4,
2.02E+11,20,11,2024,12:00,1,55,55545,2,1,1,7,FRERES BOULHAUT ( DES ),49,
2.02E+11,10,9,2024,16:35,1,75,75118,2,2,1,3,BOULEVARD BARBES,48,
2.02E+11,31,1,2024,13:25,1,973,97302,1,1,1,2,ROUTE NATIONALE 1,4,
2.02E+11,24,12,2024,17:50,3,54,54431,2,2,1,6,Rue de Verdun,48,
2.02E+11,10,9,2024,7:25,1,75,75117,2,2,1,6,AVENUE MAC MAHON,48,
2.02E+11,4,8,2024,22:10,3,78,78168,2,1,1,6,LEVIS ST NOM (ROUTE DE),48,
2.02E+11,1,2,2024,19:45,5,69,69388,2,3,1,3,Rue Marius Berliet,45,
2.02E+11,10,9,2024,9:20,1,75,75116,2,1,1,7,BOULEVARD PERIPHERIQUE EXTERIEUR OUEST,48,
2.02E+11,26,12,2024,20:10,5,54,54304,2,1,1,1,Avenue de la Résistance,48,
2.02E+11,1,2,2024,18:25,1,69,69387,2,1,1,6,61 Rue Félix Brun,45,
2.02E+11,10,9,2024,13:50,1,75,75116,2,3,1,6,AVENUE MOZART,48,
2.02E+11,4,8,2024,22:50,5,77,77373,2,1,1,6,CHE D 21,48,
2.02E+11,10,9,2024,9:30,1,75,75114,2,1,1,7,AVENUE DAVID WEILL,48,
2.02E+11,1,2,2024,10:50,1,69,69386,2,2,1,3,Boulevard des Brotteaux,45,
2.02E+11,27,12,2024,0:20,3,54,54451,1,1,1,4,RN52,49,
2.02E+11,4,8,2024,14:30,1,76,76410,2,3,1,3,Route de Dieppe,49,
2.02E+11,31,1,2024,7:50,1,972,97213,2,9,1,6,NELSON MANDELA,14,
2.02E+11,9,9,2024,12:45,1,75,75114,2,2,1,3,RUE DIDOT,48,
2.02E+11,27,12,2024,21:10,5,51,51454,2,3,1,1,JAURES (AVENUE JEAN ) DU N° 61 A FIN,49,
2.02E+11,3,8,2024,17:45,1,66,66136,2,2,1,3,Rue Pierre Renaudel,42,
2.02E+11,1,2,2024,19:25,5,69,69389,2,1,1,3,19 Quai Arloing,45,
2.02E+11,9,9,2024,8:40,1,75,75114,2,3,2,6,PLACE SAINT JACQUES,48,
2.02E+11,26,12,2024,19:00,5,51,51454,2,1,1,6,WILSON (BOULEVARD DU PRESIDENT) COTE IMP,49,
2.02E+11,1,2,2024,14:13,1,2B,2B033,2,1,1,6,AV DE LA LIBERATION,42,
2.02E+11,11,7,2024,8:20,1,61,61006,2,1,7,6,2 Boulevard du Général de Gaulle,48,
2.02E+11,10,9,2024,18:00,1,75,75111,2,1,1,3,RUE ALEXANDRE DUMAS,48,
2.02E+11,26,12,2024,18:30,2,49,49007,2,1,1,6,JEAN XXIII PLACE,47,
2.02E+11,20,1,2024,22:00,5,95,95585,2,1,1,2,D125,48,
2.02E+11,4,8,2024,20:30,1,59,59650,2,1,1,3,BRIFFAUT (RUE HENRI),50,
2.02E+11,9,9,2024,22:50,5,75,75110,2,1,1,3,BOULEVARD DE LA VILLETTE,48,
2.02E+11,27,12,2024,16:10,1,47,47323,2,2,7,6,FRATERNITE(RUE DE LA ),44,
2.02E+11,1,2,2024,8:30,1,95,95197,2,1,2,6,D928,48,
2.02E+11,26,12,2024,18:10,5,44,44190,2,1,1,6,52 Boulevard des Pas Enchantés,47,
2.02E+11,10,9,2024,10:25,1,75,75114,2,7,1,6,BOULEVARD DU MONTPARNASSE,48,
2.02E+11,4,8,2024,20:00,1,59,59386,2,1,1,3,MENIN RUE DE,50,
2.02E+11,31,1,2024,6:45,5,91,91552,2,9,1,4,RN 20,48,
2.02E+11,10,9,2024,10:55,1,75,75104,2,3,1,6,RUE DU TEMPLE,48,
2.02E+11,4,8,2024,13:25,1,59,59368,2,2,1,6,FOUBERT AVENUE,50,
2.02E+11,10,9,2024,7:10,1,94,94044,2,1,1,2,Avenue Jean Monnet,48,
2.02E+11,1,2,2024,10:30,1,91,91434,2,3,2,3,PROGRES (RUE DU),48,
2.02E+11,27,12,2024,18:39,5,42,42187,1,1,1,5,N7 ,46,
2.02E+11,10,9,2024,9:50,1,94,94068,2,1,1,3,Avenue Foch,48,
2.02E+11,27,12,2024,12:35,1,37,37261,2,9,8,6,MERIMEE (SQUARE PROSPER),47,
2.02E+11,3,8,2024,9:25,1,47,47031,2,3,1,3,Avenue de Bigorre,44,
2.02E+11,31,1,2024,17:10,1,91,91027,2,3,1,3,JEAN MOULIN (RUE),48,
2.02E+11,10,9,2024,10:25,1,94,94021,2,9,1,6,Av. de Bretagne,48,
2.02E+11,27,12,2024,12:45,1,34,34301,2,3,1,2,BLANC CAMILLE (BOULEVARD),43,
2.02E+11,4,8,2024,9:52,1,33,33529,2,3,1,3,N/A,44,
2.02E+11,1,2,2024,16:25,1,91,91223,2,3,8,1,SAINT JACQUES (RUE),48,
2.02E+11,9,9,2024,10:15,1,94,94011,2,1,1,2,Avenue du Docteur Emile Roux,48,
2.02E+11,4,8,2024,20:03,2,31,31555,2,1,1,6,DEMOISELLES (ALL DES) DU 2AU 80,43,
2.02E+11,27,12,2024,6:50,5,33,33167,2,3,8,3,N/A,44,
2.02E+11,31,1,2024,12:24,1,87,87085,2,3,1,3,avenue de Landouge,45,
2.02E+11,25,12,2024,18:05,5,33,33063,2,7,1,3,N/A,44,
2.02E+11,1,2,2024,22:00,5,84,84007,2,1,1,3,OULLE (Boulevard de l'),43,
2.02E+11,4,8,2024,18:55,1,29,29051,2,2,1,5,Avenue du Rouillen,48,
2.02E+11,9,9,2024,22:45,5,93,93051,2,3,1,3,STATION,48,
2.02E+11,27,12,2024,19:40,5,31,31557,2,1,1,7,FERRET (CH DE),43,
2.02E+11,4,8,2024,5:15,5,29,29232,2,1,1,7,Rue de Benodet,47,
2.02E+11,10,9,2024,2:40,3,93,93047,2,1,1,6,ROSIERS  (AVENUE DES),48,
2.02E+11,1,2,2024,7:40,2,83,83062,2,1,1,1,RN 98,43,
2.02E+11,27,12,2024,15:00,1,31,31555,2,2,1,3,RTE D ALBI,43,
2.02E+11,25,12,2024,17:00,1,30,30007,2,1,1,7,Avenue Olivier de Serres,44,
2.02E+11,4,8,2024,19:30,1,27,27229,2,6,1,3,MENDES FRANCE (RUE PIERRE),49,
2.02E+11,10,9,2024,17:38,1,93,93048,2,1,1,6,GENERAL DE GAULE (PLACE DU),48,
2.02E+11,1,2,2024,18:35,5,83,83069,2,3,1,3,AVENUE RITONDALE LEOPOLD,43,
2.02E+11,4,8,2024,6:00,1,13,13214,2,1,1,7,SAINTE MARTHE (AVENUE DE),43,
2.02E+11,10,9,2024,8:55,1,93,93048,2,1,1,3,ARISTIDE BRIAND (BOULEVARD),48,
2.02E+11,31,1,2024,20:15,5,80,80021,2,1,1,6,Boulevard de Pont Noyelles,49,
2.02E+11,26,12,2024,14:30,1,27,27229,2,2,2,2,SAINT ANDRE (ROUTE DE),49,
2.02E+11,1,2,2024,17:20,1,80,80001,2,1,1,6,Petite Rue Notre - Dame,50,
2.02E+11,4,8,2024,15:50,1,13,13214,1,2,1,2,BUREL (BOULEVARD),43,
2.02E+11,10,9,2024,7:30,1,93,93048,2,3,1,3,PARIS (RUE DE),48,
2.02E+11,1,2,2024,4:30,3,78,78486,1,1,1,6,RN 10,48,
2.02E+11,27,12,2024,15:00,1,25,25462,2,3,9,3,VUILLECIN (RUE DE),46,
2.02E+11,9,9,2024,5:50,2,93,93048,2,1,1,1,PAUL SIGNAC (AVENUE),48,
2.02E+11,3,8,2024,8:30,1,13,13208,2,1,1,2,POMPIDOU (PROMENADE),43,
2.02E+11,1,2,2024,9:15,1,76,76429,2,4,2,6,Rue Leon Gambetta,49,
2.02E+11,4,8,2024,7:45,1,13,13005,2,6,1,3,GEMENOS (ROUTE DE CD2),43,
2.02E+11,27,12,2024,9:45,1,17,17415,1,1,1,1,route nationale 141,45,
2.02E+11,10,9,2024,18:24,1,93,93046,2,2,1,6,JEAN JAURES BOULEVARD,48,
2.02E+11,4,8,2024,18:30,1,7,7102,2,1,1,7,LYON (AVENUE DE),44,
2.02E+11,31,1,2024,15:00,1,76,76351,2,4,1,2,GENERAL FERRIE (AVENUE),49,
2.02E+11,10,9,2024,10:20,1,93,93008,2,1,1,2,DIVISION LECLERC (AVENUE DE LA) A20,48,
2.02E+11,27,12,2024,8:55,2,17,17333,2,1,1,3,JAURES (AVENUE),45,
2.02E+11,4,8,2024,11:10,1,4,4112,2,6,1,2,ARBAUD (PL. DAMASSE),43,
2.02E+11,31,1,2024,18:20,5,76,76351,2,1,1,1,SALVADOR ALLENDE (RUE),49,
2.02E+11,10,9,2024,18:06,2,93,93005,2,1,1,6,MARECHAL JUIN (AVENUE DU),48,
2.02E+11,2,8,2024,19:00,1,4,4112,2,6,1,3,SAINT JOSEPH(BOULEVARD),43,
2.02E+11,27,12,2024,9:00,1,13,13211,2,3,1,3,JEAN LOMBARD (AVENUE),43,
2.02E+11,3,9,2024,16:20,1,93,93001,2,1,1,6,Pont de Stains,48,
2.02E+11,2,8,2024,8:25,1,4,4112,1,1,1,1,FOUCAULT(CHEMIN LEON),43,
2.02E+11,1,2,2024,8:30,1,71,71076,2,2,1,3,Avenue de Paris,46,
2.02E+11,24,12,2024,17:30,5,13,13203,2,1,1,1,ROGER SALENGRO (AVENUE),43,
2.02E+11,10,9,2024,9:00,1,92,92078,2,2,1,3,VERDUN (AVENUE) (PAIRS 92 ET PLUS),48,
2.02E+11,3,8,2024,16:30,1,75,75116,2,1,1,2,BD PERIPHERIQUE INTERIEUR ,48,
2.02E+11,1,2,2024,13:00,1,69,69266,2,3,8,6,Rue Jean Jaurès,45,
2.02E+11,12,12,2024,10:10,1,12,12176,2,6,1,3,SAINT MARC (GIRATOIRE),44,
2.02E+11,10,9,2024,9:05,1,92,92051,2,1,1,6,MADRID (AVENUE DE),48,
2.02E+11,30,7,2024,13:30,1,75,75116,2,1,1,3,BD PERIPHERIQUE EXTERIEUR,48,
2.02E+11,1,2,2024,18:58,3,65,65433,1,1,1,1,PIC DU MIDI (BOULEVARD DU),43,
2.02E+11,10,9,2024,12:30,1,92,92050,2,1,1,6,JOLIOT CURIE F. ET IRENE AVENUE  N°PAIRS,48,
2.02E+11,3,8,2024,13:00,2,75,75113,2,2,1,2,BOULEVARD AUGUSTE BLANQUI,48,
2.02E+11,10,9,2024,9:45,1,92,92050,2,1,1,3,PREMIER MAI RUE DU,48,
2.02E+11,1,2,2024,18:00,2,64,64445,2,6,1,3,TOURASSE,43,
2.02E+11,26,12,2024,18:15,5,10,10387,2,1,1,6,QUATORZE JUILLET (RUE DU),48,
2.02E+11,10,9,2024,17:55,1,92,92071,2,1,1,3,HOUDAN (RUE),48,
2.02E+11,1,2,2024,13:45,1,64,64445,2,2,1,3,PAIX,43,
2.02E+11,4,8,2024,15:30,1,75,75111,2,2,1,3,BOULEVARD DES FILLES DU CALVAIRE,48,
2.02E+11,10,9,2024,7:55,1,92,92014,2,1,1,7,GENERAL LECLERC (AV.) (57 A 135 - 50 A 1,48,
2.02E+11,27,12,2024,15:20,1,6,6088,1,2,1,3,Traverse de la Digue des Français,43,
2.02E+11,30,1,2024,10:10,1,64,64445,2,6,1,3,PEYROULET,43,
2.02E+11,7,9,2024,17:00,1,14,14455,1,1,3,7,D23,49,
2.02E+11,27,12,2024,15:00,1,6,6088,2,9,1,6,Parking Leclerc Boulevard Mercantour,43,
2.02E+11,4,8,2024,21:10,2,93,93072,2,1,1,7,"""STALINGRAD (AVENUE)",,
2.02E+11,1,2,2024,20:30,3,64,64125,2,9,8,1,FAMILISTERE (RUE),43,
2.02E+11,10,9,2024,14:00,1,11,11203,2,1,1,2,6 Boulevard Gallieni,43,
2.02E+11,27,12,2024,10:29,1,6,6088,2,9,1,3,161 Avenue Sainte-Marguerite,43,
2.02E+11,1,2,2024,16:50,1,63,63113,2,9,1,6,MONTLOSIER (RUE),45,
2.02E+11,11,9,2024,8:25,1,6,6064,2,1,1,1,460 Route de la Baronne,43,
2.02E+11,27,12,2024,22:00,3,6,6104,2,1,1,1,56 Avenue Jean Jaurès,43,
2.02E+11,4,8,2024,2:25,5,93,93046,2,2,1,3,JULES GUESDES AVENUE,48,
2.02E+11,1,2,2024,2:50,3,62,62510,2,1,2,3,Rue Jean Caron,50,
2.02E+11,27,12,2024,14:50,1,5,5061,2,1,1,6,Avenue de Veynes,44,
2.02E+11,4,8,2024,10:30,1,93,93005,2,7,1,3,COUDRAY (ROND-POINT DU),48,
2.02E+11,31,1,2024,8:00,1,60,60159,1,6,1,3,Avenue de la Faisanderie,49,
2.02E+11,10,9,2024,16:30,1,44,44087,1,1,1,5,N/A,46,
2.02E+11,27,12,2024,14:40,1,75,75116,2,1,1,4,BD PERIPHERIQUE EXTERIEUR,48,
2.02E+11,1,2,2024,16:00,1,59,59650,2,9,1,1,EUROZONE (ROND POINT DE L'),50,
2.02E+11,4,8,2024,6:40,1,92,92025,2,1,1,2,VALMY (BD DE),48,
2.02E+11,8,9,2024,22:15,4,79,79032,2,5,1,7,N/A,46,
2.02E+11,26,12,2024,11:00,1,75,75118,2,1,1,3,BOULEVARD PERIPHERIQUE INTERIEUR NORD  ,48,
2.02E+11,27,12,2024,12:00,1,75,75119,2,1,1,7,AVENUE RENE FONCK,48,
2.02E+11,4,8,2024,3:55,3,76,76258,1,1,1,6,D926 PK-PR 5+500,49,
2.02E+11,31,1,2024,21:13,4,59,59024,2,1,1,2,DOUAI (RUE DE),50,
2.02E+11,10,9,2024,17:20,1,2A,2A004,1,1,2,3,Caldaniccia,41,
2.02E+11,27,12,2024,12:50,1,75,75106,2,3,1,6,RUE DES QUATRE VENTS,48,
2.02E+11,11,9,2024,4:00,5,2A,2A271,2,1,1,7,T22,41,
2.02E+11,5,8,2024,1:33,3,35,35250,1,2,1,6,Vegon,48,
2.02E+11,1,2,2024,0:05,4,57,57757,2,1,1,1,Route d'Illange,49,
2.02E+11,26,12,2024,23:45,5,75,75110,2,3,1,3,RUE DU FAUBOURG SAINT MARTIN,48,
2.02E+11,4,8,2024,12:30,1,9,9109,1,1,1,7,D14,43,
2.02E+11,10,9,2024,18:40,1,55,55166,1,3,1,3,Dugny-sur-Meuse,49,
2.02E+11,1,2,2024,10:55,1,54,54431,2,2,2,6,Rue Gambetta,48,
2.02E+11,10,9,2024,11:00,1,12,12284,1,1,1,7,lieu dit reynes,44,
2.02E+11,27,12,2024,16:00,1,94,94078,2,1,1,5,Avenue de Valenton,48,
2.02E+11,1,2,2024,19:00,5,54,54028,2,1,1,6,Rue Dante Pederzoli,49,
2.02E+11,4,8,2024,14:35,1,974,97422,2,6,1,3,Rue Jules Bertaut,-21,
2.02E+11,27,12,2024,15:07,1,94,94076,2,1,1,2,Avenue Paul Vaillant-couturier,48,
2.02E+11,11,9,2024,16:50,1,1,1079,1,1,2,5,D54,45,
2.02E+11,1,2,2024,13:35,1,54,54099,1,1,1,6,RD138,49,
2.02E+11,4,8,2024,17:25,1,972,97227,1,1,1,1,N5,14,
2.02E+11,27,12,2024,15:40,1,94,94028,2,1,1,6,Route de Choisy,48,
2.02E+11,10,9,2024,18:15,1,22,22004,1,1,1,6,Kerwennou Izelan,48,
2.02E+11,27,12,2024,1:13,5,94,94004,2,1,9,6,Rue de Marolles,48,
2.02E+11,4,8,2024,16:45,1,63,63408,1,3,1,6,RD523/ rue de Salacrut,45,
2.02E+11,1,2,2024,18:51,5,47,47001,2,3,1,3,DE GAULLE (AV. DU GENERAL),44,
2.02E+11,27,12,2024,15:00,1,93,93072,2,1,1,3,STALINGRAD (AVENUE) DES N°2 AU N°100,48,
2.02E+11,11,9,2024,9:15,1,44,44072,1,1,1,5,N/A,47,
2.02E+11,31,1,2024,16:55,1,44,44184,2,9,1,3,2 Boulevard Paul Leferme,47,
2.02E+11,3,8,2024,21:35,3,59,59478,1,2,3,3,rd 110,50,
2.02E+11,27,12,2024,14:20,1,93,93029,2,1,7,2,COLONEL FABIEN (DU),48,
2.02E+11,1,2,2024,19:00,5,44,44109,2,6,2,3,15 Rue de la Petite Baratte,47,
2.02E+11,10,9,2024,17:15,1,2,2755,1,1,8,6,N2,49,
2.02E+11,27,12,2024,18:20,5,93,93001,2,1,1,6,PRESIDENT ROOSEVELT (AVENUE DU),48,
2.02E+11,3,8,2024,23:15,3,34,34184,1,1,1,2,Autoroute A75 PK 307+700 sens 1,43,
2.02E+11,1,2,2024,11:25,1,43,43157,2,1,1,2,Allee des Portes Occitanes,45,
2.02E+11,10,9,2024,12:00,1,1,1266,2,1,1,6,15 Avenue de Macon,46,
2.02E+11,27,12,2024,18:00,5,92,92072,2,1,1,2,GRANDE RUE,48,
2.02E+11,4,8,2024,16:20,1,56,56058,1,1,7,7,1 rue du four,47,
2.02E+11,10,9,2024,16:55,1,6,6151,1,1,1,6,M6202  PR 88 + 950,43,
2.02E+11,27,12,2024,13:53,1,92,92051,2,1,1,6,WINSTON CHURCHILL (PLACE),48,
2.02E+11,1,2,2024,6:25,3,38,38563,2,2,2,3,VERDIN (MONTEE DU),45,
2.02E+11,4,8,2024,14:30,1,77,77134,1,1,1,7,D204,48,
2.02E+11,11,9,2024,13:55,1,5,5140,1,1,1,7,Saint-Étienne-le-Laus,44,
2.02E+11,27,12,2024,11:30,1,92,92026,2,3,1,2,SAINT GUILLAUME (RUE ET VILLA),48,
2.02E+11,1,2,2024,17:50,5,38,38544,2,9,1,6,ST LOUIS(PLACE),45,
2.02E+11,4,8,2024,22:20,3,76,76646,1,9,1,1,chemin communal,49,
2.02E+11,27,12,2024,18:10,5,92,92002,2,1,1,6,LEON BLUM (AVENUE),48,
2.02E+11,31,1,2024,16:24,1,37,37261,2,1,1,6,BUFFON (RUE),47,
2.02E+11,10,9,2024,12:05,1,5,5170,1,1,1,4,Avenue Napoleon,44,
2.02E+11,1,2,2024,8:55,1,37,37208,2,1,1,2,LAC (AVENUE DU),47,
2.02E+11,5,8,2024,19:10,1,82,82080,2,3,1,1,777 Chemin de Lavilledieu,44,
2.02E+11,27,12,2024,11:55,1,14,14409,1,1,1,3,Route d'Escanneville,49,
2.02E+11,5,8,2024,7:30,1,65,65050,1,1,1,7,D618,42,
2.02E+11,1,2,2024,17:00,1,35,35238,2,1,1,3,PATTON (AVENUE DU GENERAL SIR GEORGES),48,
2.02E+11,2,9,2024,7:20,2,60,60296,2,1,1,6,Rue de Villers sur Auchy,49,
2.02E+11,4,8,2024,10:45,1,65,65362,1,1,1,3,RD 920 PR 1+44,42,
2.02E+11,27,12,2024,15:30,1,47,47230,1,1,1,1,Brandal,44,
2.02E+11,1,2,2024,17:05,1,35,35238,2,6,1,3,CARREL (BD ALEXIS),48,
2.02E+11,27,12,2024,18:20,5,31,31467,2,1,1,6,11 Rue du Rempart,43,
2.02E+11,3,8,2024,19:00,1,81,81291,1,3,1,6,D90,44,
2.02E+11,1,2,2024,11:40,1,35,35238,2,6,1,6,ALSACE (D'),48,
2.02E+11,27,12,2024,13:30,1,38,38383,1,1,1,6,Route de la Chartreuse,45,
2.02E+11,31,1,2024,19:15,5,34,34108,2,1,5,1,MAL JUIN (AVENUE DU),43,
2.02E+11,4,8,2024,18:43,1,89,89388,1,2,1,3,Lieu Dit les Grilots,47,
2.02E+11,30,1,2024,20:20,5,34,34003,2,1,1,6,DE GAULLE (E14 A F15,43,
2.02E+11,4,8,2024,23:25,3,55,55489,1,4,1,7,D115,49,
2.02E+11,27,12,2024,21:00,5,85,85109,2,1,1,6,Rue Ampère,46,
2.02E+11,31,1,2024,21:00,5,33,33550,2,1,1,2,N/A,44,
2.02E+11,4,8,2024,18:40,1,22,22119,2,1,1,3,Rue de Maudez,48,
2.02E+11,27,12,2024,15:00,1,56,56057,1,2,1,3,Stéroulin,48,
2.02E+11,1,2,2024,14:35,1,31,31555,2,6,1,4,Rd Pt Firmin Pons,43,
2.02E+11,5,8,2024,17:25,1,22,22203,1,1,1,1,D44,48,
2.02E+11,28,12,2024,17:30,2,56,56075,1,1,1,1,Le Beneac,47,
2.02E+11,1,2,2024,7:50,2,31,31483,2,4,1,3,MONDON ( RUE ET IMPASSE),43,
2.02E+11,27,12,2024,15:55,1,76,76500,2,1,1,6,Route de Nesle,49,
2.02E+11,5,8,2024,12:35,1,44,44154,1,1,1,4,N/A,47,
2.02E+11,28,7,2024,8:40,1,38,38408,1,1,1,6,1860 route de valencin,45,
2.02E+11,24,12,2024,14:40,1,79,79012,1,3,2,3,N/A,46,
2.02E+11,1,2,2024,21:25,5,29,29232,2,3,1,3,Rue Amiral Ronarc'h,47,
2.02E+11,4,8,2024,17:00,1,38,38333,1,1,1,7,rd 531 PK 25+900,45,
2.02E+11,23,12,2024,14:30,1,69,69248,1,1,1,3,Route Départementale 308,46,
2.02E+11,31,1,2024,18:30,5,29,29232,2,1,2,1,SAINT ALOR RUE,47,
2.02E+11,27,12,2024,21:45,3,63,63011,1,1,1,7,D2144,46,
2.02E+11,5,8,2024,11:20,1,84,84072,1,1,1,3,d 70 la venue de caromb,44,
2.02E+11,1,2,2024,20:30,3,29,29151,1,9,8,3,route de plougasnou ploujean,48,
2.02E+11,2,8,2024,7:50,1,3,3260,1,1,1,6,D22,46,
2.02E+11,27,12,2024,18:01,3,61,61491,1,1,5,1,Lieu Dit Chateauroux,48,
2.02E+11,31,1,2024,12:41,1,26,26198,2,1,1,6,Avenue John Fitzgerald Kennedy,44,
2.02E+11,5,8,2024,11:00,1,15,15196,2,6,1,3,RD 32,44,
2.02E+11,26,12,2024,13:15,1,61,61092,1,1,8,1,D926,48,
2.02E+11,1,2,2024,19:35,5,25,25462,2,9,2,3,SALINS DE (DU 64 A LA FIN),46,
2.02E+11,28,12,2024,15:07,1,49,49090,1,1,1,6,La Glardière,47,
2.02E+11,5,8,2024,16:35,1,50,50619,1,1,1,6,LIEU DIT LE FRONDEAUX,49,
2.02E+11,1,2,2024,18:12,5,25,25462,2,1,2,6,BESANCON (RUE DE),46,
2.02E+11,5,8,2024,8:40,1,50,50353,1,1,1,6,passerelle,48,
2.02E+11,27,12,2024,12:12,1,25,25058,2,1,1,3,25 Route de Lyon,47,
2.02E+11,28,7,2024,17:10,1,45,45067,1,1,1,3,4 haute levee,47,
2.02E+11,1,2,2024,17:58,5,25,25056,2,3,2,6,DOLE RUE DE (entre 82 et 185),47,
2.02E+11,21,12,2024,11:20,1,44,44089,1,1,1,6,la Hioterie,47,
2.02E+11,4,8,2024,11:50,1,10,10011,1,1,1,7,N/A,48,
2.02E+11,27,12,2024,23:22,3,44,44108,1,1,1,6,25 Rue  Saint Martin,47,
2.02E+11,1,2,2024,14:00,1,22,22113,2,6,1,3,PARK NEVEZ (AVENUE DE),48,
2.02E+11,4,8,2024,13:45,1,10,10238,2,1,1,3,Rue du Lac,48,
2.02E+11,23,12,2024,19:40,3,29,29117,1,1,2,3,D13,48,
2.02E+11,31,1,2024,17:25,1,19,19031,2,3,1,6,N/A,45,
2.02E+11,4,8,2024,7:00,2,7,7112,1,1,1,6,Cuze,44,
2.02E+11,28,12,2024,12:40,1,38,38006,1,1,1,6,ROUTE DES GENTIANES,45,
2.02E+11,2,8,2024,23:00,3,7,7296,1,1,1,6,158 Route de Lachapelle,44,
2.02E+11,29,1,2024,18:15,1,19,19031,2,3,1,3,VERLHAC (BOULEVARD DOCTEUR),45,
2.02E+11,4,8,2024,11:30,1,53,53245,1,1,1,4,Route de Luitré,48,
2.02E+11,25,1,2024,19:30,5,19,19031,2,1,1,2,ALVITRE (AVENUE ABBE),45,
2.02E+11,28,12,2024,11:15,1,1,1229,1,2,5,5,Route d'Etrez,46,
2.02E+11,4,8,2024,18:00,1,24,24301,1,1,1,7,ROUTE DU PERIGORD NOIR,45,
2.02E+11,1,2,2024,22:15,5,18,18279,1,6,9,7,N/A,47,
2.02E+11,5,8,2024,16:40,1,27,27260,1,1,1,1,D6178,49,
2.02E+11,28,12,2024,14:20,1,70,70477,2,6,1,7,Grande Rue,47,
2.02E+11,5,8,2024,5:10,3,37,37266,1,1,1,6,Route de Ballan,47,
2.02E+11,27,12,2024,2:25,3,72,72011,1,1,1,6,lieu dit le bas rance,48,
2.02E+11,5,8,2024,11:30,1,30,30172,1,1,1,7,D39,43,
2.02E+11,1,2,2024,12:50,1,15,15014,2,1,1,3,57 Rue de l'Egalite,44,
2.02E+11,24,12,2024,4:15,5,14,14714,1,1,1,6,61 Route de Bayeux Saint-Lô,49,
2.02E+11,5,8,2024,9:30,1,976,97602,1,1,1,2,Route Nationale 1,-12,
2.02E+11,27,12,2024,23:00,3,10,10238,1,1,5,1,RD619,48,
2.02E+11,31,1,2024,17:25,1,15,15014,2,1,1,2,RN 122,44,
2.02E+11,5,8,2024,16:56,1,45,45169,1,1,1,3,autoroute A10 point kilométrique 097+710,47,
2.02E+11,31,1,2024,19:00,5,14,14333,2,2,1,3,23 Avenue de la Brigade Piron,49,
2.02E+11,28,12,2024,11:15,1,21,21561,1,1,9,5,D971,47,
2.02E+11,5,8,2024,22:23,2,60,60612,1,1,1,2,Autoroute A1 PK 042+200,49,
2.02E+11,28,12,2024,7:00,1,988,98805,1,1,1,3,Route des bassins,-22,
2.02E+11,1,2,2024,7:30,2,13,13117,2,2,1,3,DE LATTRE DE TASSIGNY ( AVENUE ),43,
2.02E+11,3,8,2024,5:10,2,987,98723,1,1,1,7,Punaei,-9,
2.02E+11,1,2,2024,19:00,5,13,13203,2,9,1,3,ROGER SALENGRO (AVENUE),43,
2.02E+11,28,12,2024,15:50,1,1,1151,1,1,5,4,PK 147+000,,
2.02E+11,3,8,2024,9:35,1,988,98829,1,1,1,1,RPS4 à hauteur de la tribu de KOUERGOA,-21,
2.02E+11,30,1,2024,17:40,5,13,13206,2,3,1,3,LAFON (RUE),43,