Num_Acc,jour,mois,an,hrmn,lum,dep,com,agg,int,atm,col,adr,lat,long
2.02E+11,28,6,2024,19:20,1,87,87085,2,1,1,3,BRIAND (RUE ARISTIDE),45,
2.02E+11,11,3,2024,15:20,1,69,69290,2,9,2,3,44 Chemin de Genas,45,
2.02E+11,29,6,2024,17:12,1,87,87114,2,3,1,3,LIBERATION (AVENUE DE LA),45,
2.02E+11,9,3,2024,15:20,1,68,68166,2,1,1,7,NOYER (RUE DU),47,
2.02E+11,12,3,2024,13:40,1,67,67482,2,8,8,6,RACINE (AVENUE),48,
2.02E+11,28,6,2024,8:35,1,83,83123,2,1,1,3,GARE (ROUTE),43,
2.02E+11,27,6,2024,17:50,1,80,80021,2,1,1,6,Allée Eugène Varlin,49,
2.02E+11,13,3,2024,14:00,1,64,64445,2,2,1,3,JEAN JAURES,43,
2.02E+11,30,6,2024,16:00,1,80,80021,2,1,1,6,Rue de l'Abbé Hénocque,49,
2.02E+11,12,3,2024,8:35,1,64,64445,2,1,1,6,ORLEANS D',43,
2.02E+11,1,7,2024,21:55,2,78,78643,2,3,1,1,EUROPE BD DE L',48,
2.02E+11,11,3,2024,13:45,1,64,64284,2,1,3,2,N/A,43,
2.02E+11,1,7,2024,7:15,1,76,76681,1,1,1,2,Boulevard Industriel,49,
2.02E+11,13,3,2024,12:40,1,63,63113,2,3,1,6,Clémenceau/Malfreyt,45,
2.02E+11,13,3,2024,10:55,1,63,63113,2,1,1,3,JULIEN (AVENUE),45,
2.02E+11,28,6,2024,18:00,1,76,76351,2,1,1,6,MONT GAILLARD (ALLEE DU),49,
2.02E+11,12,3,2024,8:41,1,49,49007,2,1,1,2,LEBASQUE,47,
2.02E+11,12,3,2024,19:45,5,49,49007,2,1,1,6,CAMUS,47,
2.02E+11,28,6,2024,15:25,1,76,76351,2,3,1,6,Rue Aristide Briand,49,
2.02E+11,13,3,2024,8:00,1,45,45285,2,1,1,6,Avenue Pierre Mendès France,47,
2.02E+11,30,6,2024,19:45,1,72,72181,2,1,1,1,CORDELET LOUIS ( AV),48,
2.02E+11,27,6,2024,17:20,1,71,71153,2,3,1,3,ALBERT 1ER (RUE),46,
2.02E+11,13,3,2024,21:35,5,45,45068,2,3,1,3,76 Avenue du Général Leclerc,48,
2.02E+11,1,7,2024,21:00,1,69,69266,2,1,1,2,Cours Tolstoï,45,
2.02E+11,13,3,2024,17:50,1,44,44109,2,2,1,1,14 Rue Romain Rolland,47,
2.02E+11,27,6,2024,10:10,1,69,69286,2,1,1,6,Rue du Capitaine Julien,45,
2.02E+11,13,3,2024,13:00,1,43,43041,2,1,1,3,54 Avenue Charles Dupuy,45,
2.02E+11,13,3,2024,19:40,3,42,42127,2,1,1,2,Rue des Glycines,46,
2.02E+11,1,7,2024,21:00,2,69,69290,2,5,1,3,Boulevard de la Porte des Alpes,45,
2.02E+11,10,3,2024,14:20,1,38,38318,2,1,1,6,LOUIS LEYDIER(RUE),45,
2.02E+11,30,6,2024,13:35,1,64,64445,2,3,8,3,SARAGOSSE DE,43,
2.02E+11,12,3,2024,8:00,1,35,35281,2,1,2,6,FUSILLES (RUE DES 25),48,
2.02E+11,29,6,2024,21:05,1,60,60175,2,1,1,7,Rue Henri Bergson,49,
2.02E+11,13,3,2024,18:10,1,33,33069,2,1,1,3,N/A,44,
2.02E+11,22,6,2024,3:35,5,59,59350,2,1,1,6,Rue de La Louvière,50,
2.02E+11,13,3,2024,10:30,1,33,33069,2,2,1,3,N/A,44,
2.02E+11,30,6,2024,11:20,1,57,57508,2,1,1,6,FOCH (RUE),49,
2.02E+11,13,3,2024,14:20,1,31,31555,1,9,1,4,980.3 PLAISANCE (ROCADE ARC EN CIEL),43,
2.02E+11,29,6,2024,12:30,1,57,57672,2,1,1,5,REPUBLIQUE (PLACE DE LA),49,
2.02E+11,13,3,2024,8:46,1,31,31069,2,1,1,3,VELASQUEZ (RUE),43,
2.02E+11,1,7,2024,14:59,1,56,56098,2,8,1,6,Avenue Pablo Néruda,47,
2.02E+11,7,3,2024,17:50,1,31,31555,2,3,1,3,ETATS UNIS (AV DES) DU 1AU 281,43,
2.02E+11,22,6,2024,20:30,1,52,52534,2,9,1,1,SAINT DIZIER (ROUTE DE),48,
2.02E+11,13,3,2024,13:30,1,29,29232,2,1,1,3,Avenue Pierre Mendes-France,47,
2.02E+11,30,6,2024,11:47,1,51,51055,2,1,1,3,PRIMEVERES (ALLEE),49,
2.02E+11,13,3,2024,8:20,1,27,27681,1,4,1,3,DE LATTRE DE TASSIGNY (AVENUE DU MAL),49,
2.02E+11,28,6,2024,14:20,1,50,50129,2,1,1,4,PAIX (RUE DE LA),49,
2.02E+11,13,3,2024,17:00,1,18,18213,2,3,1,7,Route de la Charité,47,
2.02E+11,1,7,2024,10:30,1,49,49099,2,4,1,6,LORRAINE (RUE DE),47,
2.02E+11,12,3,2024,19:54,5,14,14333,2,1,1,7,Avenue du Canteloup,49,
2.02E+11,13,3,2024,23:20,5,13,13208,2,1,1,1,ANDRE ZENATTI (AVENUE),43,
2.02E+11,1,7,2024,10:40,1,45,45234,2,9,1,2,20bis Rue de la Tour Neuve,47,
2.02E+11,13,3,2024,17:00,1,13,13005,2,3,1,3,PAGNOL (AVENUE MARCEL),43,
2.02E+11,29,6,2024,15:55,1,40,40192,1,1,1,5,ROCADE EST (RD 932 E),43,
2.02E+11,13,3,2024,16:00,1,11,11069,2,1,1,3,11 Rue du Moulin de la Seigne,43,
2.02E+11,29,6,2024,23:20,5,38,38185,2,1,1,6,REYNOARD (AV. M.),45,
2.02E+11,10,3,2024,21:45,5,10,10387,2,1,1,7,NOES (RUE DES),48,
2.02E+11,10,3,2024,18:10,2,7,7019,1,1,4,1,D 104 (DEVIATION ST PRIVAS),44,
2.02E+11,1,7,2024,6:00,2,34,34129,1,1,1,2,PALAVAS D986 (ROUTE DE),43,
2.02E+11,13,3,2024,13:30,1,6,6088,2,1,1,6,Promenade des Anglais,43,
2.02E+11,30,6,2024,1:45,5,34,34172,2,1,1,1,FAUBOURG FIGUEROLLES (RUE DU),43,
2.02E+11,13,3,2024,10:22,1,6,6088,2,1,1,6,Rue Gioffrédo,43,
2.02E+11,13,3,2024,7:50,1,75,75112,2,1,1,3,BD PERIPHERIQUE EXTERIEUR,48,
2.02E+11,1,7,2024,20:20,1,33,33063,1,3,8,3,N/A,44,
2.02E+11,11,3,2024,16:40,1,75,75117,2,1,2,2,BD PERIPHERIQUE INTERIEUR,48,
2.02E+11,30,6,2024,22:05,5,33,33063,2,3,1,3,N/A,44,
2.02E+11,13,3,2024,10:53,1,75,75108,2,2,1,3,AVENUE HOCHE,48,
2.02E+11,30,6,2024,15:35,1,33,33069,2,3,1,3,N/A,44,
2.02E+11,12,3,2024,18:59,1,75,75107,2,2,8,3,AVENUE DE LA MOTTE PICQUET,48,
2.02E+11,28,6,2024,17:27,1,30,30189,2,1,1,5,ALLENDE SALVADOR (RUE),43,
2.02E+11,12,3,2024,18:00,1,75,75105,2,2,1,3,PONT SAINT MICHEL,48,
2.02E+11,29,6,2024,5:20,1,28,28404,2,4,1,6,CRECY (ROUTE DE),48,
2.02E+11,13,3,2024,16:30,1,75,75118,2,2,1,6,RUE DES POISSONNIERS,48,
2.02E+11,1,7,2024,15:35,1,27,27229,2,1,1,6,YSER (RUE DE L'),49,
2.02E+11,13,3,2024,13:20,1,75,75118,2,1,1,2,AVENUE DE LA PORTE DE CLIGNANCOURT,48,
2.02E+11,30,6,2024,22:55,5,27,27229,2,1,1,1,DUPONT DE L'EURE (PLACE),49,
2.02E+11,12,3,2024,17:10,1,75,75115,2,2,2,3,QUAI D ISSY LES MOULINEAUX,48,
2.02E+11,1,7,2024,21:10,1,26,26362,2,1,1,3,Boulevard Winston Churchill,44,
2.02E+11,1,7,2024,10:06,1,14,14333,2,9,1,2,1 Rue du Calvados,49,
2.02E+11,1,7,2024,20:00,1,13,13106,2,1,1,1,ROUGIERE (CHEMIN DE LA),43,
2.02E+11,1,7,2024,11:40,1,13,13106,2,9,1,1,DIDIER TRAMONI (BOULEVARD),43,
2.02E+11,1,7,2024,18:50,1,13,13213,2,4,1,6,ALBERT EINSTEIN (RUE),43,
2.02E+11,1,7,2024,6:53,1,13,13203,2,1,1,3,GIBRALTAR (TRAVERSE),43,
2.02E+11,1,7,2024,20:20,1,13,13047,1,1,1,3,TRANSHUMANCE ROND POINT DE LA,43,
2.02E+11,22,6,2024,2:30,3,11,11262,1,9,1,6,Chemin des Vallons,43,
2.02E+11,28,6,2024,8:35,1,2,2243,2,6,1,2,29 Avenue du Général Patton,49,
2.02E+11,30,6,2024,5:20,1,75,75115,2,1,1,2,BD PERIPHERIQUE INTERIEUR,48,
2.02E+11,1,7,2024,18:31,1,75,75105,2,2,1,3,BOULEVARD SAINT GERMAIN,48,
2.02E+11,1,7,2024,14:25,1,75,75105,2,3,1,1,BOULEVARD SAINT MICHEL,48,
2.02E+11,1,7,2024,9:25,1,75,75105,2,3,1,3,RUE GAY LUSSAC,48,
2.02E+11,1,7,2024,22:45,5,75,75119,2,1,1,3,AVENUE JEAN JAURES,48,
2.02E+11,1,7,2024,19:40,1,75,75119,2,1,1,6,RUE MANIN,48,
2.02E+11,1,7,2024,17:40,1,75,75119,2,1,1,7,AVENUE JEAN JAURES,48,
2.02E+11,1,7,2024,22:30,5,75,75117,2,1,1,7,AVENUE DE LA GRANDE ARMEE,48,
2.02E+11,24,8,2024,19:50,3,57,57041,1,1,3,2,Autoroute A30,49,
2.02E+11,18,11,2024,5:27,1,987,98735,2,1,1,2,PRINCE HINOI (AVENUE),-17,
2.02E+11,1,7,2024,14:20,1,75,75114,2,1,1,3,BOULEVARD JOURDAN,48,
2.02E+11,21,11,2024,23:40,3,974,97416,1,1,3,2,RN1 (ROUTE NATIONALE),-21,
2.02E+11,1,7,2024,19:15,1,75,75111,2,2,1,3,AVENUE PARMENTIER,48,
2.02E+11,21,11,2024,13:45,1,974,97416,1,1,3,6,RN3 (1),-21,
2.02E+11,1,7,2024,11:35,1,75,75111,2,3,1,3,RUE DE LA ROQUETTE,48,
2.02E+11,21,11,2024,19:16,5,974,97411,2,1,1,3,JAURES (BOULEVARD JEAN),-20,
2.02E+11,1,7,2024,13:00,1,75,75104,2,3,8,3,QUAI DE L HOTEL DE VILLE,48,
2.02E+11,21,11,2024,17:55,1,974,97411,2,6,1,2,JAURES (BOULEVARD JEAN),-20,
2.02E+11,30,6,2024,21:35,5,75,75101,2,2,1,1,RUE DU LOUVRE,48,
2.02E+11,21,11,2024,12:10,1,972,97213,1,1,2,3,Z I LES MANGLES,14,
2.02E+11,21,11,2024,14:52,1,69,69385,2,3,2,3,Pont Bonaparte,45,
2.02E+11,1,7,2024,21:19,2,94,94078,2,2,1,5,Avenue Carnot,48,
2.02E+11,20,11,2024,12:45,1,69,69384,2,3,1,6,Rue Henri Chevalier,45,
2.02E+11,21,11,2024,8:00,1,971,97101,2,1,1,7,BOULEVARD DES HEROS,16,
2.02E+11,21,11,2024,5:25,5,2A,2A004,2,1,6,6,#GEORGES POMPIDOU AVENUE#,41,
2.02E+11,20,11,2024,9:55,1,95,95607,2,7,1,6,D106,49,
2.02E+11,21,11,2024,17:30,5,91,91514,2,1,4,1,RUE COMBS LA VILLE,48,
2.02E+11,20,11,2024,7:20,4,91,91114,2,1,9,6,RUE TALMA,48,
2.02E+11,21,11,2024,12:10,1,87,87085,2,1,3,6,LATTRE-DE-TASSIGNY (AVENUE DU MARECHAL),45,
2.02E+11,21,11,2024,8:30,1,87,87085,2,1,2,4,N/A,45,
2.02E+11,20,11,2024,13:00,1,84,84007,2,3,1,2,AERODROME  (ROUTE DE L') MFT,43,
2.02E+11,21,11,2024,8:55,1,83,83069,2,1,1,6,GALLIENI (RUE MARECHAL),43,
2.02E+11,21,11,2024,2:30,3,80,80725,1,1,9,7,GOLF (AVENUE DU),49,
2.02E+11,21,11,2024,21:30,3,77,77462,1,1,4,6,ROUTE NATIONALE 2,49,
2.02E+11,20,11,2024,23:50,5,77,77307,2,2,1,1,D934,48,
2.02E+11,20,11,2024,18:30,5,77,77464,2,1,1,6,GARE (RUE DE  LA),48,
2.02E+11,20,11,2024,11:00,1,76,76305,2,3,1,3,CAMP DOLENT (AVENUE),49,
2.02E+11,21,11,2024,11:40,1,72,72181,2,1,4,2,PATTON GENERAL RTE BAUGE A CHEMIN RONDE,48,
2.02E+11,21,11,2024,15:00,1,69,69092,2,1,2,6,Avenue du Beaujolais,45,
2.02E+11,20,11,2024,10:30,1,69,69290,2,2,3,3,Route de Lyon,45,
2.02E+11,21,11,2024,18:18,5,68,68224,2,1,4,6,STALINGRAD (RUE DE),47,
2.02E+11,21,11,2024,19:15,5,66,66136,2,1,1,6,PALALDA (DE),42,
2.02E+11,21,11,2024,8:22,1,66,66136,1,9,1,3,PALAIS-DES-EXPO (AVENUE DU),42,
2.02E+11,21,11,2024,7:40,2,66,66136,2,3,2,3,Bd KOENING,42,
2.02E+11,20,11,2024,18:35,5,64,64269,2,1,2,6,PEYREBLANQUE DE,43,
2.02E+11,20,11,2024,18:36,5,64,64024,2,9,3,4,BAB (BOULEVARD DU),43,
2.02E+11,21,11,2024,20:05,3,63,63113,1,1,6,6,BEAULIEU (CHEMIN DE),45,
2.02E+11,21,11,2024,10:40,1,63,63075,2,1,2,6,BERTHELOT (BOULEVARD),45,
2.02E+11,20,11,2024,12:10,1,61,61006,2,1,1,1,D158,48,
2.02E+11,21,11,2024,11:19,1,59,59339,1,1,1,6,Avenue de l'Europe,50,
2.02E+11,20,11,2024,15:00,1,59,59560,2,1,1,6,Boulevard Joseph Hentges,50,
2.02E+11,20,11,2024,17:55,5,58,58194,2,6,1,3,GEORGES POMPIDOU (ROND POINT),47,
2.02E+11,20,11,2024,10:38,1,57,57491,2,1,7,6,THOREZ (AVENUE MAURICE),49,
2.02E+11,17,11,2024,18:00,3,56,56162,1,1,1,5,Kervéhennec,47,
2.02E+11,19,11,2024,18:20,5,49,49328,2,6,1,2,RESISTANCE (PLACE DE LA),47,
2.02E+11,20,11,2024,18:50,2,49,49007,2,2,2,1,CHATEAU D'ORGEMONT RUE ET SQU,47,
2.02E+11,20,11,2024,13:50,1,47,47001,2,1,2,2,GAMBETTA (COURS),44,
2.02E+11,20,11,2024,17:40,5,46,46042,1,3,3,3,départementale 27,44,
2.02E+11,21,11,2024,12:50,1,45,45169,2,6,2,3,Avenue Georges Pompidou,47,
2.02E+11,21,11,2024,18:25,5,45,45208,2,1,4,6,D943 PR 0 + 20,48,
2.02E+11,17,11,2024,18:55,3,44,44172,2,1,1,4,N/A,47,
2.02E+11,20,11,2024,17:16,2,42,42270,2,1,2,1,Route des Gorges,45,
2.02E+11,21,11,2024,17:39,3,38,38151,2,9,8,6,AVENUE DE LA RÉPUBLIQUE,45,
2.02E+11,21,11,2024,9:20,1,37,37261,2,2,4,6,GRAMMONT (AVENUE DE),47,
2.02E+11,21,11,2024,10:10,1,37,37261,2,6,4,7,GANCE (BOULEVARD ABEL),47,
2.02E+11,21,11,2024,8:20,2,37,37261,2,1,4,6,FUYE( RUE DE LE ),47,
2.02E+11,20,11,2024,16:07,1,35,35238,2,2,1,6,LORIENT (DE),48,
2.02E+11,21,11,2024,13:00,1,34,34172,2,3,2,1,ANGLADA (RUE DU PROFESSEUR JOSEPH),43,
2.02E+11,20,11,2024,16:10,1,34,34172,2,1,1,1,FIGAIRASSE (RUE DE LA),43,
2.02E+11,21,11,2024,15:25,1,32,32013,2,9,8,6,HUIT MAI,43,
2.02E+11,21,11,2024,16:40,1,31,31149,2,1,1,3,ALLEE ARISTIDE MAILLOL,43,
2.02E+11,20,11,2024,21:38,5,29,29232,2,1,1,2,Rue Aristide Briand,47,
2.02E+11,21,11,2024,8:23,4,29,29232,2,1,3,6,Chemin des Justices,47,
2.02E+11,21,11,2024,5:40,5,29,29019,2,1,6,3,chemin de Kereseis,48,
2.02E+11,20,11,2024,20:10,5,29,29019,2,1,1,6,530 avenue de Tallinn,48,
2.02E+11,21,11,2024,11:30,1,27,27681,2,3,4,6,ANCIENNE HALLE (PLACE DE L'),49,
2.02E+11,21,11,2024,10:00,1,15,15014,2,1,3,3,RD 120,44,
2.02E+11,21,11,2024,17:45,5,13,13202,2,1,2,3,LAZARET (QUAI DU),43,
2.02E+11,20,11,2024,16:30,1,10,10333,2,6,1,6,Rue Ober Ramstadt,48,
2.02E+11,20,11,2024,11:30,1,10,10387,2,2,1,6,JULES GUESDE (RUE),48,
2.02E+11,20,11,2024,8:34,1,10,10321,2,1,7,6,GENERAL LECLERC (RUE DU),48,
2.02E+11,21,11,2024,7:10,2,7,7281,1,9,1,3,GRAND BOIS (CH. DU [PL. DE LA COMMUNE)],44,
2.02E+11,21,11,2024,8:25,1,6,6069,2,1,1,6,11 Boulevard Carnot,43,
2.02E+11,21,11,2024,19:20,5,75,75105,2,2,4,6,RUE MONGE,48,
2.02E+11,21,11,2024,10:28,1,75,75119,2,1,4,6,RUE DU PRE SAINT GERVAIS,48,
2.02E+11,21,11,2024,17:40,4,75,75116,2,1,4,6,AVENUE RAPHAEL,48,
2.02E+11,21,11,2024,11:30,1,75,75116,2,2,4,6,BOULEVARD EXELMANS,48,
2.02E+11,21,11,2024,4:20,5,75,75117,2,7,1,2,PLACE DU MARECHAL JUIN,48,
2.02E+11,20,11,2024,18:00,5,75,75115,2,3,2,6,RUE SAINT CHARLES,48,
2.02E+11,21,11,2024,11:10,1,75,75113,2,3,4,6,AVENUE D ITALIE,48,
2.02E+11,21,11,2024,0:40,5,75,75112,2,1,1,1,BOULEVARD PONIATOWSKI,48,
2.02E+11,21,11,2024,9:10,1,75,75109,2,2,1,3,PLACE DU HAVRE,48,
2.02E+11,20,11,2024,16:30,5,75,75109,2,3,1,3,BOULEVARD DE LA MADELEINE,48,
2.02E+11,21,11,2024,21:47,5,75,75103,2,2,8,6,RUE SAINT MARTIN,48,
2.02E+11,21,11,2024,1:05,5,75,75102,2,4,1,7,RUE MONTMARTRE,48,
2.02E+11,21,11,2024,17:50,5,94,94080,2,1,4,6,Boulevard de la Libération,48,
2.02E+11,20,11,2024,14:00,1,94,94046,2,2,1,3,Avenue Georges Clemenceau,48,
2.02E+11,21,11,2024,9:45,1,94,94033,2,1,4,6,34 Rue Roger Salengro,48,
2.02E+11,20,11,2024,8:55,1,94,94079,2,1,1,1,Boulevard Jean Monnet,48,
2.02E+11,21,11,2024,15:00,1,77,77291,1,1,4,2,CHAPIT RE ( RUE DU),49,
2.02E+11,21,11,2024,19:45,5,93,93062,2,1,9,2,RESISTANCE (AVENUE DE LA),48,
2.02E+11,21,11,2024,9:45,1,93,93062,2,1,4,2,MIDI (BOULEVARD DU),48,
2.02E+11,21,11,2024,17:45,5,93,93064,2,1,4,6,ANCIENS COMBATTANTS D'AFN (RUE DES),48,
2.02E+11,21,11,2024,10:10,1,93,93008,2,1,4,3,BARBUSSE (AVENUE HENRI) A30,48,
2.02E+11,21,11,2024,9:30,1,93,93005,2,1,1,6,JACQUES DUCLOS [CD44] (RUE),48,
2.02E+11,21,11,2024,0:50,5,92,92046,2,3,1,3,PIERRE BROSSOLETTE (AVENUE),48,
2.02E+11,21,11,2024,6:25,5,92,92062,2,2,1,3,JAURES (RUE JEAN) DU 114 AU 2,48,
2.02E+11,21,11,2024,10:50,2,92,92040,2,1,4,2,ARISTIDE BRIAND,48,
2.02E+11,21,11,2024,8:10,2,92,92025,2,2,8,6,GABRIEL PERI (RUE),48,
2.02E+11,20,11,2024,19:45,5,92,92023,2,3,2,3,PORTE DE TRIVAUX (RUE DE) N°57 A 197 ET,48,
2.02E+11,21,11,2024,12:12,1,92,92012,2,2,4,3,GALLIENI (RUE) 159/FIN,48,
2.02E+11,21,11,2024,14:40,1,92,92014,2,3,4,3,GENERAL LECLERC (AV.) (57 A 135 - 50 A 1,48,
2.02E+11,20,11,2024,18:45,3,26,26077,1,1,1,3,Route des Dauphins,45,
2.02E+11,18,11,2024,17:10,2,83,83136,1,1,1,6,Route de Lorgues,43,
2.02E+11,20,11,2024,18:45,5,6,6149,2,3,1,3,2 Boulevard Général de Gaulle,43,
2.02E+11,21,11,2024,16:10,1,2,2776,1,1,1,7,A26,50,
2.02E+11,21,11,2024,21:40,3,972,97221,2,6,1,3,RD 7 Giratoire sens Rivière-Salée/ Les Trois Ilets,14,
2.02E+11,21,11,2024,15:10,1,63,63035,1,1,3,7,D 122,45,
2.02E+11,21,11,2024,19:45,3,38,38194,1,1,8,2,D519,45,
2.02E+11,21,11,2024,1:10,3,6,6025,1,1,1,6,2000 Route de Sainte-Marguerite,43,
2.02E+11,19,11,2024,13:35,1,79,79136,1,1,5,7,N/A,46,
2.02E+11,21,11,2024,12:50,1,21,21478,1,1,4,5,D10,47,
2.02E+11,21,11,2024,20:35,3,77,77240,1,1,8,1,D934,48,
2.02E+11,21,11,2024,18:00,3,51,51569,1,1,1,1,Thillois,49,
2.02E+11,22,11,2024,18:35,3,51,51303,2,8,1,7,D37,49,
2.02E+11,22,11,2024,18:55,3,56,56117,2,1,1,6,Place Anne de Bretagne,47,
2.02E+11,21,11,2024,13:20,1,76,76240,1,1,4,6,Route du Havre,49,
2.02E+11,21,11,2024,19:14,5,82,82037,2,4,6,6,Avenue de Molières,44,
2.02E+11,14,11,2024,19:15,5,33,33138,1,3,1,4,N/A,45,
2.02E+11,21,11,2024,18:35,5,11,11397,2,1,2,6,N/A,43,
2.02E+11,22,11,2024,7:35,2,49,49003,2,1,1,6,Route de Doué,47,
2.02E+11,21,11,2024,17:50,3,68,68374,1,1,4,3,Route départementale 17 PK 25+500,48,
2.02E+11,19,11,2024,17:45,5,44,44069,2,6,3,3,Route de Saint-André-des-Eaux,47,
2.02E+11,21,11,2024,8:10,2,44,44058,1,1,2,6,La Fromiere,47,
2.02E+11,21,11,2024,16:10,2,29,29072,2,3,7,3,Avenue de la République,47,
2.02E+11,21,11,2024,8:35,1,1,1134,1,6,8,6,D933,46,
2.02E+11,21,11,2024,13:50,1,6,6079,2,1,1,6,1216 Avenue du Général Garbay,43,
2.02E+11,20,11,2024,23:40,3,90,90009,1,1,1,6,RD 57 PK 2+900,47,
2.02E+11,22,11,2024,12:20,1,60,60068,2,1,1,6,62 Rue Albert Bocque,49,
2.02E+11,28,1,2024,17:00,1,73,73184,1,1,1,2,D921 route du lac,45,
2.02E+11,21,11,2024,20:15,3,36,36016,1,1,6,6,N/A,46,
2.02E+11,21,11,2024,16:30,1,53,53162,1,1,4,1,Les Maillardieres,48,
2.02E+11,20,4,2024,0:01,5,92,92012,2,1,1,2,DENFERT ROCHEREAU (RUE),48,
2.02E+11,22,11,2024,7:50,5,85,85084,2,1,8,6,Rue de l'industrie,46,
2.02E+11,20,4,2024,13:30,1,92,92007,2,1,1,6,PASTEUR (AVENUE LOUIS) N° 1 A 39 ET 2 A,48,
2.02E+11,21,11,2024,19:15,3,87,87057,1,1,6,6,D61,46,
2.02E+11,20,4,2024,14:50,1,92,92004,2,1,1,3,COLOMBES ( RUE DE 31 A ),48,
2.02E+11,21,11,2024,17:50,2,30,30249,1,1,1,6,D40a,43,
2.02E+11,20,4,2024,15:05,1,34,34322,1,3,1,5,pk 0 D17e5,43,
2.02E+11,21,11,2024,19:41,3,10,10003,1,1,4,6,Autoroute A5,48,
2.02E+11,21,4,2024,15:48,1,22,22209,2,1,1,7,3 rue de la Paténais,48,
2.02E+11,18,4,2024,9:05,1,36,36228,1,4,1,3,N/A,47,
2.02E+11,22,11,2024,12:15,1,76,76305,1,1,4,3,A131 PK.031.400,49,
2.02E+11,20,4,2024,2:00,3,988,98810,1,1,1,7,Ouéholle (Tribu),-20,
2.02E+11,21,4,2024,16:15,1,28,28196,1,1,1,6,Autoroute A11,48,
2.02E+11,22,11,2024,8:30,1,6,6084,1,6,1,3,654 Route de la Roquette,43,
2.02E+11,21,4,2024,5:00,3,974,97422,1,1,1,6,Rue Charles Baudelaire,-21,
2.02E+11,22,11,2024,19:45,3,69,69102,1,9,8,3,Autoroute 89,45,
2.02E+11,21,4,2024,4:45,4,974,97412,2,1,1,6,Rue Charles Baudelaire,-21,
2.02E+11,19,11,2024,10:15,1,987,98715,2,9,1,3,PK 4.500,-17,
2.02E+11,21,4,2024,11:10,1,64,64396,1,3,1,3,induslacq,43,
2.02E+11,20,4,2024,16:40,1,86,86236,1,1,1,7,D2,46,
2.02E+11,22,11,2024,6:00,3,6,6155,1,1,1,5,A8 - PK 169.900 chaussée sud,43,
2.02E+11,20,4,2024,20:00,1,86,86165,2,6,1,6,Route de Lussac,46,
2.02E+11,21,11,2024,18:25,3,21,21347,1,1,8,4,A6,46,
2.02E+11,21,4,2024,17:10,1,71,71303,1,2,7,5,D23,46,
2.02E+11,20,4,2024,16:20,1,62,62390,2,1,1,3,D940,50,
2.02E+11,22,11,2024,3:40,3,45,45169,1,1,4,3,A10 PR 102 + 280,47,
2.02E+11,22,11,2024,0:05,3,45,45062,1,1,4,4,A10 PR 89 + 225,47,
2.02E+11,20,4,2024,12:30,1,44,44217,1,1,1,4,N/A,47,
2.02E+11,21,11,2024,20:05,5,971,97103,1,1,1,3,N Rn 1 à Morne Bernard,16,
2.02E+11,20,4,2024,17:30,1,32,32123,1,1,1,1,D253,43,
2.02E+11,22,11,2024,19:45,3,60,60631,1,1,8,6,N/A,49,
2.02E+11,21,4,2024,12:40,1,11,11436,1,1,1,6,D611a,43,
2.02E+11,17,11,2024,3:45,3,62,62829,1,1,2,2,A1,50,
2.02E+11,20,4,2024,18:30,1,11,11116,1,1,1,6,Chemin d'Aubian,43,
2.02E+11,21,11,2024,18:30,3,987,98724,1,1,1,7,District de Maroe - Huahine Iti,-16,
2.02E+11,11,4,2024,17:40,1,71,71064,1,2,1,1,D972,46,
2.02E+11,20,4,2024,23:40,3,89,89446,2,1,1,7,Route de Clamecy,47,
2.02E+11,22,11,2024,12:05,1,55,55184,1,4,4,6,D36,48,
2.02E+11,20,4,2024,1:19,3,55,55502,2,1,1,7,Avenue du 18e B.C.P. (Pont),49,
2.02E+11,22,11,2024,17:19,5,54,54432,2,3,1,6,2 rue de lorraine,48,
2.02E+11,24,3,2024,22:20,3,41,41185,1,1,1,7,915 Route de Selles,47,
2.02E+11,21,11,2024,11:34,1,73,73329,1,1,8,1,D1504 Route du Bourget,45,
2.02E+11,20,4,2024,20:15,1,86,86293,1,1,1,7,D4,46,
2.02E+11,21,11,2024,11:35,1,27,27279,2,9,4,6,Route de Fourges,49,
2.02E+11,20,4,2024,15:10,1,34,34228,1,1,1,7,D907 PK 41+900,43,
2.02E+11,22,11,2024,15:25,1,2,2495,2,1,4,7,Rue Neuve,49,
2.02E+11,21,4,2024,9:15,1,39,39013,1,1,2,6,N/A,46,
2.02E+11,18,11,2024,8:35,1,59,59412,2,1,2,7,1 Rue de Solesmes,50,
2.02E+11,22,11,2024,15:25,1,59,59523,2,1,1,6,Rue du President de Gaulle,50,
2.02E+11,21,4,2024,5:15,3,39,39327,1,1,8,6,N/A,46,
2.02E+11,21,11,2024,18:15,3,83,83090,1,1,8,2,A50,43,
2.02E+11,21,4,2024,7:40,1,25,25524,1,1,2,1,D257,47,
2.02E+11,20,11,2024,12:40,1,78,78423,1,1,1,2,A12 Y,48,
2.02E+11,19,4,2024,7:42,1,38,38511,2,1,1,6,Rue de la Priola,45,
2.02E+11,20,11,2024,6:49,5,78,78118,1,1,1,4,A13,48,
2.02E+11,19,4,2024,12:20,1,3,3052,1,3,1,2,RD39,46,