Num_Acc,jour,mois,an,hrmn,lum,dep,com,agg,int,atm,col,adr,lat,long
2.02E+11,26,12,2024,12:27,1,92,92024,2,1,1,2,GENERAL ROGUET (RUE DU) DE (1 A 57)   (2,48,
2.02E+11,19,4,2024,21:30,5,94,94017,2,2,2,3,Rue Louis Talamoni / Rue Albert Thomas,48,
2.02E+11,2,2,2024,5:45,3,79,79066,1,6,1,7,N/A,46,
2.02E+11,19,5,2024,14:57,1,38,38487,2,1,1,3,BON ACCUEIL(MONTEE),45,
2.02E+11,26,12,2024,19:00,5,92,92023,2,3,1,6,PORTE DE TRIVAUX (RUE DE) N°57 A 197 ET,48,
2.02E+11,2,2,2024,8:50,1,2B,2B319,1,1,1,5,T10,42,
2.02E+11,13,5,2024,4:45,3,38,38317,1,1,1,2,A 480,45,
2.02E+11,25,12,2024,17:50,5,92,92023,2,1,1,6,JEAN BAPTISTE CLEMENT (AVENUE),48,
2.02E+11,2,2,2024,12:44,1,33,33424,1,1,1,7,les Trois Lagunes,45,
2.02E+11,18,4,2024,12:35,1,94,94002,2,3,1,4,Quai Blanqui / Rue du Confluent,48,
2.02E+11,5,9,2024,8:30,2,44,44162,2,1,1,6,82 Rue de la Gare,47,
2.02E+11,24,12,2024,8:15,2,47,47164,1,1,5,1,Route d'Issigeac,44,
2.02E+11,2,2,2024,11:50,1,71,71340,1,1,1,1,RN 70,46,
2.02E+11,19,4,2024,8:40,1,93,93078,2,2,1,1,Centre Commercial Beau Sevran,48,
2.02E+11,29,6,2024,18:30,1,66,66136,2,1,1,3,Rue Madame Marie de Sévigné,42,
2.02E+11,29,1,2024,16:30,1,71,71316,1,1,1,6,route de vicelaire,46,
2.02E+11,23,12,2024,18:20,5,83,83058,2,6,1,2,D557,43,
2.02E+11,19,4,2024,21:25,5,93,93072,2,1,9,1,Avenue du Colonel Rol-Tanguy,48,
2.02E+11,2,2,2024,20:30,5,63,63295,2,1,1,1,59 rue du commerce,46,
2.02E+11,28,6,2024,8:50,1,66,66136,2,3,1,3,PALMAROLE (COURS FRANCOIS),42,
2.02E+11,23,12,2024,10:50,1,84,84142,1,2,1,2,D31,43,
2.02E+11,1,2,2024,13:50,1,61,61474,1,1,2,7,Voie Communale,48,
2.02E+11,18,4,2024,9:45,1,93,93072,2,3,8,3,Boulevard Maxime Gorki / Rue Salvador Allende,48,
2.02E+11,4,9,2024,7:00,2,44,44109,2,6,1,6,6 Route de Paris,47,
2.02E+11,1,2,2024,18:10,3,46,46311,1,1,5,1,prentegarde,44,
2.02E+11,18,12,2024,7:30,2,42,42032,1,1,1,6,Route du Val Fleury,45,
2.02E+11,19,4,2024,13:00,1,93,93005,2,1,1,6,Avenue de Savigny,48,
2.02E+11,3,9,2024,18:30,1,44,44143,2,1,1,6,23 Rue de la Gabardière,47,
2.02E+11,1,2,2024,19:05,2,68,68240,2,1,1,2,Rue du Chemin de Fer (Oberdorf),47,
2.02E+11,19,4,2024,19:47,1,93,93070,2,5,2,3,Avenue Gabriel Péri / Rue Kléber,48,
2.02E+11,2,2,2024,1:30,3,25,25233,1,1,1,6,D461,47,
2.02E+11,3,9,2024,9:05,1,44,44162,2,6,1,3,Boulevard du Zenith,47,
2.02E+11,18,12,2024,10:30,1,83,83116,2,1,1,2,Route d?Esparron,43,
2.02E+11,26,1,2024,17:45,2,29,29192,1,1,7,6,Kerveuleugan,48,
2.02E+11,21,12,2024,20:20,5,83,83116,2,1,1,6,27 Rue Marceau,43,
2.02E+11,18,4,2024,19:30,1,93,93057,2,3,1,3,Allee d’Athenes / Avenue du Quatorze Juillet,48,
2.02E+11,3,9,2024,9:00,1,44,44114,1,1,1,2,N/A,47,
2.02E+11,26,1,2024,20:50,5,38,38431,2,1,1,7,Chemin de la Baratiere,45,
2.02E+11,18,4,2024,17:11,1,92,92048,2,2,1,6,PAVE DES GARDES (ROUTE DU),48,
2.02E+11,30,1,2024,16:15,1,1,1348,1,1,1,7,chemin de la passerelle de vannans,46,
2.02E+11,7,9,2024,15:04,1,93,93066,2,1,2,6,ARNOUVILLE,48,
2.02E+11,23,12,2024,9:00,1,19,19259,1,1,1,5,D1120,45,
2.02E+11,18,4,2024,8:55,1,92,92022,2,1,8,6,STALINGRAD (RUE DE),48,
2.02E+11,2,2,2024,8:10,1,66,66149,1,1,1,6,Route départementale 66,42,
2.02E+11,6,9,2024,15:30,1,81,81065,2,1,1,6,DE LAS CASES (RUE COMTE DE),43,
2.02E+11,23,12,2024,9:35,1,65,65161,1,1,8,1,N21,43,
2.02E+11,19,4,2024,19:00,1,92,92025,2,2,3,3,CHARLES DE GAULLE (BD),48,
2.02E+11,2,2,2024,10:44,1,54,54368,1,2,1,3,D992,48,
2.02E+11,2,9,2024,9:20,1,44,44109,2,6,1,3,18 Boulevard Michelet,47,
2.02E+11,25,12,2024,18:56,3,33,33144,1,1,5,6,N/A,44,
2.02E+11,19,4,2024,8:18,1,92,92024,2,3,1,2,MADAME DE SANZILLON (RUE),48,
2.02E+11,1,2,2024,17:34,1,50,50550,1,1,1,1,D433,49,
2.02E+11,30,5,2024,9:45,1,14,14036,1,1,1,7,A13,49,
2.02E+11,27,12,2024,12:50,1,61,61091,1,2,1,3,RD21,48,
2.02E+11,19,4,2024,13:40,1,92,92012,2,2,1,3,GALLIENI (RUE) 142/FIN,48,
2.02E+11,19,4,2024,8:20,1,92,92007,2,1,1,6,BRIAND (AVENUE ARISTIDE) N° 2 A 98,48,
2.02E+11,2,2,2024,12:30,1,50,50433,1,2,1,3,Route du Cap,49,
2.02E+11,11,7,2024,8:30,1,57,57647,2,3,1,3,FAMECK (RUE DE),49,
2.02E+11,26,12,2024,18:25,3,68,68060,1,1,5,6,D483,47,
2.02E+11,9,9,2024,8:20,1,974,97416,1,1,1,3,RN3 (3),-21,
2.02E+11,1,2,2024,16:30,1,60,60368,2,3,1,3,Rue du Martellois,49,
2.02E+11,19,4,2024,19:50,1,72,72243,1,9,1,6,lieu dit la croix jouis,47,
2.02E+11,27,12,2024,14:00,1,39,39013,2,1,1,6,22 Route de Besançon,46,
2.02E+11,26,12,2024,23:05,3,31,31455,1,1,1,7,D627,43,
2.02E+11,2,2,2024,15:50,1,64,64472,1,1,1,1,20 Route de Montardon,43,
2.02E+11,9,9,2024,18:05,2,974,97411,2,6,1,3,JAURES (BOULEVARD JEAN),-20,
2.02E+11,20,4,2024,16:35,1,59,59594,1,1,8,2,D169,50,
2.02E+11,2,2,2024,12:50,1,10,10107,1,1,1,1,N77,48,
2.02E+11,7,9,2024,20:00,5,974,97407,2,1,1,2,CARPAYE(AVENUE),-20,
2.02E+11,20,4,2024,11:58,1,14,14162,1,3,1,1,Le Campoint,48,
2.02E+11,2,2,2024,7:45,2,16,16120,1,1,8,1,D104,45,
2.02E+11,9,9,2024,4:08,4,973,97302,2,6,1,3,CHARLERY (GUSTAVE),4,
2.02E+11,27,12,2024,0:40,3,6,6108,2,1,1,1,462 Chemin du Pont Neuf,43,
2.02E+11,19,4,2024,19:45,1,86,86262,1,1,1,1,Lieu-dit la Chambue,46,
2.02E+11,1,2,2024,16:40,1,7,7172,1,1,1,1,D267,45,
2.02E+11,8,9,2024,20:17,5,973,97302,2,6,1,7,MADELEINE (ROUTE DE LA),4,
2.02E+11,25,1,2024,8:00,2,24,24520,2,3,1,6,AVENUE THIERS,44,
2.02E+11,26,12,2024,18:45,3,14,14762,1,4,5,7,Route de Tesson,48,
2.02E+11,20,4,2024,17:10,1,974,97422,1,1,9,3,Chemin Forestier du Volcan,-21,
2.02E+11,8,9,2024,11:20,1,973,97302,2,2,1,3,MOLE,4,
2.02E+11,2,2,2024,13:15,1,4,4049,2,1,1,6,Avenue du General de Gaulle,44,
2.02E+11,27,12,2024,16:10,1,90,90053,2,1,1,6,32 Rue General Leclerc,47,
2.02E+11,20,4,2024,9:30,1,67,67073,2,2,2,3,Route Romaine,48,
2.02E+11,9,9,2024,18:25,1,69,69388,2,3,9,6,Rue Professeur Beauvisage,45,
2.02E+11,1,2,2024,18:38,5,85,85108,2,1,1,3,5 Rue de grasla,46,
2.02E+11,26,12,2024,14:05,1,60,60509,2,1,1,1,Avenue d’Auvelais,49,
2.02E+11,27,8,2024,11:00,1,972,97209,2,1,1,6,REDOUTE (ROUTE DE LA),14,
2.02E+11,1,2,2024,15:00,1,27,27049,2,1,1,1,Rue de l'Ecole,48,
2.02E+11,20,12,2024,7:39,2,60,60541,2,1,5,6,D100,49,
2.02E+11,20,4,2024,9:10,1,974,97404,1,1,1,4,N1a,-21,
2.02E+11,8,9,2024,22:00,3,972,97209,1,1,3,7,RD 41 (ROCADE),14,
2.02E+11,9,9,2024,17:55,2,971,97120,2,1,1,6,FREBAULT,16,
2.02E+11,20,12,2024,14:00,1,60,60277,2,1,7,1,Rue des Mésanges,49,
2.02E+11,31,1,2024,16:09,1,28,28189,1,2,1,3,N154,48,
2.02E+11,19,4,2024,19:00,1,34,34123,1,1,1,5,N109,43,
2.02E+11,8,9,2024,5:20,2,971,97101,1,1,3,6,PATRICK SAINT ELOI ( AVENUE ),16,
2.02E+11,26,12,2024,21:10,3,10,10368,1,1,1,7,D619,48,
2.02E+11,16,3,2024,0:30,3,34,34123,1,1,1,6,N109 - Pk 007+100,43,
2.02E+11,1,2,2024,19:15,5,17,17434,2,3,2,1,Avenue de Saint Pierre,46,
2.02E+11,9,9,2024,21:30,5,95,95252,2,9,1,3,CHEMIN NEUF (RUE DU),48,
2.02E+11,26,12,2024,19:00,3,16,16360,1,1,5,6,D24,45,
2.02E+11,19,4,2024,6:00,3,37,37167,1,1,1,6,Autoroute A28 PK 033.580,47,
2.02E+11,27,12,2024,9:15,1,53,53147,2,1,1,6,250 Boulevard Jean Monnet,48,
2.02E+11,20,4,2024,17:04,1,19,19004,1,1,1,6,25 lieu-dit lachaud,45,
2.02E+11,1,2,2024,17:15,1,8,8184,1,1,1,6,D8043,49,
2.02E+11,5,9,2024,9:07,1,91,91477,2,2,3,3,GRANDE CEINTURE (BOULEVARD),48,
2.02E+11,2,2,2024,0:35,3,18,18279,1,1,5,6,N/A,47,
2.02E+11,23,12,2024,17:20,1,85,85202,1,1,1,1,l'ecole des chaffauds,46,
2.02E+11,19,4,2024,16:35,1,89,89464,1,3,8,3,D606,48,
2.02E+11,9,9,2024,0:10,3,91,91114,1,1,2,2,RTE NATIONALE 6,48,
2.02E+11,26,12,2024,10:55,1,69,69044,2,1,7,6,122 Route de Paris,45,
2.02E+11,30,1,2024,8:55,2,33,33527,1,1,1,2,N/A,44,
2.02E+11,19,4,2024,12:20,1,63,63064,1,1,1,1,D95,45,
2.02E+11,8,9,2024,17:14,1,87,87085,2,1,2,7,PLATON (RUE),45,
2.02E+11,27,12,2024,3:08,3,17,17463,1,1,5,4,D137,45,
2.02E+11,1,2,2024,7:15,1,974,97418,1,1,2,5,RN2 run market,-20,
2.02E+11,8,9,2024,15:07,1,87,87048,1,1,2,7,RD 11,45,
2.02E+11,19,4,2024,18:15,1,63,63397,2,2,1,6,rue du sancy / rue Simone Veil,45,
2.02E+11,27,12,2024,5:40,3,38,38332,1,1,1,1,D45,45,
2.02E+11,8,9,2024,12:05,1,87,87085,2,2,1,3,ALLENDE (QUAI SALVADOR),45,
2.02E+11,28,1,2024,20:15,5,971,97121,1,1,1,5,RD 23,,
2.02E+11,18,4,2024,16:45,1,61,61491,1,1,1,5,Nationale12,48,
2.02E+11,27,12,2024,0:10,3,27,27554,1,1,5,2,Autoroute A.13,49,
2.02E+11,20,4,2024,14:15,1,61,61369,1,1,1,6,D260,48,
2.02E+11,6,9,2024,17:38,1,87,87085,2,1,2,6,COOPERATEURS (RUE DES),45,
2.02E+11,2,2,2024,0:01,3,34,34145,2,1,1,6,Avenue du Marechal Leclerc,43,
2.02E+11,19,4,2024,13:00,1,42,42221,2,1,1,6,Route de St Étienne Le Molard,45,
2.02E+11,25,12,2024,19:30,5,987,98754,1,1,1,1,RT PK 30.300 C/Mer,-16,
2.02E+11,8,9,2024,1:10,5,85,85194,2,6,1,6,RD160,46,
2.02E+11,31,1,2024,12:05,1,13,13067,2,1,1,3,Avenue de la Victoire,43,
2.02E+11,27,12,2024,11:08,1,973,97304,1,1,1,7,RN1,5,
2.02E+11,20,4,2024,16:00,1,46,46138,1,1,1,6,D802,44,
2.02E+11,27,12,2024,9:29,2,77,77142,2,3,7,6,2 Rue du Marché,48,
2.02E+11,2,2,2024,8:10,2,52,52449,2,1,5,3,Route de Dijon,47,
2.02E+11,9,9,2024,14:45,1,83,83137,2,9,1,1,BRIAND (AVE ARISTIDE PROLONGEE),43,
2.02E+11,17,4,2024,18:30,1,47,47065,2,7,1,3,Place Viçoze,44,
2.02E+11,9,9,2024,8:45,1,83,83144,2,1,1,6,LUMIERE (AVE DES FRERES),43,
2.02E+11,17,4,2024,8:48,1,86,86293,1,1,1,6,N10,46,
2.02E+11,27,12,2024,16:10,1,78,78346,2,1,1,7,39 Rue de Mantes,48,
2.02E+11,1,2,2024,18:30,3,67,67033,1,9,2,4,pk 3 D1340e04,48,
2.02E+11,30,8,2024,8:30,1,83,83123,2,1,1,6,BANDOL (ROUTE)N° PAIRS,43,
2.02E+11,19,4,2024,19:30,1,44,44021,1,2,1,3,N/A,47,
2.02E+11,1,2,2024,16:50,1,73,73157,2,1,1,6,Rue jules ferry,45,
2.02E+11,25,12,2024,21:09,3,2B,2B140,1,1,1,1,rt20,42,
2.02E+11,9,9,2024,9:00,1,81,81018,2,1,2,7,BILLOUX ( AVENUE ANDRE ),43,
2.02E+11,2,2,2024,18:20,3,42,42174,1,1,1,6,Route de Villedieu,45,
2.02E+11,20,4,2024,12:00,1,29,29020,2,1,1,6,1t Rue Général de Gaulle,48,
2.02E+11,8,9,2024,19:10,2,80,80021,1,1,2,7,SAVEUSE (RUE DE),49,
2.02E+11,25,12,2024,16:50,3,2B,2B199,1,1,1,1,RT 30 OSTRICONI,42,
2.02E+11,1,2,2024,16:45,1,38,38562,2,1,1,6,Avenue Maurice Thorez,45,
2.02E+11,9,9,2024,20:00,1,78,78440,2,1,1,3,LOUIS BLERIOT (RUE),48,
2.02E+11,27,12,2024,15:35,1,34,34033,2,2,1,3,D610,43,
2.02E+11,31,1,2024,17:15,1,26,26084,1,3,1,5,Route de Châteauneuf,45,
2.02E+11,9,9,2024,15:05,1,78,78440,2,1,1,6,GUSTAVE RAVANNE (RUE),48,
2.02E+11,27,12,2024,7:50,2,34,34058,1,1,1,3,D68 PK2+317,43,
2.02E+11,2,2,2024,7:45,2,31,31135,2,3,1,1,Rue Jeanne Penent,43,
2.02E+11,9,9,2024,16:30,1,78,78208,2,1,2,3,PRAGUE (RUE DE),48,
2.02E+11,23,12,2024,14:45,1,83,83042,2,1,6,6,59 Rue Marceau,43,
2.02E+11,1,2,2024,13:40,1,16,16232,1,1,1,6,2 Route des Grottes,45,
2.02E+11,27,12,2024,10:00,1,57,57159,2,1,1,6,Route de BOULAY,49,
2.02E+11,2,2,2024,18:35,5,14,14530,1,6,1,3,Rue de la Libération,49,
2.02E+11,27,12,2024,16:30,1,73,73150,1,1,1,3,D224 Route de Belle Plagne,45,
2.02E+11,9,9,2024,13:50,1,77,77083,2,1,1,6,GENERAL DE  GAULLE (AVENUE DU),48,
2.02E+11,27,12,2024,16:20,1,73,73050,1,1,1,5,D1504 route du tunnel,45,
2.02E+11,9,9,2024,20:30,5,77,77389,1,9,8,4,GENERAL LECLERC(AVENUE DU),48,
2.02E+11,31,1,2024,20:50,3,83,83027,1,1,1,5,A50,43,
2.02E+11,26,12,2024,18:00,5,7,7042,2,1,1,3,Avenue du Maréchal Leclerc,44,
2.02E+11,1,2,2024,2:28,3,91,91553,1,9,1,6,RN 104,48,
2.02E+11,9,9,2024,5:00,5,77,77284,2,1,1,6,GARE,48,
2.02E+11,1,2,2024,5:40,5,92,92051,1,1,2,6,N13,48,
2.02E+11,27,12,2024,17:00,2,69,69094,2,1,1,6,Route de Bordeaux,45,
2.02E+11,7,9,2024,10:40,1,76,76351,2,1,2,1,RENE COTY,49,
2.02E+11,31,1,2024,18:55,3,78,78165,1,1,1,4,RN12 INT,48,
2.02E+11,8,9,2024,23:40,5,76,76351,2,1,1,6,JEAN JAURES (AVENUE),49,
2.02E+11,23,12,2024,13:40,1,69,69298,2,2,2,5,Route de Givors,45,
2.02E+11,31,1,2024,7:15,5,78,78362,1,1,1,4,A13,48,
2.02E+11,26,12,2024,14:28,1,44,44215,2,1,1,6,6 Rue du Onze Novembre 1918,47,
2.02E+11,7,9,2024,10:05,1,76,76351,2,3,2,3,LAMBLARDIE (QUAI),49,
2.02E+11,1,2,2024,18:50,3,95,95572,1,1,1,2,N184,49,
2.02E+11,26,12,2024,2:45,3,44,44026,1,1,2,7,Route de Paris,47,
2.02E+11,8,9,2024,1:25,5,76,76351,2,6,1,6,ILE (QUAI DE L'),49,
2.02E+11,1,2,2024,16:40,1,93,93010,1,1,1,2,AUTOROUTE A3,48,
2.02E+11,26,12,2024,16:15,1,80,80545,1,3,1,3,D934,49,
2.02E+11,22,12,2024,16:00,1,69,69007,1,1,3,6,Autoroute 7,45,
2.02E+11,1,2,2024,9:40,1,95,95241,1,1,2,3,N104,49,
2.02E+11,7,9,2024,17:45,1,72,72181,2,9,3,6,MAC JEAN (AV) N° PAIRS 308 ET plus,47,
2.02E+11,25,12,2024,13:13,1,69,69259,1,1,1,6,RD383   11.750 A 14.250,45,
2.02E+11,31,1,2024,19:30,5,95,95527,1,1,1,4,A1,49,
2.02E+11,8,9,2024,13:00,1,69,69276,1,1,1,1,Route Départementale 312                                     ,45,
2.02E+11,8,9,2024,2:05,5,67,67482,2,9,2,7,CERF BERR (RUE),48,
2.02E+11,1,2,2024,18:00,2,94,94081,1,1,2,5,A86,48,
2.02E+11,26,12,2024,12:05,1,33,33550,1,1,1,2,N/A,44,
2.02E+11,9,9,2024,15:10,1,66,66136,2,1,1,6,Avenue René Cassin,42,
2.02E+11,31,1,2024,16:15,1,94,94069,1,1,1,2,A4,48,
2.02E+11,9,9,2024,19:30,2,64,64445,2,1,2,2,BIZANOS DE,43,
2.02E+11,26,12,2024,13:55,1,91,91064,1,1,1,6,RN 118,48,
2.02E+11,31,1,2024,18:00,1,974,97411,2,1,1,1,CHAPELLE (RUE DE LA),-20,
2.02E+11,9,9,2024,11:20,1,64,64445,2,1,1,2,JEAN MERMOZ,43,
2.02E+11,28,1,2024,12:15,1,974,97407,2,9,1,3,SOURCE DENISE (RUE DE LA)-RIV DES GALET ,-20,
2.02E+11,26,12,2024,3:11,3,91,91617,1,1,2,6,RN6 PROVINCE / RN 104 EXT,48,
2.02E+11,30,1,2024,22:20,4,973,97302,2,6,1,7,LEBLOND (ROND POINT),4,
2.02E+11,9,9,2024,7:15,2,64,64445,2,2,1,5,EDOUARD 7,43,
2.02E+11,31,1,2024,13:30,1,69,69388,2,3,1,3,Rue Marius Berliet,45,
2.02E+11,9,9,2024,22:10,5,64,64102,2,1,2,6,CEINTURE CENTRE COMMERCIAL BAB2,43,
2.02E+11,25,12,2024,22:07,3,91,91235,1,1,1,4,RN 104,48,
2.02E+11,31,1,2024,12:30,1,69,69142,2,1,1,3,Quai de la Libération,45,
2.02E+11,9,9,2024,18:00,1,64,64102,2,1,2,2,RESPLANDY (AVENUE DU CAPITAINE),43,
2.02E+11,31,1,2024,13:45,1,69,69389,2,2,1,6,Rue Sergent Michel Berthet,45,
2.02E+11,26,12,2024,16:55,1,93,93064,1,1,1,2,AUTOROUTE A86,48,
2.02E+11,8,9,2024,21:30,5,63,63300,2,2,1,3,RD2029/RD83/Bd Clémentel faubourg Bardo,45,
2.02E+11,31,1,2024,19:40,5,2A,2A004,2,9,1,2,#Boulevard Louis Campi#,41,
2.02E+11,7,9,2024,16:30,1,60,60057,2,1,1,6,Rue de Bretagne,49,
2.02E+11,31,1,2024,14:00,1,2A,2A004,2,6,1,6,16 Avenue Marechal Juin,41,
2.02E+11,26,12,2024,17:30,3,93,93078,1,1,1,4,AUTOROUTE A104,48,
2.02E+11,9,9,2024,9:35,1,59,59350,2,1,8,7,Rue de Luxembourg,50,
2.02E+11,31,1,2024,13:35,1,95,95203,2,2,1,3,MARCELLIN BERTHELOT (RUE),48,
2.02E+11,26,12,2024,11:30,1,93,93008,1,1,1,2,AUTOROUTE A86,48,
2.02E+11,8,9,2024,23:09,5,56,56098,2,1,2,3,73 Rue Jean Jaurès,47,
2.02E+11,31,1,2024,10:35,1,95,95288,2,1,1,6,D311,48,
2.02E+11,9,9,2024,15:40,1,51,51454,2,1,1,3,FOURIAUX (RUE MARIE-CLEMENCE),49,
2.02E+11,31,1,2024,9:10,1,91,91689,1,1,1,3,RD 118,48,
2.02E+11,26,12,2024,12:10,1,93,93064,1,1,1,2,AUTOROUTE A86,48,
2.02E+11,9,9,2024,7:50,1,51,51454,2,1,1,6,BONAPARTE (AVENUE DU GENERAL),49,
2.02E+11,29,1,2024,18:57,5,87,87085,2,2,1,6,TARRADE (AVENUE ADRIEN),45,
2.02E+11,6,9,2024,22:00,3,34,34301,2,1,1,6,RD2 Route de Balaruc,43,
2.02E+11,8,9,2024,3:03,5,51,51454,2,2,1,3,LAON (AVENUE) DU N° 2 A 60 (PAIR),49,
2.02E+11,31,1,2024,11:00,1,83,83069,2,6,1,2,LECLERC (AVENUE MARECHAL),43,
2.02E+11,1,9,2024,21:50,3,34,34108,1,1,1,1,RD 612,43,
2.02E+11,31,1,2024,17:50,1,82,82121,2,1,1,3,VOLTAIRE (RUE),44,
2.02E+11,8,9,2024,11:20,1,49,49246,2,1,1,2,GRANDES MAISONS CHEMIN,47,
2.02E+11,24,12,2024,10:00,1,59,59527,2,1,1,6,Rue Sainte-Hélène,50,
2.02E+11,31,1,2024,11:50,1,81,81004,2,1,1,6,FLANDRES DUNKERQUE (AV),43,
2.02E+11,8,9,2024,6:30,5,49,49007,2,1,1,6,MILLOT BOULEVARD JACQUES,47,
2.02E+11,30,9,2024,7:55,1,974,97413,2,1,1,6,3 Chemin de la Découverte,-21,
2.02E+11,13,1,2024,16:03,1,77,77373,2,2,1,3,AV CHARLES ROUXEL,48,
2.02E+11,3,8,2024,11:15,1,13,13072,1,1,1,3,D6,43,
2.02E+11,8,9,2024,2:12,3,45,45234,2,9,1,3,1 Quai de Prague,47,
2.02E+11,3,8,2024,15:30,1,7,7313,2,1,1,3,Quai Jules Roche,45,
2.02E+11,13,1,2024,8:20,3,77,77350,1,1,1,5,N4,48,
2.02E+11,24,12,2024,18:20,2,987,98735,2,6,8,3,DUMONT D'URVILLE (RUE),-17,
2.02E+11,31,8,2024,1:30,5,42,42218,2,6,1,3,Cours Fauriel,45,
2.02E+11,3,8,2024,14:15,1,7,7308,1,1,1,3,D221,45,
2.02E+11,31,1,2024,16:20,1,77,77284,2,1,1,2,FOCH (AVENUE DU ML.),48,
2.02E+11,25,12,2024,20:10,5,974,97411,2,3,1,6,BOIS DE NEFLES (ROUTE DE),-20,
2.02E+11,2,8,2024,7:45,1,53,53271,2,1,1,6,Rue Jules Doitteau,48,
2.02E+11,9,9,2024,13:50,1,35,35238,2,1,1,6,PROVENCE (SQUARE DE),48,
2.02E+11,31,1,2024,8:05,2,77,77335,1,1,1,3,RN3 (ROUTE NATIONALE),48,
2.02E+11,25,12,2024,5:00,2,973,97302,2,1,2,7,HEDER (place),4,
2.02E+11,3,8,2024,15:57,1,40,40285,1,1,1,1,D57,43,
2.02E+11,9,9,2024,9:15,1,35,35238,2,1,1,3,LESAGE,48,
2.02E+11,31,1,2024,15:00,1,77,77372,1,1,1,1,D 934,48,
2.02E+11,25,12,2024,18:20,5,69,69388,2,3,1,6,Rue Ludovic Arrachart,45,
2.02E+11,4,8,2024,15:14,1,24,24376,1,1,8,1,D5,45,
2.02E+11,10,9,2024,0:45,5,34,34172,2,2,1,3,MAURIN (AVENUE DE,43,
2.02E+11,30,1,2024,17:29,1,71,71475,2,2,7,3,BUXY (ROUTE DE ),46,
2.02E+11,3,8,2024,16:37,1,85,85084,1,1,1,7,les vrignolettes,46,
2.02E+11,25,12,2024,22:00,4,91,91228,2,6,1,3,TRAITE DE ROME (ROND-POINT DU),48,
2.02E+11,9,9,2024,8:05,1,34,34172,2,5,1,3,LIBERTE (AVENUE DE LA,43,
2.02E+11,3,8,2024,13:50,1,87,87195,1,1,1,7,D675,46,
2.02E+11,9,9,2024,9:00,1,34,34172,2,1,1,3,RECAMBALE (AVENUE DE LA),43,
2.02E+11,3,8,2024,15:45,1,30,30339,1,1,1,7,D986,44,
2.02E+11,17,1,2024,8:55,1,68,68297,2,1,2,6,BALE ( AVE DE)WIRU JUSQUE RUE MULHOUSENR,47,
2.02E+11,4,8,2024,17:00,1,30,30193,1,1,1,7,DFCI B78,43,
2.02E+11,30,1,2024,18:05,5,67,67482,2,1,2,3,MONTAGNE VERTE (RUE DE LA),48,
2.02E+11,9,9,2024,13:00,1,33,33281,2,1,1,2,N/A,44,
2.02E+11,25,12,2024,18:55,5,69,69290,2,1,1,1,Boulevard des Roses,45,
2.02E+11,4,8,2024,5:15,3,52,52044,1,1,1,6,departementale 134,48,
2.02E+11,2,9,2024,9:45,1,30,30189,1,1,1,1,ALES (ROUTE),43,
2.02E+11,31,1,2024,16:20,1,64,64445,2,6,1,3,ALSACE LORRAINE D',43,
2.02E+11,4,8,2024,1:45,3,13,13050,1,1,1,1,RD7n - PK37+500,43,
2.02E+11,24,12,2024,9:15,1,67,67462,2,1,1,3,THIERS (BOULEVARD),48,
2.02E+11,31,1,2024,5:10,5,64,64445,1,3,1,3,LARRIBAU,43,
2.02E+11,9,9,2024,19:00,1,22,22187,2,2,1,3,RUE DE LA CROIX LORMEL,48,
2.02E+11,22,12,2024,15:20,1,62,62498,2,2,1,3,Route de Lille,50,
2.02E+11,3,8,2024,22:30,3,77,77480,1,1,1,3,Autoroute A5 PK 28+000 direction PARIS,48,
2.02E+11,8,9,2024,19:00,1,19,19031,1,1,1,7,CHANLAT (LIEU-DIT),45,
2.02E+11,31,1,2024,8:30,1,63,63063,2,2,1,6,Joseph Prugnard / Jules Ferry,45,
2.02E+11,26,12,2024,0:15,5,61,61001,2,1,8,6,23 Boulevard de Strasbourg,48,
2.02E+11,4,8,2024,19:00,5,976,97608,2,1,1,3,Boulevard des Crabes,-12,
2.02E+11,9,9,2024,22:30,5,13,13212,2,1,1,3,SAINT JULIEN (AVENUE DE ),43,
2.02E+11,3,8,2024,11:50,1,971,97112,1,1,1,6,Lieu Dit Saint Marc,15,
2.02E+11,31,1,2024,8:25,1,63,63113,2,3,1,2,BREZET (AVENUE)/inra,45,
2.02E+11,5,9,2024,17:30,1,13,13028,2,2,1,3,CAMUSSO (AVENUE MARCEL ),43,
2.02E+11,20,12,2024,8:00,2,59,59350,2,1,2,3,Boulevard de Belfort,50,
2.02E+11,4,8,2024,3:00,3,34,34127,2,6,1,6,D24,43,
2.02E+11,9,9,2024,19:55,2,75,75113,2,1,1,2,BOULEVARD PERIPHERIQUE EXTERIEUR SUD,48,
2.02E+11,3,8,2024,21:30,1,83,83068,2,1,1,7,Route du Littoral,43,
2.02E+11,30,1,2024,18:10,5,57,57672,2,1,1,6,GENERAL DE CASTELNAU (RUE DU),49,
2.02E+11,21,12,2024,9:50,1,59,59360,2,2,1,6,REPUBLIQUE BOULEVARD DE LA,50,
2.02E+11,4,8,2024,16:50,1,5,5103,1,1,1,7,d 1085 - PR 077.800,44,
2.02E+11,7,9,2024,19:15,1,75,75117,2,1,8,2,BOULEVARD PERIPHERIQUE INTERIEUR OUEST,48,