Num_Acc,jour,mois,an,hrmn,lum,dep,com,agg,int,atm,col,adr,lat,long
2.02E+11,2,8,2024,22:45,2,19,19031,2,1,1,7,DUMYRAT (RUE),45,
2.02E+11,1,2,2024,7:30,2,57,57588,1,1,2,1,D62,49,
2.02E+11,1,8,2024,11:50,1,15,15014,2,6,1,3,Chemin de Conthe,44,
2.02E+11,1,2,2024,12:20,1,80,80759,1,1,1,2,D1017,49,
2.02E+11,31,7,2024,3:00,3,15,15014,2,1,1,6,Rue Jean Moulin,44,
2.02E+11,1,2,2024,10:39,1,62,62014,2,1,1,6,Rue de Saint-omer,50,
2.02E+11,2,8,2024,8:10,1,14,14574,1,1,1,1,2110 Route de Dives,49,
2.02E+11,29,1,2024,10:30,1,59,59012,1,1,1,1,Rue d'Hirson,49,
2.02E+11,31,1,2024,9:05,1,33,33366,1,1,1,3,N/A,44,
2.02E+11,2,8,2024,7:20,1,13,13108,1,2,1,3,CAYADES (ROUTE DES),43,
2.02E+11,31,1,2024,19:00,3,93,93064,1,1,1,2,AUTOROUTE A86,48,
2.02E+11,2,8,2024,20:00,1,13,13205,2,1,1,2,JEAN MOULIN (BOULEVARD),43,
2.02E+11,31,1,2024,16:10,1,95,95351,1,1,1,7,N104,49,
2.02E+11,31,1,2024,13:15,1,92,92078,1,1,1,7,AUTOROUTE A86,48,
2.02E+11,31,1,2024,19:00,2,94,94017,1,1,1,5,A4,48,
2.02E+11,2,8,2024,8:00,1,13,13213,2,1,1,3,POILUS (AVENUE DES),43,
2.02E+11,29,1,2024,7:00,1,987,98735,2,9,1,3,REINE POMARE IV (AVENUE),-17,
2.02E+11,2,8,2024,0:10,4,13,13005,2,9,1,6,BOYER (AVENUE ANTIDE),43,
2.02E+11,30,1,2024,12:35,1,974,97407,2,1,1,3,ROUTE DU SACRE COEUR,-20,
2.02E+11,2,8,2024,10:10,1,11,11069,2,3,1,3,N/A,43,
2.02E+11,30,1,2024,23:10,4,69,69387,2,2,1,3,Avenue Berthelot,45,
2.02E+11,29,1,2024,8:35,1,972,97209,1,1,2,7,RELIGIEUSES (ROUTE DES),14,
2.02E+11,12,7,2024,22:17,5,6,6088,2,9,1,3,77 Boulevard François Grosso,43,
2.02E+11,30,1,2024,10:00,1,69,69034,2,1,1,6,1 Place Maréchal Foch,45,
2.02E+11,30,1,2024,19:53,3,2B,2B033,2,9,1,6,TOUTES RUES,42,
2.02E+11,13,7,2024,20:45,1,2,2408,2,1,1,6,40 Rampe Saint-Marcel,49,
2.02E+11,30,1,2024,19:30,3,971,97101,1,1,1,2,CHAUVEL,16,
2.02E+11,29,1,2024,8:40,1,971,97101,2,2,1,3,CHAUVEL,16,
2.02E+11,2,8,2024,18:40,1,75,75116,2,1,1,4,BD PERIPHERIQUE INTERIEUR,48,
2.02E+11,2,8,2024,17:50,1,75,75115,2,1,1,2,BD PERIPHERIQUE EXTERIEUR,48,
2.02E+11,2,8,2024,14:30,1,75,75116,2,1,1,2,BD PERIPHERIQUE INTERIEUR,48,
2.02E+11,2,8,2024,17:19,1,75,75110,2,3,1,3,RUE DU FAUBOURG SAINT MARTIN,48,
2.02E+11,2,8,2024,11:20,1,75,75112,2,1,1,4,BD PERIPHERIQUE EXTERIEUR ,48,
2.02E+11,1,8,2024,20:10,1,75,75118,2,2,1,3,AVENUE DE LA PORTE DE SAINT OUEN,48,
2.02E+11,30,7,2024,21:36,5,75,75103,2,2,1,4,BOULEVARD SAINT DENIS,48,
2.02E+11,2,8,2024,17:05,1,75,75119,2,1,1,3,AVENUE DE FLANDRE,48,
2.02E+11,2,8,2024,15:10,1,75,75119,2,7,1,2,PLACE SKANDERBEG,48,
2.02E+11,2,8,2024,5:15,5,75,75114,2,1,1,6,BOULEVARD BRUNE,48,
2.02E+11,2,8,2024,9:44,1,75,75113,2,3,1,6,AVENUE DE CHOISY,48,
2.02E+11,2,8,2024,9:15,1,75,75113,2,3,1,3,BOULEVARD MASSENA,48,
2.02E+11,2,8,2024,6:05,2,94,94080,2,2,1,1,Avenue de la République,48,
2.02E+11,2,8,2024,3:04,5,94,94080,2,1,2,6,Avenue de Paris,48,
2.02E+11,1,8,2024,17:51,1,94,94080,2,1,1,2,Avenue des Minimes,48,
2.02E+11,2,8,2024,19:30,1,94,94055,2,1,1,3,Avenue du Général de Gaulle,48,
2.02E+11,1,8,2024,17:20,1,94,94079,2,3,1,3,Route de Champigny,48,
2.02E+11,1,8,2024,20:40,1,93,93078,2,2,1,3,PEUPLIERS (AVENUE DES),48,
2.02E+11,2,8,2024,15:30,1,93,93066,2,3,1,3,Avenue du Colonel Fabien / Cité Auguste Delaune,48,
2.02E+11,2,8,2024,14:30,1,93,93066,2,1,1,4,Quai de Seine,48,
2.02E+11,2,8,2024,14:10,1,92,92046,2,2,1,3,GABRIEL PERI,48,
2.02E+11,2,8,2024,0:40,5,92,92072,2,4,1,6,GRANDE RUE,48,
2.02E+11,1,8,2024,19:00,1,92,92050,2,1,1,2,PLACE NELSON MANDELA,48,
2.02E+11,2,8,2024,20:38,1,92,92049,2,9,1,6,ARNOUX AVENUE MAURICE N°1 A 77,48,
2.02E+11,2,8,2024,8:56,1,92,92020,2,3,1,1,GIDE ANDRE RUE,48,
2.02E+11,1,8,2024,20:20,1,92,92035,2,1,1,7,FAUVELLES ( RUE DES ),48,
2.02E+11,2,8,2024,9:10,1,92,92025,2,4,1,6,FELIX FAURE (RUE),48,
2.02E+11,1,8,2024,17:30,1,92,92024,2,6,1,7,TROIS PAVILLONS (RUE DES),48,
2.02E+11,2,8,2024,19:40,5,974,97415,1,1,1,6,Chemin Baillif,-21,
2.02E+11,23,7,2024,19:15,1,63,63123,2,7,1,3,46 place du Coudert,45,
2.02E+11,3,8,2024,15:30,1,40,40036,2,3,1,1,633 route de bayonne,43,
2.02E+11,2,8,2024,19:45,1,17,17131,1,1,1,1,Rue des Demoiselles,45,
2.02E+11,3,8,2024,13:20,1,18,18259,1,1,1,6,N/A,47,
2.02E+11,30,7,2024,17:10,3,974,97422,2,9,1,1,Rue Jean de Fos du Rau,-21,
2.02E+11,3,8,2024,8:25,1,51,51217,2,1,1,6,Rue du Docteur Moret,49,
2.02E+11,2,8,2024,13:15,1,972,97214,2,1,1,7,Le Lorrain,14,
2.02E+11,1,8,2024,12:00,1,972,97231,1,1,1,2,Route départementale 7,14,
2.02E+11,2,8,2024,6:50,2,26,26337,1,1,1,3,A7,44,
2.02E+11,2,8,2024,11:50,1,86,86254,2,3,1,3,D5,46,
2.02E+11,2,8,2024,19:15,1,87,87146,1,1,1,5,Autoroute A20 PK 220+458,45,
2.02E+11,3,8,2024,11:15,1,38,38030,1,1,1,1,D1085,45,
2.02E+11,3,8,2024,11:40,1,60,60069,1,1,1,1,Route départemental 332,49,
2.02E+11,2,8,2024,17:00,1,71,71054,1,1,1,1,D5,46,
2.02E+11,3,8,2024,15:04,1,51,51454,2,1,1,1,Boulevard des Tondeurs - Reims,49,
2.02E+11,2,8,2024,21:40,3,59,59571,1,1,8,6,D98,50,
2.02E+11,3,8,2024,7:25,1,19,19080,2,3,1,1,N/A,45,
2.02E+11,2,8,2024,2:50,3,19,19192,2,1,1,6,Route d'Argentat 29 trespeuch,45,
2.02E+11,2,8,2024,10:15,1,56,56179,2,1,1,6,Rue François Mauriac,47,
2.02E+11,8,7,2024,11:45,1,56,56194,2,1,1,3,14 Rue des Trinitaires,47,
2.02E+11,3,8,2024,0:45,3,81,81171,1,1,1,6,d14 pk 19+750,43,
2.02E+11,3,8,2024,9:30,1,81,81208,1,1,1,6,La bécède,43,
2.02E+11,2,8,2024,21:15,2,71,71183,1,3,1,6,D225,46,
2.02E+11,3,8,2024,11:45,1,89,89378,1,1,1,3,D86,47,
2.02E+11,3,8,2024,8:45,1,42,42156,2,1,7,6,D282,45,
2.02E+11,3,8,2024,20:20,2,42,42286,2,1,1,6,RD 22,45,
2.02E+11,3,8,2024,17:20,1,68,68307,1,1,1,7,D466,47,
2.02E+11,2,8,2024,18:20,1,22,22182,1,1,1,6,Tremargat,48,
2.02E+11,2,8,2024,12:45,1,44,44131,1,1,1,1,Route Bleue,47,
2.02E+11,18,7,2024,23:10,3,29,29031,1,4,1,6,Route de la forêt,47,
2.02E+11,3,8,2024,17:25,1,29,29024,2,6,2,3,Boulevard Jean Moulin,48,
2.02E+11,2,8,2024,21:10,2,29,29117,1,3,1,6,Toulran,48,
2.02E+11,28,5,2024,17:15,1,56,56098,1,1,2,3,Lann Sévelin,47,
2.02E+11,18,7,2024,8:40,1,29,29003,1,4,1,7,Pont Quillioc,48,
2.02E+11,29,5,2024,9:10,1,54,54395,2,1,1,6,Boulevard Charlemagne,48,
2.02E+11,2,8,2024,19:50,1,2,2305,1,1,1,3,D3,49,
2.02E+11,28,5,2024,19:35,1,54,54395,2,6,8,3,Avenue Raymond Pinchard,48,
2.02E+11,2,8,2024,10:45,1,1,1108,2,1,1,6,Route de Franche Comte,46,
2.02E+11,28,5,2024,17:15,1,54,54395,2,2,1,3,Rue de Château Salins,48,
2.02E+11,2,8,2024,17:00,1,1,1124,1,3,1,3,Route de Bourg,46,
2.02E+11,29,5,2024,11:34,1,54,54099,2,1,2,2,Cote des Corbeaux,49,
2.02E+11,29,5,2024,12:10,1,53,53201,2,1,2,6,LATTRE DE TASSIGNY ( AVENUE DE ),48,
2.02E+11,2,8,2024,20:30,2,66,66149,2,6,1,3,Route d'Eus,42,
2.02E+11,2,8,2024,17:30,1,72,72195,1,9,1,6,Saint Leger,47,
2.02E+11,28,5,2024,16:30,1,51,51454,2,2,8,3,FABIEN (RUE DU COLONNEL),49,
2.02E+11,3,8,2024,14:50,1,6,6151,1,1,1,2,Route M 6202 PK 86+187,43,
2.02E+11,29,5,2024,8:10,1,45,45169,2,2,2,3,2 Avenue de l'Europe,47,
2.02E+11,3,8,2024,10:05,1,50,50543,1,2,1,3,Rue de la Croix-du-chesnot,48,
2.02E+11,29,5,2024,13:10,1,44,44184,2,1,8,6,33 Rue Léonard de Vinci,47,
2.02E+11,31,7,2024,9:45,1,9,9329,1,1,1,2,Avenue de Labouiche,42,
2.02E+11,30,5,2024,2:00,5,44,44109,2,1,1,3,2 Rue Louis Blanc,47,
2.02E+11,2,8,2024,7:15,1,43,43026,1,1,1,7,RD906,45,
2.02E+11,29,5,2024,21:20,2,44,44020,1,1,2,7,N/A,47,
2.02E+11,31,7,2024,21:23,1,21,21501,2,3,1,3,Rue de Dijon,47,
2.02E+11,14,4,2024,18:06,1,42,42218,2,7,1,6,Place Bellevue,45,
2.02E+11,1,8,2024,19:30,1,85,85001,2,2,7,3,Route de la pointe d'arçay,46,
2.02E+11,13,4,2024,18:20,1,42,42218,2,2,1,3,Cours Victor Hugo,45,
2.02E+11,2,8,2024,18:30,1,85,85131,1,1,1,6,RD 50,46,
2.02E+11,29,5,2024,8:00,1,37,37122,2,2,1,3,RD 86 DE MONTS à TOURS,47,
2.02E+11,2,8,2024,19:30,1,85,85042,1,1,1,7,la pironnerie,46,
2.02E+11,3,8,2024,10:25,1,37,37254,1,1,1,6,Belle Vue,47,
2.02E+11,29,5,2024,14:25,1,29,29232,2,2,2,6,Rue du Parc,47,
2.02E+11,29,5,2024,13:55,1,27,27681,1,1,2,4,EVREUX (ROUTE D'),49,
2.02E+11,29,5,2024,20:10,2,27,27375,2,6,2,7,CANAL(ROND POINT DU),49,
2.02E+11,29,5,2024,12:40,1,70,70285,2,2,2,6,Avenue Leon Jouhaux,47,
2.02E+11,29,5,2024,13:05,1,22,22106,2,4,1,3,LANDES (RUE DES),48,
2.02E+11,28,5,2024,12:33,1,19,19031,2,1,1,2,POMPIDOU (AVENUE GEORGES),45,
2.02E+11,29,5,2024,19:23,1,17,17306,2,1,2,7,CENDRILLES (DES),45,
2.02E+11,29,5,2024,14:40,1,17,17333,2,1,2,3,COTE DE BEAUTE (BOULEVARD),45,
2.02E+11,29,5,2024,13:40,1,14,14333,1,1,2,3,Route de Trouville,49,
2.02E+11,28,5,2024,22:50,3,14,14118,1,1,8,1,D405,49,
2.02E+11,27,5,2024,20:55,1,13,13213,2,1,1,2,OLIVES (AVENUE DES),43,
2.02E+11,29,5,2024,7:07,1,13,13075,2,1,1,3,L'ENJOLRAS (AVE DE),43,
2.02E+11,29,5,2024,13:25,1,7,7102,2,9,1,7,REPUBLIQUE (AV. DE LA) [DU N° AU N°],44,
2.02E+11,29,5,2024,16:20,1,6,6069,2,1,1,6,Place-martelly,43,
2.02E+11,28,5,2024,10:20,1,6,6004,2,3,1,6,30 Avenue de Nice,43,
2.02E+11,29,5,2024,8:40,1,75,75119,2,4,2,7,RUE DAVID D ANGERS,48,
2.02E+11,29,5,2024,12:00,1,75,75118,2,2,2,3,RUE DU DEPARTEMENT,48,
2.02E+11,29,5,2024,16:40,1,75,75117,2,2,2,3,AVENUE DE WAGRAM,48,
2.02E+11,29,5,2024,8:30,1,75,75116,2,2,2,3,AVENUE FOCH,48,
2.02E+11,29,5,2024,20:30,1,75,75115,2,3,2,6,PLACE DU GENERAL BEURET,48,
2.02E+11,29,5,2024,13:50,1,75,75115,2,2,2,7,RUE PAUL BARRUEL,48,
2.02E+11,29,5,2024,9:40,1,75,75113,2,3,2,3,RUE NATIONALE,48,
2.02E+11,29,5,2024,9:20,2,75,75114,2,3,2,7,BOULEVARD BRUNE,48,
2.02E+11,29,5,2024,8:30,1,75,75110,2,4,2,6,BOULEVARD DE LA VILLETTE,48,
2.02E+11,29,5,2024,15:40,1,75,75108,2,3,2,7,BOULEVARD HAUSSMANN,48,
2.02E+11,29,5,2024,14:50,1,75,75107,2,3,2,6,QUAI VOLTAIRE,48,
2.02E+11,29,5,2024,8:15,1,75,75113,2,3,2,2,BOULEVARD VINCENT AURIOL,48,
2.02E+11,29,5,2024,8:15,1,75,75107,2,2,2,3,RUE SAINT DOMINIQUE,48,
2.02E+11,29,5,2024,12:35,1,75,75101,2,2,2,3,RUE SAINT HONORE,48,
2.02E+11,29,5,2024,14:00,1,94,94058,2,2,2,1,Rue du Maréchal Lyautey / Rue du bois,48,
2.02E+11,29,5,2024,12:15,1,93,93064,2,1,3,3,Boulevard Gabriel Péri,48,
2.02E+11,28,5,2024,22:30,5,93,93064,2,1,1,3,Rue de Lisbonne,48,
2.02E+11,29,5,2024,9:30,1,93,93077,2,2,2,3,Boulevard André / Avenue des Roses,48,
2.02E+11,29,5,2024,14:20,1,93,93046,2,1,2,2,Avenue Aristide Briand,48,
2.02E+11,29,5,2024,9:39,1,93,93074,2,1,2,6,Rue de Meaux,48,
2.02E+11,29,5,2024,19:00,1,93,93010,2,2,3,3,Avenue de Verdun / Rue Jules Auffret,48,
2.02E+11,29,5,2024,20:15,1,92,92064,2,1,2,6,MONT VALERIEN,48,
2.02E+11,29,5,2024,16:05,1,92,92064,2,9,2,3,DAILLY,48,
2.02E+11,29,5,2024,9:20,1,92,92064,2,1,2,7,GEORGES CLEMENCEAU,48,
2.02E+11,29,5,2024,12:00,1,92,92063,2,1,2,7,CASANOVA (RUE DANIELLE),48,
2.02E+11,29,5,2024,14:30,1,92,92051,2,9,2,2,BOIS DE BOULOGNE (RUE DU),48,
2.02E+11,29,5,2024,13:00,1,92,92051,2,1,2,3,BINEAU (BOULEVARD,,
2.02E+11,28,5,2024,19:55,1,92,92050,2,2,1,3,SURESNES RUE DE,48,
2.02E+11,29,5,2024,9:05,1,92,92020,2,1,2,3,EXUPERY AVENUE SAINT,48,
2.02E+11,29,5,2024,15:20,1,92,92026,2,1,2,3,COLOMBES,48,
2.02E+11,29,5,2024,15:30,1,92,92012,2,4,2,3,BILLANCOURT (RUE DE) 1/61 - 2/104,48,
2.02E+11,29,5,2024,14:00,1,92,92012,2,1,2,7,JEAN BAPTISTE CLEMENT (AVENUE) 1/47 - 2/,48,
2.02E+11,29,5,2024,9:50,1,92,92012,2,1,2,7,GENERAL LECLERC (AVENUE DU) 35/FIN - 60/,48,
2.02E+11,28,5,2024,23:04,5,92,92012,2,1,2,6,ALPHONSE LE GALLO (QUAI) 35/FIN,48,
2.02E+11,29,5,2024,22:00,5,54,54350,2,1,3,7,Rue de Blâmont,48,
2.02E+11,26,5,2024,17:55,1,24,24448,2,9,1,3,18 Avenue de la Résistance,45,
2.02E+11,30,5,2024,9:30,1,60,60440,1,1,1,6,D73,49,
2.02E+11,26,5,2024,5:50,2,45,45293,2,1,1,6,164 Route d’Orléans,47,
2.02E+11,29,5,2024,14:04,1,86,86070,1,2,2,3,Rue de la Caronnière,46,
2.02E+11,30,5,2024,6:30,2,83,83019,1,1,1,1,Avenue Lou Mistraou,43,
2.02E+11,29,5,2024,14:45,1,65,65146,2,2,1,3,Rue des Pyrénées,43,
2.02E+11,30,5,2024,10:18,1,47,47121,1,3,8,2,D 933- Route des veyries,44,
2.02E+11,24,5,2024,8:15,1,89,89471,1,2,1,5,D660,48,
2.02E+11,29,5,2024,17:30,1,56,56248,2,1,2,3,39b Rue Général Henri de Virel,47,
2.02E+11,30,5,2024,8:48,1,56,56002,1,9,1,5,Sainte-Julitte,47,
2.02E+11,30,5,2024,17:50,1,2B,2B207,1,1,1,6,village (sortie),42,
2.02E+11,30,5,2024,17:15,1,71,71313,1,1,1,6,La Siarre,46,
2.02E+11,30,5,2024,18:05,1,63,63154,1,2,1,3,D997 / D81,45,
2.02E+11,29,5,2024,15:40,1,12,12209,2,1,1,6,10 route du nayrac,44,
2.02E+11,18,5,2024,13:51,1,25,25228,2,6,1,2,705 Rue du Breuil,47,
2.02E+11,24,5,2024,18:15,1,25,25258,1,1,1,7,Chemin de la Dinde,47,
2.02E+11,29,5,2024,17:50,1,44,44223,1,2,8,3,Avenue de la Vendée,47,
2.02E+11,29,5,2024,13:40,1,44,44131,1,1,2,1,N/A,47,
2.02E+11,30,5,2024,6:55,1,38,38311,2,1,3,6,1106 Route de Pisieu,45,
2.02E+11,29,5,2024,20:00,1,38,38361,1,1,1,6,D119,44,
2.02E+11,29,5,2024,18:25,1,15,15087,1,1,3,1,RD 41,44,
2.02E+11,30,5,2024,11:37,1,72,72068,2,7,1,6,14 Place de la République,47,
2.02E+11,28,5,2024,21:45,3,50,50628,1,2,2,6,D911,48,
2.02E+11,29,5,2024,14:52,1,64,64291,1,3,1,5,chemin d arancou,43,
2.02E+11,29,5,2024,10:50,1,7,7346,1,3,1,3,D86 route de Chateauneuf,44,
2.02E+11,28,5,2024,9:45,1,40,40195,1,1,1,1,Route du Marsan,43,
2.02E+11,30,5,2024,14:08,1,17,17253,1,1,1,1,D911,45,
2.02E+11,30,5,2024,17:10,1,30,30102,1,1,1,7,D225,43,
2.02E+11,30,5,2024,14:15,1,9,9239,1,3,5,3,Col des Hares,42,
2.02E+11,28,5,2024,8:00,1,973,97311,2,3,3,2,Rue Joseph Symphorien,5,
2.02E+11,26,5,2024,19:46,2,34,34111,2,1,1,6,Avenue du Mont Aigoual,43,
2.02E+11,28,5,2024,20:10,1,67,67336,1,1,1,7,Nordhouse,48,
2.02E+11,30,5,2024,17:05,1,55,55122,2,1,1,6,2 Rue du Docteur Edmond Morelle,48,
2.02E+11,30,5,2024,14:55,1,63,63150,2,1,1,6,Parking Leclerc Volvic,45,
2.02E+11,10,5,2024,18:45,1,1,1160,2,2,1,3,Route de Prévessin,46,
2.02E+11,30,4,2024,12:00,1,1,1160,1,1,1,6,Route de Meyrin,46,
2.02E+11,30,5,2024,7:50,1,33,33449,2,1,1,6,N/A,44,
2.02E+11,29,5,2024,20:00,1,14,14658,1,2,8,3,1 Route de la Pichardière,48,
2.02E+11,27,5,2024,16:50,1,14,14488,2,1,1,6,119 Avenue du Grand Large,49,
2.02E+11,27,5,2024,21:29,2,14,14060,1,1,1,7,D515,49,
2.02E+11,12,5,2024,12:00,1,27,27031,1,3,1,3,Route de Sacquenville,49,
2.02E+11,30,5,2024,17:30,2,80,80034,1,9,3,5,D937,49,
2.02E+11,29,5,2024,13:30,1,83,83144,1,1,1,2,A57,43,
2.02E+11,26,5,2024,13:50,1,59,59234,1,1,1,7,AUTOROUTE A21,50,
2.02E+11,27,5,2024,0:44,3,59,59196,1,1,3,7,ROUTE METROPOLITAINE 652,50,
2.02E+11,26,5,2024,14:58,1,59,59328,1,1,3,7,ROUTE METROPOLITAINE 652,50,
2.02E+11,25,5,2024,2:50,3,62,62907,1,1,1,6,A1,50,
2.02E+11,29,5,2024,18:50,1,94,94043,1,1,2,3,A6B,48,
2.02E+11,29,5,2024,9:32,1,94,94076,1,1,8,3,A6B,48,
2.02E+11,29,5,2024,10:20,1,92,92047,1,1,2,3,A13,48,
2.02E+11,29,5,2024,8:00,1,78,78640,1,1,2,3,N118,48,
2.02E+11,29,5,2024,9:20,1,92,92025,1,1,1,3,A86,48,
2.02E+11,28,5,2024,8:30,1,92,92036,1,1,1,3,A86,48,
2.02E+11,29,5,2024,11:15,1,95,95572,1,1,2,5,N184,49,
2.02E+11,29,5,2024,7:55,1,95,95018,1,1,2,6,A15,48,
2.02E+11,26,5,2024,18:05,1,93,93005,1,1,1,3,A1,48,
2.02E+11,29,5,2024,8:55,1,77,77517,1,1,2,2,A104.INT,48,
2.02E+11,29,5,2024,0:25,3,77,77258,1,1,1,4,A4.W,48,
2.02E+11,27,5,2024,11:15,1,6,6029,2,1,1,3,Boulevard du Midi Louise Moreau,43,
2.02E+11,1,3,2024,2:00,4,35,35288,2,1,1,6,rue des Hauts Sablons,48,
2.02E+11,19,3,2024,18:00,2,74,74007,1,1,1,6,Route de Bonneville,46,
2.02E+11,17,3,2024,16:35,1,74,74042,2,1,1,7,61 Rue des grèbes huppes,46,
2.02E+11,15,3,2024,8:03,1,74,74105,2,5,1,3,Avenue de geneve,46,
2.02E+11,10,3,2024,20:00,3,74,74042,1,1,2,6,D186,46,
2.02E+11,17,2,2024,18:50,3,74,74260,1,4,1,1,Route de frangy,46,
2.02E+11,27,5,2024,11:25,1,987,98735,1,9,1,3,CHESSE ( RUE),-17,
2.02E+11,28,5,2024,18:15,3,974,97416,1,1,2,4,RN2 (2),-21,
2.02E+11,27,5,2024,12:20,1,974,97411,2,3,1,1,BEDIER (RUE AMEDEE),-20,
2.02E+11,28,5,2024,15:50,1,974,97409,2,1,1,6,DU LYCEE(RUE),-20,
2.02E+11,27,5,2024,7:43,1,974,97407,1,1,7,3,COMPAGNIE DES INDES (BD DE LA) ,-20,
2.02E+11,28,5,2024,9:40,1,973,97302,2,1,3,7,MONTABO (ROUTE DE) 1,4,
2.02E+11,28,5,2024,7:00,1,973,97302,2,1,3,2,MADELEINE (ROUTE DE LA),4,
2.02E+11,28,5,2024,19:20,1,69,69383,2,1,1,6,Rue Moncey,45,
2.02E+11,27,5,2024,7:50,1,972,97209,2,1,1,6,GENERAL DE GAULLE (BLD DU),14,
2.02E+11,28,5,2024,18:30,2,971,97101,1,4,1,6,PAGES,16,
2.02E+11,26,5,2024,19:20,5,971,97113,1,1,1,6,RN4 - SECTION RIVIERA,16,
2.02E+11,28,5,2024,5:30,2,91,91477,1,1,1,1,SACLAY (ROUTE DE),48,
2.02E+11,28,5,2024,12:50,1,91,91691,2,6,2,3,MARCEAU BAILLIOTI(RUE),48,
2.02E+11,28,5,2024,8:10,1,91,91421,1,9,1,3,NATIONALE 6 (REVEIL MATIN),48,
2.02E+11,28,5,2024,6:50,1,91,91433,1,1,1,6,RD 191,48,
2.02E+11,14,10,2024,14:35,1,33,33348,2,1,1,3,N/A,45,
2.02E+11,28,5,2024,17:25,1,90,90010,2,6,1,3,ALTKIRCH (AVENUE),47,
2.02E+11,13,10,2024,18:05,2,71,71201,1,1,1,6,route départementale 983,46,
2.02E+11,13,10,2024,18:20,1,68,68135,2,1,8,6,3 Rue du Forgeron,47,
2.02E+11,27,5,2024,19:00,1,87,87085,2,2,1,7,AINE (PLACE D'),45,
2.02E+11,24,5,2024,15:09,1,87,87085,2,2,1,3,DUMAS (AVENUE GEORGES),45,
2.02E+11,14,10,2024,14:00,1,31,31033,2,1,1,6,Avenue d'Hermannsburg,43,
2.02E+11,28,5,2024,20:30,1,84,84087,1,1,7,7,CAMARET (ROUTE DE),44,
2.02E+11,13,10,2024,18:35,1,31,31592,1,1,7,3,Route de Larra,43,
2.02E+11,23,5,2024,20:00,5,84,84007,2,1,1,6,PIERRE SEMARD (avenue),43,
2.02E+11,13,10,2024,5:10,5,31,31561,2,2,1,3,Rue de Biarritz,43,
2.02E+11,28,5,2024,11:15,1,78,78401,2,3,2,3,GAMBETTA (RUE),49,
2.02E+11,13,10,2024,20:10,5,31,31581,2,1,1,6,Route de Bouloc,43,
2.02E+11,28,5,2024,16:05,1,78,78208,2,2,2,3,DASSAULT (AVENUE MARCEL),48,
2.02E+11,15,10,2024,7:25,2,38,38303,2,1,1,3,1057 Route de Savoie,45,
2.02E+11,28,5,2024,13:45,1,77,77284,2,1,2,7,MARRONNIERS (RUE DES),48,
2.02E+11,14,10,2024,19:50,3,72,72296,1,1,1,1,l'orée du bois,48,
2.02E+11,27,5,2024,13:50,1,76,76351,2,2,1,6,INGOUVILLE (RUE),49,
2.02E+11,13,10,2024,14:55,1,14,14431,1,1,1,3,D232,49,
2.02E+11,15,10,2024,15:00,1,50,50138,1,1,2,6,Biévredant,49,
2.02E+11,28,5,2024,8:30,1,72,72181,2,6,2,3,CHANZY (RUE)  N° PAIRS 2 A 50,48,
2.02E+11,15,10,2024,6:45,3,50,50585,1,1,5,2,D650,49,
2.02E+11,28,5,2024,17:29,1,71,71270,2,1,1,6,NORMANDIE (RUE DE),46,
2.02E+11,14,10,2024,19:45,2,60,60513,1,1,8,1,Route Départementale 92,49,
2.02E+11,28,5,2024,13:55,1,69,69266,2,2,1,3,204 Cours Emile Zola,45,
2.02E+11,26,5,2024,10:00,1,69,69259,2,1,1,3,Avenue Francis de Pressensé,45,
2.02E+11,15,10,2024,17:30,1,64,64490,1,1,2,1,d918,43,
2.02E+11,28,5,2024,16:30,1,67,67482,2,1,1,7,JEAN JAURES (AVENUE),48,
2.02E+11,11,10,2024,13:30,1,43,43244,1,3,1,2,La Combe,45,
2.02E+11,28,5,2024,22:20,5,64,64445,2,1,1,6,EUROPE DE L',43,
2.02E+11,10,10,2024,20:50,3,27,27463,1,1,2,6,D438,49,
2.02E+11,10,10,2024,21:15,3,27,27481,1,1,2,6,D926 PK 4+200,48,
2.02E+11,28,5,2024,9:55,1,63,63113,2,2,1,2,CLEMENTEL (BD ETIENNE)/ Solayer,45,
2.02E+11,25,5,2024,19:20,1,62,62624,2,1,1,2,D160E1,50,
2.02E+11,15,10,2024,17:50,1,17,17053,1,3,1,3,D118 rue de la prée,45,
2.02E+11,15,10,2024,5:35,3,68,68242,1,1,1,6,A35,47,
2.02E+11,28,5,2024,13:40,1,62,62193,2,3,2,3,Avenue Georges Guynemer,50,
2.02E+11,15,10,2024,16:50,1,18,18140,1,1,1,7,N/A,47,
2.02E+11,28,5,2024,9:00,1,60,60057,2,6,2,3,Avenue Président J.F. Kennedy,49,
2.02E+11,28,5,2024,14:40,1,59,59527,2,2,2,1,DE LATTRE TASSIGNY.AV °1A205,50,
2.02E+11,15,10,2024,8:30,1,95,95061,1,1,1,3,D44,49,
2.02E+11,26,5,2024,20:45,2,56,56121,2,2,1,3,Rue de Kerjulaude,47,
2.02E+11,12,10,2024,0:10,3,1,1213,1,1,1,2,A 42 PK 038+000,45,
2.02E+11,27,5,2024,9:47,1,56,56098,2,1,1,2,Lann Sévelin,47,
2.02E+11,14,10,2024,13:45,1,987,98715,2,1,1,3,PK 6,-17,
2.02E+11,27,5,2024,14:45,1,54,54395,2,2,1,3,Rue Saint Dizier,48,