Num_Acc,jour,mois,an,hrmn,lum,dep,com,agg,int,atm,col,adr,lat,long
2.02E+11,24,12,2024,7:45,3,77,77350,1,1,2,1,D471,48,
2.02E+11,12,4,2024,15:00,1,59,59636,2,1,1,3,YPRES RUE D,50,
2.02E+11,23,12,2024,18:20,5,77,77058,2,1,2,6,GENERAL DE GAULLE  (AVENUE DU),48,
2.02E+11,24,12,2024,15:50,1,76,76451,2,2,2,1,Rue du Tronquet,49,
2.02E+11,18,4,2024,17:00,1,59,59183,1,9,1,6,RD601,51,
2.02E+11,23,12,2024,16:30,1,76,76486,2,1,1,2,Rue Pierre et Thomas Corneille,49,
2.02E+11,18,4,2024,10:00,1,59,59017,2,3,1,6,DEPORTES (RUE DES),50,
2.02E+11,21,12,2024,18:10,5,76,76447,2,1,2,6,MARECHAL FOCH,49,
2.02E+11,21,12,2024,3:20,5,76,76351,2,1,1,6,ANDREI SAKHAROV (RUE),49,
2.02E+11,18,4,2024,8:15,1,56,56260,2,6,1,2,Giratoire de la Gare,47,
2.02E+11,24,12,2024,20:20,5,72,72181,2,6,1,1,BOLLEE (AV) N° IMP 201 A 255,47,
2.02E+11,17,4,2024,17:13,1,56,56036,1,1,1,2,La Montagne du Salut,47,
2.02E+11,23,12,2024,20:00,5,72,72181,2,2,1,3,DURAND GEORGES (AV) N° IMP 199 AU N° 311,47,
2.02E+11,17,4,2024,17:55,1,56,56121,2,1,1,3,BELGIQUE (RUE  DE ),47,
2.02E+11,23,12,2024,14:30,1,69,69115,2,6,1,6,Avenue Edouard Herriot,45,
2.02E+11,13,4,2024,14:15,1,50,50002,2,1,1,1,COUTANCES (route de),49,
2.02E+11,24,12,2024,16:10,1,69,69029,2,1,1,6,Rue du 35ème Régiment d'Aviation,45,
2.02E+11,16,4,2024,16:40,1,50,50129,1,1,1,6,CD 901,49,
2.02E+11,24,12,2024,3:55,5,67,67482,2,1,9,6,COLMAR (AVENUE DE),48,
2.02E+11,28,1,2024,23:35,3,971,97101,1,9,1,3,LE RAIZET(SECTEUR),16,
2.02E+11,18,4,2024,8:00,1,49,49099,2,3,1,3,LORRAINE (RUE DE),47,
2.02E+11,30,1,2024,11:01,1,2A,2A004,2,3,1,3,ALBERT 1ER BD,41,
2.02E+11,23,12,2024,12:50,1,67,67482,2,3,1,3,VOSGES (AVENUE DES),48,
2.02E+11,4,4,2024,16:10,1,49,49099,2,1,1,6,BOIS LAVAU (BOULEVARD DES),47,
2.02E+11,23,12,2024,18:15,3,64,64445,2,1,1,3,GENERAL LECLERC DU,43,
2.02E+11,17,4,2024,17:35,1,49,49015,1,6,1,7,Avenue de la Boissière,47,
2.02E+11,29,1,2024,14:58,1,91,91174,2,3,1,3,PAPETERIE (RUE),48,
2.02E+11,22,12,2024,17:20,5,63,63224,2,1,3,6,RD 2009,45,
2.02E+11,16,4,2024,8:35,1,49,49007,2,1,1,5,RAMON BOULEVARD,47,
2.02E+11,29,1,2024,20:25,5,91,91589,2,2,1,3,ARISTIDE BRIAND (BOULEVARD),48,
2.02E+11,24,12,2024,9:45,1,59,59350,2,5,8,3,Avenue de Dunkerque (Lille),50,
2.02E+11,18,4,2024,7:45,1,45,45285,2,3,9,3,D2152 PR 74 + 1878,47,
2.02E+11,29,1,2024,19:35,5,83,83098,2,1,1,5,GANZIN (AVENUE DE),43,
2.02E+11,24,12,2024,14:25,1,57,57631,2,1,1,6,MONTAGNE (RUE DE LA),49,
2.02E+11,17,4,2024,17:30,1,45,45234,2,2,1,3,26 Rue de Patay,47,
2.02E+11,29,1,2024,11:20,1,83,83137,2,3,1,3,STRASBOURG (BD DE ),43,
2.02E+11,18,4,2024,17:00,1,44,44109,2,9,1,6,71 Boulevard de la Liberté,47,
2.02E+11,23,12,2024,16:11,1,56,56098,2,1,1,6,Rue Jean Jaurès,47,
2.02E+11,29,1,2024,16:45,2,82,82033,1,2,1,3,COURTINALS VC 11 (CHEMIN DES) ,44,
2.02E+11,24,12,2024,20:15,5,54,54184,2,9,2,6,Av du 69e Regiment d’Infanterie,48,
2.02E+11,23,12,2024,21:00,5,54,54304,2,2,2,2,Rue de la Sapinière,48,
2.02E+11,16,4,2024,7:30,1,41,41018,2,2,1,3,CABOCHON (RUE DE),47,
2.02E+11,18,4,2024,18:48,1,38,38421,2,1,1,6,RUE GÉRARD PHILIPE,45,
2.02E+11,23,12,2024,15:10,1,54,54482,2,3,1,3,Rue Louis Barthou,48,
2.02E+11,30,1,2024,19:00,5,77,77268,2,1,1,2,RUE DU PRE DE BRAY,48,
2.02E+11,17,4,2024,15:25,1,38,38151,2,2,1,3,Avenue du 8 mai 1945,45,
2.02E+11,23,12,2024,17:50,5,51,51108,2,1,1,3,CARNOT (RUE),48,
2.02E+11,30,1,2024,8:00,3,77,77186,1,1,1,3,RD606. de la rochette à l'obélisque,48,
2.02E+11,17,4,2024,11:45,1,37,37122,2,9,1,6,MONTAIGNE (JARDIN),47,
2.02E+11,30,1,2024,1:00,3,77,77186,1,1,1,6,RD148 carrefour DIANE à SORQUES,48,
2.02E+11,18,4,2024,12:20,1,35,35238,2,2,1,3,CLEMENCEAU (BD GEORGES),48,
2.02E+11,23,12,2024,18:30,3,50,50129,2,1,2,4,AXE NORD SUD,49,
2.02E+11,30,1,2024,4:20,3,76,76447,1,4,1,1,RAOUL DUFY,49,
2.02E+11,23,12,2024,10:30,1,42,42218,2,1,2,6,Rue Albert Poylo,45,
2.02E+11,9,9,2024,14:15,1,32,32307,1,1,1,5,23 Route d?Auch,43,
2.02E+11,18,4,2024,8:45,1,33,33281,2,2,1,3,N/A,44,
2.02E+11,30,1,2024,0:40,5,76,76351,2,1,1,6,REPUBLIQUE (COURS DE LA),49,
2.02E+11,23,12,2024,17:25,2,35,35051,1,6,1,2,ALLIES (BOULEVARD DES),48,
2.02E+11,18,4,2024,15:40,1,33,33529,2,6,1,2,N/A,44,
2.02E+11,30,1,2024,12:40,1,69,69256,2,9,1,6,Rue de la République,45,
2.02E+11,23,12,2024,10:25,1,35,35115,2,6,1,6,CARNOT (PLACE DU PRESIDENT),48,
2.02E+11,30,1,2024,7:45,1,66,66136,2,3,1,3,Avenue Victor DALBIEZ,42,
2.02E+11,18,4,2024,14:50,1,30,30007,2,1,1,2,CROUPILLAC (AVE DE),44,
2.02E+11,23,12,2024,22:45,3,31,31555,1,1,1,2,980.3 PLAISANCE (ROCADE ARC EN CIEL),43,
2.02E+11,29,1,2024,7:50,1,62,62133,2,1,1,3,Avenue de la République,50,
2.02E+11,9,9,2024,16:47,1,33,33550,1,1,1,4,N/A,44,
2.02E+11,23,12,2024,9:00,1,29,29232,2,1,1,7,Rond-Point d' Ergue-Armel,47,
2.02E+11,17,4,2024,13:15,1,29,29019,2,2,1,1,rue de l'Eau blanche,48,
2.02E+11,30,1,2024,18:45,5,62,62193,2,1,1,6,D940,50,
2.02E+11,24,12,2024,3:15,5,26,26252,1,1,1,7,RN 7,44,
2.02E+11,9,9,2024,9:20,1,33,33090,1,1,2,4,N/A,44,
2.02E+11,18,4,2024,16:28,1,22,22187,1,2,1,3,PONT A L'ANGLAIS (Rue du),48,
2.02E+11,24,12,2024,9:45,1,25,25388,2,3,1,6,BESANCON (FAUBOURG DE),47,
2.02E+11,30,1,2024,15:25,1,62,62178,1,1,1,3,D188,50,
2.02E+11,24,12,2024,10:28,1,22,22215,1,1,2,6,CARPONT (RUE DU),48,
2.02E+11,29,1,2024,19:15,3,62,62457,1,1,1,2,D301,50,
2.02E+11,18,4,2024,8:50,1,22,22187,1,1,1,4,RN12,48,
2.02E+11,9,9,2024,10:45,1,94,94034,1,1,2,5,A86,48,
2.02E+11,24,12,2024,16:10,1,19,19031,2,1,8,3,ALVITRE (AVENUE ABBE),45,
2.02E+11,18,4,2024,16:54,1,22,22113,2,1,1,2,RESISTANCE (AVENUE DE LA),48,
2.02E+11,30,1,2024,7:00,5,60,60175,2,2,1,3,Rue de la République,49,
2.02E+11,9,9,2024,8:26,1,91,91339,1,1,2,3,RN 104,48,
2.02E+11,23,12,2024,17:35,5,14,14366,2,3,1,3,155 Rue Roger Aini,49,
2.02E+11,18,4,2024,19:10,1,14,14220,2,1,1,6,5 Avenue Strassburger,49,
2.02E+11,9,9,2024,5:50,3,91,91521,1,1,2,6,RN 104,48,
2.02E+11,30,1,2024,16:00,1,59,59410,2,2,8,3,BECQUEREL RUE DU,50,
2.02E+11,23,12,2024,14:20,1,14,14333,2,9,8,7,Place Pierre Berthelot,49,
2.02E+11,18,4,2024,9:30,1,13,13213,2,1,1,4,BARA (BOULEVARD),43,
2.02E+11,9,9,2024,1:30,3,91,91692,1,1,2,1,AUTOROUTE A10,48,
2.02E+11,26,1,2024,15:50,1,54,54167,2,1,1,3,Avenue du Général Leclerc,48,
2.02E+11,24,12,2024,18:50,5,14,14118,2,3,2,4,3 Rue Général Moulin,49,
2.02E+11,17,4,2024,21:40,5,13,13213,2,1,1,1,MARATHON (RUE DE),43,
2.02E+11,7,9,2024,12:20,1,93,93029,1,1,1,5,AUTOROUTE A86,48,
2.02E+11,29,1,2024,16:30,1,54,54526,2,3,1,6,Rue Camélinat,48,
2.02E+11,21,12,2024,22:30,5,14,14118,2,1,6,6,49 Avenue de Tourville,49,
2.02E+11,17,4,2024,9:00,1,13,13206,2,1,1,3,BRETEUIL (RUE),43,
2.02E+11,8,9,2024,1:40,3,93,93048,1,1,1,4,AUTOROUTE A86,48,
2.02E+11,23,12,2024,18:50,5,13,13212,2,1,1,3,CAILLOLS (AVENUE DES),43,
2.02E+11,16,4,2024,20:30,5,13,13202,2,1,1,2,BASSINS DE RADOUB (BOULEVARD DES),43,
2.02E+11,29,1,2024,14:10,1,54,54547,2,6,1,2,Rue de Gembloux,48,
2.02E+11,24,12,2024,10:55,1,13,13201,2,1,1,1,Cours lieutaud,43,
2.02E+11,7,9,2024,13:35,1,93,93027,1,1,1,3,AUTOROUTE A86,48,
2.02E+11,17,4,2024,17:00,1,13,13028,2,6,1,3,ROVARCH (AVENUE PIERRE),43,
2.02E+11,26,1,2024,17:00,2,52,52125,2,1,2,1,R.D. 162,48,
2.02E+11,24,12,2024,10:44,1,10,10387,2,1,8,3,ANATOLE FRANCE (RUE),48,
2.02E+11,6,9,2024,17:05,1,93,93007,1,1,2,4,AUTOROUTE A1,48,
2.02E+11,25,1,2024,19:40,3,49,49328,1,1,1,6,VIEUX VIVY (ROUTE DU),47,
2.02E+11,9,4,2024,12:00,1,13,13004,2,3,1,6,AV MARECHAL JUIN,43,
2.02E+11,24,12,2024,2:18,3,10,10357,1,6,1,6,D610,48,
2.02E+11,9,9,2024,9:15,1,94,94073,1,1,2,3,A86,48,
2.02E+11,30,1,2024,15:59,1,49,49007,2,3,1,3,BON PASTEUR BOULEVARD,47,
2.02E+11,23,12,2024,14:25,1,10,10357,1,1,8,2,ROCADE EST (RD 610),48,
2.02E+11,16,4,2024,17:45,1,11,11069,2,1,1,2,48 Bd Louis Joseph Gay Lussac,43,
2.02E+11,7,9,2024,14:00,1,70,70482,2,1,1,6,Avenue des Patis,47,
2.02E+11,23,12,2024,7:55,2,7,7102,2,1,2,6,REPUBLIQUE (AV. DE LA) [DU N° AU N°],44,
2.02E+11,18,4,2024,20:55,2,10,10387,2,1,1,6,JEAN BERTHELIN (RUE),48,
2.02E+11,30,1,2024,7:15,5,49,49007,2,6,1,3,AMBROISE PARE,47,
2.02E+11,8,9,2024,15:00,1,972,97208,1,1,2,6,BALATA (ROUTE DE),14,
2.02E+11,18,4,2024,8:15,1,6,6029,2,3,1,6,8 Rue des Suisses,43,
2.02E+11,29,1,2024,8:25,2,49,49246,2,1,1,1,SORGES ROUTE,47,
2.02E+11,8,9,2024,17:00,1,972,97209,1,1,2,7,BALATA (ROUTE DE),14,
2.02E+11,17,4,2024,8:30,1,75,75119,2,1,1,3,BD PERIPHERIQUE EXTERIEUR,48,
2.02E+11,7,9,2024,18:35,2,972,97213,1,1,1,2,AUTOROUTE (A1),14,
2.02E+11,18,4,2024,10:15,1,75,75120,2,3,1,3,BOULEVARD DE BELLEVILLE,48,
2.02E+11,8,9,2024,15:40,1,69,69149,2,1,1,6,80 Rue Dubois Crance,45,
2.02E+11,18,4,2024,11:32,1,75,75117,2,3,1,6,BOULEVARD BESSIERES,48,
2.02E+11,23,12,2024,14:55,1,6,6029,2,2,1,4,1 Avenue Reine Astrid,43,
2.02E+11,8,9,2024,8:30,1,971,97101,1,1,3,2,RN1 ROCADE DE CHAUVEL,16,
2.02E+11,18,4,2024,8:15,1,75,75117,2,2,8,6,RUE CARDINET,48,
2.02E+11,20,1,2024,20:00,5,42,42218,2,1,1,2,EVRARD FLORENT A PARTIR Nø 114-89,45,
2.02E+11,23,12,2024,19:44,5,3,3310,2,2,1,3,Rue de Beauséjour,46,
2.02E+11,8,9,2024,14:15,1,95,95268,2,1,1,6,D125E,48,
2.02E+11,17,4,2024,22:30,5,75,75116,2,3,1,6,SQUARE ALBONI,48,
2.02E+11,15,1,2024,16:00,1,42,42275,2,1,2,6,Place Massenet,45,
2.02E+11,23,12,2024,17:40,5,75,75120,2,1,1,2,BD PERIPHERIQUE INTERIEUR,48,
2.02E+11,17,4,2024,19:30,1,75,75116,2,1,1,3,AVENUE DE LA GRANDE ARMEE,48,
2.02E+11,8,9,2024,9:13,1,84,84092,2,2,2,3,LYON (ROUTE DE ),43,
2.02E+11,18,4,2024,8:55,1,75,75115,2,1,1,6,AVENUE DE LA PORTE DE LA PLAINE,48,
2.02E+11,24,12,2024,20:00,5,75,75120,2,3,1,6,RUE DES PYRENEES,48,
2.02E+11,8,9,2024,10:30,1,83,83137,2,1,2,3,BROSSET (BD GENERAL),43,
2.02E+11,18,4,2024,18:00,1,75,75112,2,3,1,6,AVENUE DAUMESNIL,48,
2.02E+11,30,1,2024,15:13,1,38,38169,2,3,1,3,Boulevard Joliot Curie,45,
2.02E+11,8,9,2024,2:00,3,83,83069,2,1,1,6,PIERREFEU (ROUTE DE) RD 12,43,
2.02E+11,24,12,2024,17:33,5,75,75118,2,2,2,6,RUE D AUBERVILLIERS,48,
2.02E+11,18,4,2024,9:20,1,75,75110,2,2,1,6,RUE DE LANCRY,48,
2.02E+11,8,9,2024,2:45,5,83,83050,2,6,1,6,JUIN( AVENUE DU MARECHAL),43,
2.02E+11,30,1,2024,19:10,5,38,38053,2,9,1,2,Avenue d’Italie,45,
2.02E+11,24,12,2024,9:30,1,75,75115,2,5,1,6,RUE LECOURBE,48,
2.02E+11,18,4,2024,16:40,1,75,75108,2,3,1,3,RUE SAINT LAZARE,48,
2.02E+11,8,9,2024,7:29,1,81,81065,2,1,1,2,180 Avenue Charles De Gaulle,43,
2.02E+11,29,1,2024,17:30,5,37,37261,2,9,1,2,AUBERDIERE (RUE DE L'),47,
2.02E+11,24,12,2024,17:45,5,75,75113,2,7,2,2,PLACE D ITALIE,48,
2.02E+11,18,4,2024,10:00,1,75,75108,2,7,1,3,PLACE DE LA MADELEINE,48,
2.02E+11,30,1,2024,12:05,1,35,35055,1,3,1,3,GRESILLON (ALLEE DU),48,
2.02E+11,8,9,2024,17:25,1,78,78643,2,6,1,6,EUROPE BD DE L',48,
2.02E+11,23,12,2024,12:15,1,75,75109,2,2,1,3,RUE AUBER,48,
2.02E+11,30,1,2024,11:15,1,35,35051,2,6,1,4,ALLIES (BOULEVARD DES),48,
2.02E+11,17,4,2024,21:43,5,75,75107,2,2,1,3,QUAI VOLTAIRE,48,
2.02E+11,30,1,2024,12:40,1,33,33529,2,1,1,6,N/A,44,
2.02E+11,8,9,2024,3:30,3,71,71499,2,1,1,6,SAINT EUGENE (RUE ),46,
2.02E+11,23,12,2024,10:50,1,75,75101,2,4,7,6,AVENUE DE L OPERA,48,
2.02E+11,18,4,2024,13:30,1,75,75103,2,3,1,6,RUE DU TEMPLE,48,
2.02E+11,29,1,2024,8:10,5,29,29019,2,6,1,3,route du Vieux Saint-Marc,48,
2.02E+11,8,9,2024,23:40,5,69,69282,2,4,1,6,Rue de la République,45,
2.02E+11,22,12,2024,16:19,2,75,75101,2,3,8,6,RUE DE RIVOLI,48,
2.02E+11,30,1,2024,19:30,5,26,26198,2,1,1,6,Boulevard du Président Vincent Auriol,44,
2.02E+11,8,9,2024,17:38,1,64,64122,2,1,8,6,"""FOCH (AV",,
2.02E+11,17,4,2024,18:00,1,75,75101,2,2,1,3,PONT AU CHANGE,48,
2.02E+11,31,1,2024,0:35,5,13,13211,2,9,1,1,MIREILLE LAUZE (Bd),43,
2.02E+11,24,12,2024,22:00,5,94,94041,2,3,2,1,Rue François Mitterrand,48,
2.02E+11,8,9,2024,0:40,4,47,47031,2,1,1,2,RD813,44,
2.02E+11,17,4,2024,0:58,5,94,94068,2,2,1,3,Boulevard de Créteil / Avenue Barbès,48,
2.02E+11,30,1,2024,19:10,5,13,13212,2,1,1,3,24 AVRIL 15 (AVENUE DU),43,
2.02E+11,24,12,2024,19:45,5,94,94028,2,1,2,4,Rue Juliette Savar,48,
2.02E+11,7,9,2024,14:40,1,45,45068,2,1,2,6,12 Rue Marcel Paul,48,
2.02E+11,18,4,2024,6:45,2,94,94041,2,1,1,3,123 Avenue Maurice Thorez,48,
2.02E+11,30,1,2024,15:30,1,13,13215,2,1,1,3,SAINT ANTOINE (AVENUE DE),43,
2.02E+11,8,9,2024,2:55,5,44,44143,2,9,2,6,125 Rue Aristide Briand,47,
2.02E+11,23,12,2024,13:00,1,94,94017,2,2,1,3,Rue Alexandre Fourny,48,
2.02E+11,17,4,2024,14:00,1,94,94041,2,1,2,3,Boulevard Paul Vaillant Couturier,48,
2.02E+11,16,1,2024,16:30,1,13,13206,2,1,1,5,LODI (RUE DE),43,
2.02E+11,8,9,2024,1:50,5,44,44109,2,6,2,6,PLACE DU GARIGLIANo,47,
2.02E+11,24,12,2024,13:00,1,93,93064,2,1,2,3,Rue Richard Gardebled,48,
2.02E+11,29,1,2024,15:45,1,13,13001,2,1,1,3,BENOIT FERNAND (AV),43,
2.02E+11,18,4,2024,14:10,1,94,94034,2,1,1,2,Avenue de Stalingrad,48,
2.02E+11,7,9,2024,17:05,1,43,43002,2,1,1,2,34 Route de Roderie,45,
2.02E+11,23,12,2024,19:05,5,93,93077,2,9,1,7,Allee du Plateau,48,
2.02E+11,30,1,2024,13:30,1,7,7316,1,1,1,5,Route de Lyon,44,
2.02E+11,18,4,2024,15:40,1,93,93051,2,3,1,3,Rue de Verdun / Rue du 26 Aout 1944,48,
2.02E+11,8,9,2024,20:50,5,38,38185,2,2,2,3,Rue des Alliés,45,
2.02E+11,24,12,2024,5:47,5,93,93045,2,2,2,1,Boulevard Eugène Decros / Rue de la Rochefoucauld,48,
2.02E+11,30,1,2024,13:07,1,6,6088,2,1,1,6,Rue de Roquebillière,43,
2.02E+11,8,9,2024,12:30,1,37,37195,2,1,1,6,LOUIS XI (RUE),47,
2.02E+11,7,9,2024,16:45,1,37,37261,2,1,1,6,ALOUETTE (AVENUE),47,
2.02E+11,24,12,2024,9:00,1,93,93030,2,2,2,6,DE GAULLE (AVENUE DU GENERAL),48,
2.02E+11,30,1,2024,16:10,1,6,6069,2,9,1,2,Chemin de l’Orme,43,
2.02E+11,17,4,2024,13:05,1,93,93046,2,2,1,3,Avenue Jean Jacques Rousseau / Avenue Emile Zola,48,
2.02E+11,8,9,2024,12:00,1,34,34129,2,1,1,3,BRET (ROND POINT L),43,
2.02E+11,30,1,2024,14:40,1,6,6069,2,1,1,2,Avenue Antoine de Saint Exupéry,43,
2.02E+11,23,12,2024,2:00,5,93,93027,2,3,1,3,FRANKLIN (RUE),48,
2.02E+11,17,4,2024,10:05,1,93,93045,2,1,1,6,Rue de Paris,48,
2.02E+11,8,9,2024,17:30,1,29,29232,2,1,3,7,Boulevard de Poulguinan,47,
2.02E+11,30,1,2024,13:39,1,6,6030,2,3,1,6,Rue Sevigne,43,
2.02E+11,18,4,2024,15:50,1,93,93057,2,1,1,7,Avenue Aristide Briand,48,
2.02E+11,24,12,2024,16:05,2,92,92026,2,2,2,4,PRÉSIDENT PAUL DOUMER (QUAI DU),48,
2.02E+11,29,1,2024,12:10,1,5,5023,2,1,1,6,FINE (RUE ORONCE),44,
2.02E+11,18,4,2024,16:13,1,93,93008,2,3,1,6,Rue de Stalingrad / Rue du Colonel Rol Tanguy,48,
2.02E+11,8,9,2024,12:34,1,27,27229,2,2,1,3,CITES UNIES (BOULEVARD DES),49,
2.02E+11,30,1,2024,17:10,2,75,75115,2,1,1,3,PORTE DE SEVRES,48,
2.02E+11,23,12,2024,23:17,5,92,92024,2,2,2,1,JEAN JAURES (BD) DE (1 A 45)   (2 A 54),48,
2.02E+11,17,4,2024,11:00,1,93,93007,2,2,1,3,Rue Martyrs de la Deportation / Rue Gilbert Dru,48,
2.02E+11,30,1,2024,16:40,1,75,75118,2,1,1,4,BD PERIPHERIQUE EXTERIEUR,48,
2.02E+11,24,12,2024,7:00,5,92,92002,2,1,2,3,RAYMON ARON (AVENUE),48,
2.02E+11,8,9,2024,10:04,1,25,25462,2,1,1,3,LAVAUX DES (DU 26 A LA FIN),46,
2.02E+11,18,4,2024,17:35,1,92,92078,2,3,1,6,REDOUTE (AVENUE),48,
2.02E+11,24,12,2024,16:17,1,31,31184,1,1,8,6,Route de Lasbordes,43,
2.02E+11,29,1,2024,16:35,1,75,75114,2,1,1,4,PORTE DE CHATILLON,48,
2.02E+11,18,4,2024,7:10,1,92,92062,1,1,1,3,GENERAL DE GAULLE (AV) DU 63 AU 107,48,
2.02E+11,8,9,2024,17:50,1,23,23096,2,6,1,2,GANE (ROND POINT DE LA),46,
2.02E+11,25,12,2024,11:45,1,87,87202,1,1,1,6,3 Rue François 1er,45,
2.02E+11,18,4,2024,18:40,1,92,92025,2,1,1,6,CHARLES DE GAULLE (BD),48,
2.02E+11,27,1,2024,19:45,5,75,75105,2,3,1,6,BOULEVARD SAINT MARCEL,48,
2.02E+11,8,9,2024,12:45,1,13,13043,2,1,2,2,ROVE (AV DU ),43,
2.02E+11,24,12,2024,22:10,3,5,5106,1,1,1,6,N94,44,
2.02E+11,30,1,2024,16:30,1,75,75116,2,1,1,6,AVENUE DE LA GRANDE ARMEE,48,
2.02E+11,18,4,2024,9:15,1,92,92024,2,1,8,2,MARTRE DE (4 A 54),48,
2.02E+11,8,9,2024,15:40,1,13,13213,2,1,8,7,JEAN PAUL SARTRE (AVENUE),43,
2.02E+11,25,12,2024,15:40,1,7,7330,2,1,1,1,Chemin des Loubières,44,
2.02E+11,30,1,2024,18:40,5,75,75111,2,3,1,1,RUE LOUIS BONNET,48,
2.02E+11,18,4,2024,18:30,1,92,92012,2,2,1,1,REPUBLIQUE (BOULEVARD DE LA) 5/77BIS - 6,48,
2.02E+11,8,9,2024,0:30,5,13,13209,2,1,1,1,LÉON LACHAMP (ROUTE),43,
2.02E+11,24,12,2024,20:30,3,24,24485,1,1,2,6,Route du Val de Côle,45,
2.02E+11,30,1,2024,17:30,2,75,75111,2,3,1,6,RUE DE LA ROQUETTE,48,
2.02E+11,25,12,2024,4:41,3,30,30341,1,1,1,7,D179,43,
2.02E+11,9,9,2024,0:20,3,10,10060,2,6,1,6,GENERAL LECLERC (RUE DU),48,
2.02E+11,17,4,2024,20:05,2,92,92002,2,1,1,2,ARISTIDE BRIAND (AVENUE),48,
2.02E+11,30,1,2024,10:43,1,75,75103,2,3,1,2,RUE DEBELLEYME,48,
2.02E+11,19,4,2024,8:40,1,17,17010,1,1,1,1,D202,46,
2.02E+11,8,9,2024,9:08,1,10,10357,2,6,7,6,HENRI BARBUSSE (RUE),48,
2.02E+11,25,12,2024,18:00,5,31,31506,2,2,1,2,Avenue de la Marqueille,43,
2.02E+11,18,4,2024,18:35,1,22,22302,2,1,1,6,Rue de la Manchette,48,
2.02E+11,29,1,2024,19:25,5,75,75101,2,2,1,1,BOULEVARD DE SEBASTOPOL,48,
2.02E+11,7,9,2024,17:25,1,8,8105,2,1,1,1,N/A,49,
2.02E+11,18,4,2024,15:30,1,31,31547,1,9,1,3,3000 Route de Saint Lys,43,
2.02E+11,30,1,2024,1:05,5,94,94041,2,1,1,7,Boulevard Paul Vaillant Couturier,48,
2.02E+11,25,12,2024,3:05,3,30,30169,1,1,1,5,A9,43,
2.02E+11,8,9,2024,7:50,1,6,6088,2,2,1,3,52 Boulevard Risso,43,
2.02E+11,25,12,2024,1:20,5,971,97118,2,1,1,6,Chemin de Fontarabie,16,
2.02E+11,19,4,2024,1:18,3,35,35206,1,1,1,2,RN 137 Point ilométrique 40,48,
2.02E+11,30,1,2024,3:20,5,94,94034,2,3,1,3,Rue des Anémones / Boulevard Pasteur,48,
2.02E+11,24,12,2024,5:40,5,33,33199,2,1,2,6,N/A,44,
2.02E+11,8,9,2024,1:45,5,6,6088,2,2,1,3,77 Boulevard Paul Montel,43,
2.02E+11,18,4,2024,16:51,1,59,59201,1,1,8,2,Route de Fournes,50,
2.02E+11,30,1,2024,14:30,1,94,94070,2,1,1,4,Route de Paris,48,
2.02E+11,18,4,2024,20:17,3,21,21406,1,1,1,6,D9,47,
2.02E+11,8,9,2024,13:55,1,6,6069,2,1,2,6,2 Place du Patti,43,
2.02E+11,30,1,2024,15:40,1,93,93064,2,1,1,6,Rue Jules Ferry,48,
2.02E+11,18,4,2024,17:13,1,19,19196,1,1,1,7,Route D'Objat,45,
2.02E+11,20,9,2024,8:54,1,4,4070,2,1,1,7,GAMBETTA (BD),44,
2.02E+11,19,4,2024,7:00,2,19,19285,1,1,1,7,D7,45,
2.02E+11,30,1,2024,8:25,1,93,93062,2,9,1,3,Allée Gambetta / Allée du Jardin Anglais,48,
2.02E+11,24,12,2024,19:10,3,77,77095,1,1,2,5,D54,48,
2.02E+11,19,4,2024,8:20,1,59,59580,2,1,1,6,30 Lotissement le Noordmeulen,50,
2.02E+11,19,4,2024,6:20,5,81,81081,2,1,1,6,D85,43,
2.02E+11,29,1,2024,17:45,2,93,93048,2,1,1,6,Rue Lenain de Tillemont,48,
2.02E+11,25,12,2024,12:00,1,66,66217,2,7,1,3,avenue canterana,42,
2.02E+11,8,9,2024,14:00,1,75,75120,2,4,1,5,BOULEVARD PERIPHERIQUE INTERIEUR NORD  ,48,
2.02E+11,29,1,2024,14:45,1,93,93048,2,1,1,3,Rue de la Fédération,48,
2.02E+11,12,4,2024,18:00,1,71,71543,2,2,1,2,Quai du Nord,46,
2.02E+11,24,12,2024,9:30,1,4,4242,1,1,1,2,D4096,43,
2.02E+11,7,9,2024,23:00,5,75,75115,2,1,1,2,BOULEVARD PERIPHERIQUE INTERIEUR SUD,48,
2.02E+11,30,1,2024,8:30,1,93,93047,2,1,8,6,Avenue Victor Hugo,48,
2.02E+11,19,4,2024,16:00,1,63,63047,2,3,1,7,Boulevard des Vernières,45,
2.02E+11,24,12,2024,10:58,1,69,69287,2,3,1,6,15 Rue du 11 Novembre 1918,45,
2.02E+11,6,9,2024,14:20,1,75,75115,2,1,1,2,BOULEVARD PERIPHERIQUE EXTERIEUR SUD,48,
2.02E+11,23,12,2024,16:05,1,27,27397,1,1,1,7,rue du fond du val,49,
2.02E+11,30,1,2024,7:33,2,93,93010,2,3,1,6,Rue Jules Guesde / Rue Jean Jaures,48,
2.02E+11,17,4,2024,22:30,3,49,49160,1,2,1,3,D22,47,
2.02E+11,18,4,2024,14:15,1,42,42264,1,1,1,6,D6,45,
2.02E+11,30,1,2024,17:15,1,93,93005,2,5,1,6,Avenue Anatole France / Rue Sadi Carnot,48,