Num_Acc,jour,mois,an,hrmn,lum,dep,com,agg,int,atm,col,adr,lat,long
2.02E+11,29,1,2024,7:05,3,69,69282,1,1,1,1,Chemin de Chassieu à Meyzieu,45,
2.02E+11,8,8,2024,16:00,1,17,17111,1,2,1,3,D2,45,
2.02E+11,23,12,2024,15:20,1,75,75113,2,3,1,6,BOULEVARD MASSENA,48,
2.02E+11,29,1,2024,7:30,5,69,69264,2,1,1,1,Rue Monplaisir,45,
2.02E+11,7,9,2024,17:30,1,23,23164,1,1,3,3,D996,46,
2.02E+11,22,12,2024,21:30,5,75,75111,2,2,2,3,AVENUE LEDRU ROLLIN,48,
2.02E+11,30,7,2024,16:20,1,59,59580,1,1,1,6,AUTOROUTE A25,50,
2.02E+11,29,1,2024,17:00,1,64,64445,2,1,1,2,JEAN MERMOZ,43,
2.02E+11,22,12,2024,0:15,5,75,75104,2,3,2,7,RUE DES HOSPITALIERES SAINT GERVAIS,48,
2.02E+11,2,8,2024,16:40,1,94,94021,1,1,1,2,A6B,48,
2.02E+11,8,9,2024,17:15,1,87,87205,1,1,1,5,Chemin de la Vigne,45,
2.02E+11,20,12,2024,17:10,2,94,94068,2,1,8,6,Avenue de Marinville,48,
2.02E+11,28,1,2024,17:00,1,64,64102,2,2,1,3,SOULT (AVENUE MARECHAL),43,
2.02E+11,16,12,2024,8:55,1,94,94033,2,1,1,2,Avenue de la République,48,
2.02E+11,29,1,2024,12:45,1,63,63113,2,3,1,3,SOUS LES VIGNES (RUE) / rue Gilbert Roddier,45,
2.02E+11,2,8,2024,11:55,1,91,91136,1,1,1,4,AUTOROUTE A126,48,
2.02E+11,7,9,2024,17:59,1,30,30210,2,1,8,6,Avenue de l'Aigoual,43,
2.02E+11,2,8,2024,9:10,1,91,91645,1,1,1,7,RN 385 INT,48,
2.02E+11,23,12,2024,13:20,1,93,93031,2,1,1,2,JOFFRE (AVENUE),48,
2.02E+11,7,1,2024,22:20,5,62,62774,2,1,1,2,D243E3,50,
2.02E+11,8,9,2024,16:20,1,39,39017,1,1,1,3,N/A,46,
2.02E+11,29,1,2024,18:40,5,61,61001,2,1,1,6,Voie Communale,48,
2.02E+11,2,8,2024,10:10,1,91,91689,1,1,1,3,AUTOROUTE A6,48,
2.02E+11,8,9,2024,9:55,1,5,5162,1,1,3,6,A51,44,
2.02E+11,23,12,2024,14:00,1,93,93031,2,3,7,2,NANCY (RUE DE),48,
2.02E+11,29,1,2024,8:30,2,57,57463,2,2,8,6,PANGE (RUE DE ),49,
2.02E+11,2,8,2024,9:20,1,91,91174,1,1,1,3,RN 104,48,
2.02E+11,7,9,2024,16:45,1,978,97801,2,1,1,1,Route nationale 7 - Grand Case,18,
2.02E+11,23,12,2024,21:15,5,93,93029,2,3,1,3,MARCEAU (AVENUE) N° 29-FIN,48,
2.02E+11,26,1,2024,22:46,5,56,56121,2,1,1,7,LAENNEC ( BD ),47,
2.02E+11,2,8,2024,0:09,3,92,92050,1,1,2,7,A86,48,
2.02E+11,23,12,2024,11:35,1,93,93010,2,9,1,3,Avenue Galliéni / Avenue de Verdun,48,
2.02E+11,2,8,2024,1:45,3,93,93001,1,1,1,2,AUTOROUTE A86,48,
2.02E+11,29,1,2024,9:30,1,54,54578,2,3,1,2,Boulevard des Aiguillettes,48,
2.02E+11,9,9,2024,2:20,3,49,49110,1,1,1,5,Autoroute A11,,
2.02E+11,1,8,2024,21:23,2,94,94073,1,1,1,6,A86,48,
2.02E+11,27,1,2024,11:00,1,51,51108,2,3,7,6,VERLAINE (AVE PAUL),48,
2.02E+11,3,10,2024,20:00,2,92,92078,2,3,1,3,VERDUN (AVENUE) (IMPAIRS 27 AU 73),48,
2.02E+11,9,9,2024,6:35,3,6,6085,1,1,1,5,A8 PK 164.450 direction Marseille,43,
2.02E+11,1,8,2024,14:00,1,974,97416,1,1,1,2,RN1 (ROUTE NATIONALE),-21,
2.02E+11,29,8,2024,10:17,1,67,67202,1,1,1,7,A4,,
2.02E+11,28,1,2024,16:25,1,50,50129,2,3,1,3,ARAGO (RUE),49,
2.02E+11,22,12,2024,23:10,5,92,92078,2,3,2,3,VERDUN (AVENUE) (IMPAIRS 1 A 25),48,
2.02E+11,29,1,2024,18:22,3,49,49353,1,1,1,5,ANDARD ROUTE,47,
2.02E+11,1,8,2024,7:25,1,973,97302,2,3,1,3,MONTABO (ROUTE DE) 2,4,
2.02E+11,23,12,2024,12:30,1,92,92026,2,2,1,2,MISSION MARCHAND (COTE PAIR),48,
2.02E+11,8,9,2024,5:50,3,11,11370,1,1,1,5,autouroute A9 PK 181+100 vers Beziers,43,
2.02E+11,24,1,2024,17:05,2,46,46042,2,1,1,3,Avenue de la Beyne,44,
2.02E+11,23,12,2024,7:30,5,92,92025,2,1,1,3,GABRIEL PERI (RUE),48,
2.02E+11,7,9,2024,23:45,3,38,38530,1,1,2,7,A43 pk 028+300,45,
2.02E+11,1,8,2024,2:10,3,973,97302,2,1,1,7,REPUBLIQUE (BD DE LA),4,
2.02E+11,30,1,2024,0:40,4,45,45234,2,1,1,6,Rue de la Barrière Saint-Marc,47,
2.02E+11,9,9,2024,1:00,3,13,13105,1,1,1,2,A7  sens sud nord PK 218+800,43,
2.02E+11,1,8,2024,7:20,1,972,97213,2,1,1,3,ROUTE DEPARTEMENTALE 3,14,
2.02E+11,29,1,2024,18:17,2,41,41018,2,1,1,6,BOURG NEUF (RUE DU),47,
2.02E+11,20,12,2024,18:15,5,92,92024,2,1,2,5,GENNEVILLIERS (PONT DE),48,
2.02E+11,7,9,2024,20:20,3,33,33229,1,1,1,6,N/A,44,
2.02E+11,1,8,2024,14:15,1,972,97209,1,2,1,3,CHATEAUBOEUF (ROUTE DE),14,
2.02E+11,23,12,2024,16:20,1,92,92019,2,1,1,2,VERDUN (RUE DE),48,
2.02E+11,29,1,2024,18:23,2,38,38185,2,2,1,3,RUE DU VILLAGE,45,
2.02E+11,8,9,2024,23:00,3,988,98833,1,1,1,7,Méa Mébara (Tribu),-21,
2.02E+11,31,7,2024,21:10,1,69,69034,2,1,1,6,Montée des Soldats,45,
2.02E+11,23,12,2024,15:00,1,38,38332,1,1,2,6,Route de Maubec,45,
2.02E+11,28,1,2024,1:35,5,37,37261,2,1,1,3,WAGNER (BOULEVARD RICHARD),47,
2.02E+11,6,9,2024,14:30,1,972,97230,1,1,1,6,RN1,14,
2.02E+11,31,7,2024,3:08,5,69,69384,2,1,1,2,Avenue de Birmingham,45,
2.02E+11,29,1,2024,12:55,1,35,35278,1,1,1,2,RD 29,48,
2.02E+11,8,9,2024,17:50,1,77,77328,2,4,1,6,23 rue du clos corbin,48,
2.02E+11,31,7,2024,18:15,2,971,97113,1,9,1,6,ROUTE DE PERINET-RD 119,16,
2.02E+11,29,1,2024,13:35,1,35,35238,2,6,1,2,LANGEVIN (PAUL),48,
2.02E+11,8,9,2024,16:30,1,91,91405,1,1,2,1,D372 PK18+200,48,
2.02E+11,1,8,2024,15:30,1,2A,2A004,2,1,1,3,14 Lot Artisanal Stiletto,41,
2.02E+11,26,1,2024,17:03,1,31,31555,2,1,1,3,ALBI (RTE D) DU 1AU 243,43,
2.02E+11,6,9,2024,13:02,1,78,78048,1,1,1,2,N12,48,
2.02E+11,2,8,2024,0:22,5,91,91521,2,9,2,2,BONTE (RUE),48,
2.02E+11,29,8,2024,16:30,1,13,13107,1,1,1,3,Route de Mimet,43,
2.02E+11,1,8,2024,18:15,1,84,84007,2,1,1,3,FOLIE (Avenue de la),43,
2.02E+11,29,1,2024,10:52,1,14,14366,2,4,1,3,10 Rue Fournet,49,
2.02E+11,8,9,2024,19:50,2,71,71297,1,1,1,6,D61,46,
2.02E+11,1,8,2024,10:10,1,77,77464,2,1,1,7,CLAYE  (RUE DE  ),48,
2.02E+11,27,1,2024,3:30,5,13,13026,1,1,1,6,RN 568 CLM,43,
2.02E+11,5,9,2024,14:00,1,21,21294,1,1,3,3,D35,47,
2.02E+11,29,1,2024,18:45,5,13,13203,2,1,1,2,CHARLES NEDELEC (BOULEVARD),43,
2.02E+11,7,9,2024,15:35,1,67,67288,2,1,1,7,30 rue de Lembach,48,
2.02E+11,29,1,2024,18:40,5,13,13206,2,1,1,2,ARMENY (RUE D'),43,
2.02E+11,23,7,2024,22:13,5,73,73065,2,3,1,1,GAMBETTA LEON (BOULEVARD),45,
2.02E+11,8,9,2024,0:50,3,67,67432,1,1,1,1,D244,48,
2.02E+11,29,1,2024,9:00,1,13,13214,2,3,1,3,PLOMBIERES (BOULEVARD DES),43,
2.02E+11,26,7,2024,22:25,5,73,73029,2,3,1,1,CHALLES (ROUTE DE),45,
2.02E+11,9,9,2024,6:40,2,55,55122,1,1,8,2,Rue d'Euville,48,
2.02E+11,1,8,2024,18:50,1,73,73065,1,1,1,6,DUCRETET EUGENE (RUE),45,
2.02E+11,8,9,2024,11:00,1,57,57160,2,1,1,6,Square de la Bisten,49,
2.02E+11,28,1,2024,22:20,5,10,10387,2,2,1,3,Rue Kleber,48,
2.02E+11,6,9,2024,10:30,1,63,63213,1,6,1,7,D1093,45,
2.02E+11,1,8,2024,11:40,1,73,73065,1,2,1,3,DUCRETET EUGENE (RUE),45,
2.02E+11,28,1,2024,4:20,5,6,6104,1,1,1,3,Avenue de la Côte d'Azur,43,
2.02E+11,9,9,2024,12:05,1,38,38215,1,1,8,1,Route de Fourgeon,45,
2.02E+11,26,7,2024,11:10,1,73,73011,2,6,7,3,CHASSEURS ALPINS (AV.)C. VILLE VERS AV.J,45,
2.02E+11,29,1,2024,10:45,1,1,1053,2,4,1,6,JASSERON (AVENUE DE - N° PAIRS),46,
2.02E+11,8,9,2024,18:10,2,7,7018,1,1,3,1,Col de la Chavade (Col de montagne),44,
2.02E+11,1,8,2024,1:15,5,72,72181,2,2,1,6,LAIGNE RUE DE N° IMP 115 A 155,47,
2.02E+11,29,1,2024,20:20,5,75,75116,2,2,1,6,AVENUE FOCH,48,
2.02E+11,7,9,2024,18:39,1,69,69116,2,1,1,6,Route Départementale 306,45,
2.02E+11,31,7,2024,7:55,1,69,69259,2,4,1,3,Route de Vienne,45,
2.02E+11,29,1,2024,15:20,1,75,75115,2,2,1,2,BOULEVARD PASTEUR,48,
2.02E+11,6,9,2024,21:45,5,69,69250,2,1,1,6,137 Avenue du Casino,45,
2.02E+11,26,1,2024,7:05,5,75,75112,2,2,1,3,AVENUE DE GRAVELLE,48,
2.02E+11,31,7,2024,18:45,1,67,67482,2,1,1,2,FAUBOURG DE PIERRE (RUE DU),48,
2.02E+11,8,9,2024,16:30,1,33,33273,1,1,1,1,N/A,44,
2.02E+11,8,9,2024,15:00,1,49,49021,1,1,1,6,Route de Brion,47,
2.02E+11,31,7,2024,15:55,1,67,67482,2,1,1,3,ZURICH (RUE DE),48,
2.02E+11,28,1,2024,16:20,1,75,75101,2,2,1,3,RUE DE RIVOLI,48,
2.02E+11,31,7,2024,17:04,1,64,64260,2,3,1,3,CHOURIENIA (RUE),43,
2.02E+11,5,9,2024,20:05,2,44,44026,1,1,3,4,Route de Paris,47,
2.02E+11,27,1,2024,2:26,5,94,94081,2,1,1,6,Rue des Blancs Murs,48,
2.02E+11,4,9,2024,6:20,2,35,35012,1,3,5,3,La Filouzais,47,
2.02E+11,27,1,2024,13:10,1,94,94028,2,3,1,2,Rue Jean Jaurès / Avenue des Petites Haies,48,
2.02E+11,31,7,2024,16:00,1,62,62498,2,3,1,3,Place Roger Salengro,50,
2.02E+11,31,7,2024,15:00,1,62,62193,2,1,1,3,Boulevard de l'Egalité,50,
2.02E+11,8,9,2024,18:30,1,76,76164,1,1,3,1,Rives-en-Seine,49,
2.02E+11,29,1,2024,7:35,2,94,94003,2,3,1,3,Avenue Pierre Ronsard / Avenue François Vincent Raspail,48,
2.02E+11,9,9,2024,10:10,1,60,60446,1,1,2,6,N2,49,
2.02E+11,1,8,2024,16:10,1,61,61006,2,9,1,3,Voie Communale,48,
2.02E+11,29,1,2024,7:20,5,94,94021,2,1,1,6,Rue du Père Mazurié,48,
2.02E+11,7,9,2024,11:45,1,80,80182,1,1,1,1,Route Blanche,50,
2.02E+11,1,8,2024,16:00,1,59,59599,2,3,1,3,BRUN PAIN (RUE DU),50,
2.02E+11,29,1,2024,19:00,5,93,93066,2,6,1,3,Rue du Général Joinville / Avenue Paul Vaillant Couturier,48,
2.02E+11,1,8,2024,11:15,1,59,59350,2,1,1,3,Rue du Faubourg d'Arras,50,
2.02E+11,7,9,2024,19:50,1,59,59638,1,1,1,7,D93,50,
2.02E+11,29,1,2024,8:40,1,93,93032,2,3,1,3,Avenue Centrale / Rue Vaillant Couturier,48,
2.02E+11,8,9,2024,18:40,1,13,13216,1,1,8,7,A55-Sens Martigues vers Marseille,43,
2.02E+11,8,9,2024,15:00,1,13,13085,1,1,8,3,Sens Toulon vers Aubagne,43,
2.02E+11,31,7,2024,20:00,1,59,59271,2,3,1,3,ALGUES - ALLEE,51,
2.02E+11,29,1,2024,16:43,1,93,93031,2,3,1,3,Avenue de la République / Rue Gounod,48,
2.02E+11,8,9,2024,15:30,1,13,13085,1,1,2,2,A50-Sens Toulon vers Aubagne,43,
2.02E+11,1,8,2024,17:38,1,56,56260,2,6,1,3,Giratoire de Coët Digo,47,
2.02E+11,8,9,2024,15:40,1,13,13071,1,1,8,2,A51-Sens Marseille vers Aix en Provence,43,
2.02E+11,29,1,2024,3:03,5,93,93008,2,3,1,7,Avenue de l'Hôtel de Ville / Avenue Karl Marx,48,
2.02E+11,31,7,2024,13:35,1,54,54304,2,1,1,6,Rue de la Moselotte,48,
2.02E+11,7,9,2024,21:07,3,13,13026,1,1,1,2,A55-Sens Martigues vers Marseille,43,
2.02E+11,31,7,2024,21:00,1,50,50129,1,9,1,3,CD 901,49,
2.02E+11,29,1,2024,7:30,5,93,93007,2,2,1,6,Avenue Aristide Briand / Avenue Vladimir Ilitch Lenine,48,
2.02E+11,1,8,2024,22:40,5,47,47001,2,1,1,3,9EME DE LIGNE (COURS DU),44,
2.02E+11,6,9,2024,18:00,1,83,83069,1,1,1,3,RN98,43,
2.02E+11,29,1,2024,16:50,1,92,92024,2,3,1,3,VICTOR HUGO (BD),48,
2.02E+11,31,7,2024,14:40,1,42,42275,1,1,1,6,Route de l'Etrat,45,
2.02E+11,8,9,2024,6:15,3,69,69259,1,1,8,5,Route Départementale 301,45,
2.02E+11,2,8,2024,0:37,5,38,38185,2,2,1,3,JOSEPH REY (RUE),45,
2.02E+11,29,1,2024,17:00,1,92,92019,2,3,1,3,DIVISION LECLERC (AVENUE DE LA),48,
2.02E+11,8,9,2024,17:40,1,33,33122,1,1,8,4,N/A,44,
2.02E+11,1,8,2024,9:20,1,38,38185,2,6,1,2,EDMOND ESMONIN (AVENUE),45,
2.02E+11,29,1,2024,8:30,1,92,92012,2,1,1,1,GEORGES GORSE (QUAI),48,
2.02E+11,8,9,2024,12:00,1,91,91340,1,1,1,2,RN 104,48,
2.02E+11,1,8,2024,19:45,1,37,37261,2,3,1,3,FOURNIER (RUE DU DOCTEUR),47,
2.02E+11,30,1,2024,9:20,1,72,72051,2,1,2,6,21 Rue Nationale,47,
2.02E+11,1,8,2024,13:45,1,37,37261,2,2,1,3,CHEVALLIER (RUE AUGUSTE),47,
2.02E+11,8,9,2024,12:30,1,78,78043,1,1,1,2,A13W,48,
2.02E+11,30,1,2024,2:40,3,40,40152,1,1,1,2,A63 pk 113.00,43,
2.02E+11,31,7,2024,15:45,1,37,37261,2,6,1,3,AUBERDIERE (RUE DE L'),47,
2.02E+11,29,7,2024,1:47,5,34,34301,2,1,1,6,CAYENNE (ROUTE DE),43,
2.02E+11,7,9,2024,16:00,1,78,78158,1,1,1,4,A13,48,
2.02E+11,31,7,2024,12:50,1,22,22106,2,1,1,2,POSTE (RUE DE LA),48,
2.02E+11,6,9,2024,19:32,1,92,92025,1,1,1,2,A86,48,
2.02E+11,31,7,2024,18:19,1,19,19031,2,1,1,2,RIBOT (AVENUE),45,
2.02E+11,7,9,2024,23:50,3,94,94079,1,1,1,3,A4,48,
2.02E+11,31,7,2024,19:00,1,18,18279,2,1,1,1,67 Route de Tours,47,
2.02E+11,7,9,2024,20:25,5,973,97302,2,2,1,3,BARTHELEMY (RENE),4,
2.02E+11,7,9,2024,17:15,1,973,97302,2,1,1,7,CABASSOU (ROUTE DE),4,
2.02E+11,1,8,2024,17:47,1,17,17333,1,1,1,2,EXPRESS (voie),45,
2.02E+11,8,9,2024,2:30,5,69,69383,2,2,2,3,Rue des Rancy,45,
2.02E+11,1,8,2024,12:40,1,17,17306,2,2,1,3,ANSALDI,45,
2.02E+11,6,9,2024,14:55,1,971,97113,1,1,1,5,SECTION MARE-GAILLARD,16,
2.02E+11,31,7,2024,10:30,1,14,14117,2,2,1,3,52 Avenue Guillaume le Conquérant,49,
2.02E+11,6,9,2024,17:20,1,91,91657,2,1,1,3,AV HENRI BARBUSSE,48,
2.02E+11,1,8,2024,16:45,1,13,13213,2,1,1,3,OLIVES (AVENUE DES),43,
2.02E+11,6,9,2024,8:05,1,91,91421,2,4,1,3,MAINVILLE (RUE DE),48,
2.02E+11,31,7,2024,21:00,1,13,13208,2,1,1,3,PRADO (AVENUE DU),43,
2.02E+11,31,7,2024,17:00,1,13,13202,2,1,1,2,SAINTE BARBE (RUE),43,
2.02E+11,7,9,2024,22:30,3,77,77373,1,1,1,2,DEPARTEMENTALE 1004,48,
2.02E+11,7,9,2024,19:45,1,77,77276,1,1,1,6,RD 360,48,
2.02E+11,1,8,2024,12:45,1,11,11069,2,3,1,3,58 Route Minervoise,43,
2.02E+11,26,7,2024,22:59,5,8,8409,2,1,3,6,GOULDEN (PLACE),49,
2.02E+11,7,9,2024,11:25,1,74,74298,2,2,1,3,TANINGES (ROUTE DE ),46,
2.02E+11,31,7,2024,18:17,1,7,7102,2,1,1,3,REPUBLIQUE (AV. DE LA) [DU N° AU N°],44,
2.02E+11,7,9,2024,7:30,2,72,72181,2,9,1,3,CLOS MARGOT (RUE),48,
2.02E+11,31,7,2024,9:30,1,7,7116,2,3,1,3,NATIONALE (ROUTE),44,
2.02E+11,7,9,2024,21:20,5,71,71153,2,6,1,3,CHANZY (RUE DE),46,
2.02E+11,1,8,2024,9:30,1,6,6029,2,3,1,1,20 Rue Henri Paschke,43,
2.02E+11,31,7,2024,7:25,1,6,6123,1,1,1,6,4530 Route de Saint-Jeannet,43,
2.02E+11,1,8,2024,13:50,1,5,5023,2,1,1,6,Rue de la Soie,44,
2.02E+11,7,9,2024,12:40,1,69,69266,2,2,1,3,Rue d'Inkermann,45,
2.02E+11,1,8,2024,8:20,1,3,3185,2,1,1,6,THOMAS ( AVENUE ALBERT ),46,
2.02E+11,6,9,2024,16:30,1,69,69092,2,1,1,1,Rue de Tarare,45,
2.02E+11,1,8,2024,4:36,5,1,1283,2,1,8,6,DUNANT (HENRI),46,
2.02E+11,7,9,2024,22:33,5,68,68224,2,8,2,1,STOESSEL (BOULEVARD CHARLES),47,
2.02E+11,1,8,2024,18:30,1,75,75116,2,1,1,4,BD PERIPHERIQUE EXTERIEUR,48,
2.02E+11,7,9,2024,17:45,1,67,67482,2,1,1,1,LA FONTAINE (BOULEVARD),48,
2.02E+11,31,7,2024,18:40,1,75,75116,2,1,1,2,BOULEVAR PERIPHERIQUE EXTERIEUR,48,
2.02E+11,7,9,2024,17:15,1,67,67482,2,1,1,1,SCHIRMECK (ROUTE DE),48,
2.02E+11,31,7,2024,4:48,5,75,75120,2,2,2,1,RUE VITRUVE,48,
2.02E+11,6,9,2024,17:10,1,67,67482,2,1,1,3,PIERRE CORNEILLE (AVENUE),48,
2.02E+11,1,8,2024,16:45,1,75,75119,2,2,1,3,AVENUE CORENTIN CARIOU,48,
2.02E+11,7,9,2024,23:10,3,64,64284,2,1,1,7,VALLEES DES,43,
2.02E+11,1,8,2024,11:55,1,75,75119,2,1,1,2,RUE DE MEAUX,48,
2.02E+11,7,9,2024,19:10,1,64,64348,1,3,1,7,CHARLES LEVEQUE,43,
2.02E+11,31,7,2024,21:45,5,75,75117,2,3,1,7,RUE DE LA JONQUIERE,48,
2.02E+11,7,9,2024,19:33,1,64,64102,2,3,1,3,HABAS (CHEMIN DU MOULIN DE),43,
2.02E+11,1,8,2024,8:03,1,75,75116,2,5,1,6,CHAUSSEE LA MUETTE,48,
2.02E+11,31,7,2024,15:00,1,75,75116,2,1,1,2,BD PERIPHERIQUE EXTERIEUR,48,
2.02E+11,6,9,2024,16:30,1,64,64102,2,1,1,2,SOULT (AVENUE MARECHAL),43,
2.02E+11,7,9,2024,23:40,3,63,63113,2,1,8,6,bretelle Bingen / Oradou,45,
2.02E+11,1,8,2024,18:05,1,75,75113,2,1,1,2,BOULEVARD KELLERMANN,48,
2.02E+11,1,8,2024,13:15,1,75,75112,2,1,1,3,AVENUE DE GRAVELLE,48,
2.02E+11,7,9,2024,15:00,1,63,63113,2,2,1,4,FRANCE (RUE ANATOLE),45,
2.02E+11,1,8,2024,5:55,2,75,75112,2,2,1,3,Avenue de Gravelle,48,
2.02E+11,31,7,2024,21:58,5,75,75112,2,1,1,6,COURS DE VINCENNES,48,
2.02E+11,7,9,2024,8:30,1,58,58194,2,6,2,3,MARECHAL KOENING,46,
2.02E+11,1,8,2024,0:15,5,75,75111,2,3,1,2,BOULEVARD DE MENILMONTANT,48,
2.02E+11,1,8,2024,11:15,1,75,75110,2,3,1,6,RUE DU FAUBOURG SAINT MARTIN,48,
2.02E+11,1,8,2024,6:25,2,75,75107,2,1,3,7,BOULEVARD DES INVALIDES,48,
2.02E+11,1,8,2024,2:30,5,75,75101,2,3,1,2,QUAI DE LA MEGISSERIE,48,
2.02E+11,1,8,2024,18:45,1,94,94052,2,1,1,4,N486,48,
2.02E+11,31,7,2024,16:45,1,94,94042,2,1,1,3,Quai du Barrage,48,
2.02E+11,1,8,2024,6:30,2,94,94046,2,1,2,6,Rue Louis Pergaud,48,
2.02E+11,1,8,2024,23:45,5,94,94018,1,1,3,7,Ile Martinet,48,
2.02E+11,31,7,2024,18:15,1,94,94071,2,6,1,3,Avenue Gabriel Péri,48,
2.02E+11,31,7,2024,16:50,1,93,93073,2,2,1,3,Rue du Sonnet / Rue des Terres Noires,49,
2.02E+11,1,8,2024,13:40,1,93,93029,2,3,1,3,Avenue Marceau / Rue Eugene Sue,48,
2.02E+11,1,8,2024,12:00,1,93,93013,1,1,1,3,LINDBERGH (CARREFOUR),48,
2.02E+11,1,8,2024,9:15,1,93,93010,2,1,1,6,Rue Jules Auffret,48,
2.02E+11,1,8,2024,8:45,1,92,92044,2,2,1,3,J. GUESDE(RUE)25A57 ET 30A64,48,
2.02E+11,1,8,2024,0:42,5,92,92036,2,1,1,6,GRESILLONS (AVENUE DES) (141/215),48,
2.02E+11,1,8,2024,19:15,1,92,92004,2,1,1,6,HOTEL DE VILLE   ( PLACE ),48,
2.02E+11,2,8,2024,12:43,1,24,24462,2,2,1,2,Rue des Mauries,45,
2.02E+11,31,7,2024,10:05,1,6,6161,2,6,1,7,Avenue des Plans,43,
2.02E+11,2,8,2024,6:25,2,28,28219,1,1,1,6,A11 PK 101+500,48,
2.02E+11,1,8,2024,16:00,1,974,97422,1,1,1,7,Route Forestière 5,-21,
2.02E+11,1,8,2024,17:25,1,974,97405,1,1,1,2,Rue Augustin Mézino,-21,
2.02E+11,1,8,2024,19:45,3,972,97218,2,1,2,2,Rue André Aliker,14,
2.02E+11,2,8,2024,18:27,1,83,83086,1,1,1,2,2195 Route d?Aix En Provence,43,
2.02E+11,1,8,2024,22:30,3,14,14027,1,1,1,6,Route de Longvillers,49,
2.02E+11,2,8,2024,16:00,1,87,87203,1,1,1,4,Autoroute A20 PK205+780,45,
2.02E+11,2,8,2024,9:19,1,76,76312,2,1,1,7,16 Boulevard de Verdun,49,
2.02E+11,1,8,2024,21:40,3,79,79130,1,3,1,2,N/A,46,
2.02E+11,2,8,2024,14:05,1,2A,2A323,1,1,1,3,#Tavaco#,42,
2.02E+11,31,7,2024,10:15,1,33,33236,2,1,1,7,N/A,44,
2.02E+11,31,7,2024,18:00,1,71,71064,1,1,1,6,Rue des Ruachons,46,
2.02E+11,2,8,2024,14:45,1,71,71391,1,1,1,6, 27 Route de la Vallée des Vaux,46,
2.02E+11,28,5,2024,15:10,1,75,75113,2,2,2,2,RUE DE PATAY,48,
2.02E+11,2,8,2024,16:50,1,63,63195,2,1,2,2,Rue de la République,45,
2.02E+11,27,5,2024,12:40,1,75,75112,2,2,1,3,RUE DE CHARENTON,48,
2.02E+11,2,8,2024,13:20,1,61,61402,1,2,1,3,5 Route de Paris,48,
2.02E+11,27,5,2024,8:40,1,75,75112,2,3,1,6,AVENUE DAUMESNIL,48,
2.02E+11,22,7,2024,16:25,1,61,61015,2,3,1,6,D8,48,
2.02E+11,28,5,2024,15:10,1,75,75111,2,3,2,3,BOULEVARD DE CHARONNE,48,
2.02E+11,28,5,2024,13:20,1,75,75110,2,4,2,7,BOULEVARD DE MAGENTA,48,
2.02E+11,27,5,2024,16:45,1,75,75110,2,3,8,3,RUE D ABBEVILLE,48,
2.02E+11,1,8,2024,16:55,1,35,35339,1,2,1,3,Le Haut de la Lande,48,
2.02E+11,28,7,2024,21:22,2,29,29024,2,1,1,6,Route de Kerniguez,48,
2.02E+11,28,5,2024,19:00,1,75,75108,2,2,1,1,RUE DE LISBONNE,48,
2.02E+11,29,7,2024,9:45,1,31,31071,1,2,1,3,rte de labastide,43,
2.02E+11,28,5,2024,8:39,1,75,75116,2,3,1,2,PONT D IENA,48,
2.02E+11,2,8,2024,16:30,1,3,3202,1,1,1,1,D136,46,
2.02E+11,28,5,2024,10:00,1,75,75104,2,2,2,6,BOULEVARD BOURDON,48,
2.02E+11,2,8,2024,11:15,1,1,1305,2,7,1,6,Place Legrand,46,
2.02E+11,2,8,2024,16:55,1,70,70096,1,1,9,1,D683,47,
2.02E+11,28,5,2024,10:25,1,94,94078,2,3,2,3,Avenue du 8 Mai 1945 / Pont de Villeneuve le Roi,48,
2.02E+11,28,5,2024,16:40,1,94,94068,2,3,2,2,Boulevard Rabelais / Rue de la Varenne,48,
2.02E+11,1,8,2024,15:42,1,6,6129,1,1,1,6,M2205,44,
2.02E+11,30,7,2024,15:30,1,64,64443,1,6,1,7,D2,43,
2.02E+11,28,5,2024,16:30,1,94,94015,2,3,2,1,Rue du Four / Grande Rue Charles de Gaulle,48,
2.02E+11,26,7,2024,12:30,1,43,43142,1,1,1,3,Chemin d’Aulagny,45,
2.02E+11,27,5,2024,22:40,5,94,94076,2,3,1,3,Boulevard Maxime Gorki / Rue Guynemer,48,
2.02E+11,28,5,2024,11:20,1,94,94041,2,3,2,6,Avenue Georges Gosnat / Rue Gabriel Péri,48,
2.02E+11,1,8,2024,15:20,1,7,7101,1,3,1,2,D111,44,
2.02E+11,28,5,2024,9:15,1,94,94069,2,2,2,6,Avenue Saint Maurice du Valais / Av du Pdt J Fitzgerald Kennedy,48,
2.02E+11,12,7,2024,19:30,1,7,7334,2,3,7,3,145 avenue du général de gaulle (Les Vans),44,
2.02E+11,31,7,2024,17:05,1,40,40228,1,1,1,3,Avenue Jean Barbé,43,
2.02E+11,28,5,2024,14:48,1,95,95527,1,1,2,5,A1,48,
2.02E+11,24,7,2024,17:20,1,27,27033,1,2,1,3,D142,49,
2.02E+11,2,8,2024,9:25,1,23,23100,2,1,1,3,D990,46,
2.02E+11,28,5,2024,21:00,1,93,93077,2,2,1,6,Grande Rue / Rue de la Montagne Savart,48,
2.02E+11,1,8,2024,18:50,1,37,37132,1,6,1,7,D764,47,
2.02E+11,28,5,2024,5:50,2,93,93050,2,2,1,3,Rue Paul et Camille Thomoux / Rue Louis Vannini,48,