Num_Acc,jour,mois,an,hrmn,lum,dep,com,agg,int,atm,col,adr,lat,long
2.02E+11,2,8,2024,13:10,1,30,30284,1,1,1,4,Avenue de Ladrecht,44,
2.02E+11,28,5,2024,8:30,1,93,93010,2,1,1,6,Avenue Suzanne Buisson,48,
2.02E+11,2,8,2024,17:00,1,30,30228,1,1,1,1,D979,43,
2.02E+11,28,5,2024,19:00,1,92,92073,2,1,1,3,ROUSSEAU (RUE JEAN-JACQUES),48,
2.02E+11,1,8,2024,11:00,1,48,48146,1,1,1,7,départementale 986,44,
2.02E+11,28,5,2024,14:10,1,92,92072,2,1,2,2,GRANDE RUE,48,
2.02E+11,28,5,2024,20:30,1,92,92062,1,1,1,6,CIRCULAIRE (boulevard),48,
2.02E+11,1,8,2024,10:00,1,35,35210,1,6,1,3,D29,48,
2.02E+11,27,5,2024,22:30,5,92,92051,2,1,1,7,CHATEAU (RUE DU),48,
2.02E+11,28,5,2024,0:20,5,92,92050,2,6,1,7,BOULE PLACE DE LA,48,
2.02E+11,1,8,2024,17:23,1,44,44158,1,1,1,1,N/A,47,
2.02E+11,27,5,2024,20:40,1,92,92050,2,2,1,6,THOREZ MAURICE RUE,48,
2.02E+11,2,8,2024,10:10,1,971,97115,1,1,2,1,Nationale 02,,
2.02E+11,27,5,2024,16:30,1,92,92050,2,9,2,3,LONGUES RAIES RUE DES,48,
2.02E+11,28,5,2024,11:00,1,92,92048,2,1,3,7,COLONEL MORAINE (ROUTE DU),48,
2.02E+11,1,8,2024,15:00,1,33,33535,1,6,1,7,N/A,44,
2.02E+11,27,5,2024,18:30,1,92,92044,2,1,1,3,VIC. HUGO(RUE)091A113 ET 112A146,48,
2.02E+11,1,8,2024,14:43,1,44,44020,2,6,1,3,Rue de la Croix Jeannette,47,
2.02E+11,12,7,2024,0:50,5,45,45024,1,1,2,7,D2152 PR 81 + 480,47,
2.02E+11,28,5,2024,1:20,5,92,92036,2,3,1,3,PRINCIPALE DU PORT (ROUTE) (2>S/SA15),48,
2.02E+11,28,5,2024,9:30,1,92,92025,2,1,1,1,MONTS CLAIRS (AV VILLA RUE),48,
2.02E+11,1,8,2024,18:45,1,34,34004,1,2,7,1,D176,43,
2.02E+11,28,5,2024,16:45,1,92,92024,2,2,8,3,GENERAL LECLERC (BD DU) (9 A 59)   (4 A,48,
2.02E+11,5,7,2024,19:30,1,84,84064,1,1,1,7,D204,44,
2.02E+11,28,5,2024,9:00,1,92,92024,2,1,1,3,JEAN JAURES (BD) DE (1 A 45)   (2 A 54),48,
2.02E+11,21,7,2024,10:33,1,83,83146,2,1,2,1,Route de Saint Julien,43,
2.02E+11,1,8,2024,18:50,1,5,5178,1,1,1,7,Impasse du Roussi,44,
2.02E+11,27,5,2024,17:55,1,92,92024,2,3,1,3,MARTRE (RUE) DE (59 A 109)   (58 A 120),48,
2.02E+11,1,8,2024,20:30,2,21,21194,1,1,7,1,D974,47,
2.02E+11,28,5,2024,17:40,1,92,92012,2,2,2,6,GALLIENI (RUE) 159/FIN,48,
2.02E+11,1,8,2024,21:45,5,68,68154,2,9,2,3,Rue de Sausheim,47,
2.02E+11,27,5,2024,8:00,1,86,86092,2,6,1,3,Route de Descartes,46,
2.02E+11,28,5,2024,20:00,3,973,97353,2,1,1,7,Route de Sophie,3,
2.02E+11,31,7,2024,16:30,1,67,67081,2,1,1,6,32 Rue Principale,48,
2.02E+11,29,5,2024,16:31,1,16,16090,1,1,2,1,N/A,45,
2.02E+11,1,8,2024,14:30,1,73,73094,1,1,7,1,D71A Route des saisies,45,
2.02E+11,28,5,2024,16:50,1,65,65301,1,1,1,6,2 Rue de l’Arros,43,
2.02E+11,28,7,2024,22:50,3,38,38085,1,1,1,7,Départementale 24A,45,
2.02E+11,29,5,2024,12:45,1,3,3025,1,1,1,1,A 79 au PR 36+000,46,
2.02E+11,1,8,2024,20:55,2,44,44052,1,6,1,7,Les Prauds,47,
2.02E+11,27,5,2024,14:30,1,19,19113,2,3,1,7,D108,45,
2.02E+11,30,7,2024,6:04,2,44,44026,1,1,1,3,Route de Paris,47,
2.02E+11,28,5,2024,16:45,1,82,82112,1,1,1,6,Route de Laujol,44,
2.02E+11,28,5,2024,17:10,1,65,65129,2,3,1,5,Route de Toulouse,43,
2.02E+11,25,7,2024,21:34,2,22,22282,1,1,3,6,D19,48,
2.02E+11,28,5,2024,21:20,5,11,11255,2,9,1,1,N/A,43,
2.02E+11,29,5,2024,9:15,1,63,63210,1,1,2,1,lieu dit arbalesse,45,
2.02E+11,1,8,2024,9:00,1,59,59249,2,6,2,3,Place Alfred Derigny,50,
2.02E+11,28,5,2024,18:16,1,49,49218,1,2,8,3,D134,47,
2.02E+11,31,7,2024,20:18,1,13,13213,1,1,1,3,A507 sens Aubagne- Marseille,43,
2.02E+11,29,5,2024,12:15,1,68,68062,2,3,2,3,1 Route de Hirtzbach,47,
2.02E+11,17,7,2024,6:30,1,69,69382,2,1,8,6,Route de Métropole 7  ,45,
2.02E+11,28,5,2024,15:05,1,22,22055,2,1,1,6,Quai Jean Bart,48,
2.02E+11,28,5,2024,18:00,1,39,39101,2,3,1,3,57 Rue de Damparis,47,
2.02E+11,28,5,2024,9:50,1,31,31468,1,1,1,6,D36,43,
2.02E+11,12,7,2024,17:00,1,1,1049,1,1,2,4,A432N 9.900 A 11.118,45,
2.02E+11,1,8,2024,4:00,5,33,33143,1,1,1,6,N/A,44,
2.02E+11,28,5,2024,14:45,1,84,84017,1,2,1,3,Départementale 974,44,
2.02E+11,29,7,2024,15:10,1,59,59009,1,4,1,2,ROUTE NATIONALE 227,50,
2.02E+11,29,5,2024,10:40,1,84,84020,1,1,1,5,D900,43,
2.02E+11,1,8,2024,16:45,1,91,91645,1,1,1,2,AUTOROUTE A86,48,
2.02E+11,29,5,2024,10:45,1,66,66137,2,1,1,6,avenue de france,42,
2.02E+11,28,5,2024,20:30,1,5,5045,1,2,1,3,route nationale 94,44,
2.02E+11,1,8,2024,7:35,1,92,92002,1,1,2,4,AUTOROUTE A86,48,
2.02E+11,28,5,2024,18:00,1,64,64216,1,2,1,3,D940,43,
2.02E+11,1,8,2024,12:40,1,92,92051,1,1,7,2,RN13,48,
2.02E+11,29,5,2024,18:20,1,36,36088,1,1,2,6,N/A,46,
2.02E+11,31,7,2024,16:50,1,92,92050,1,1,1,6,A86,48,
2.02E+11,27,5,2024,17:35,1,7,7198,1,1,3,1,D86,44,
2.02E+11,1,8,2024,18:25,1,93,93027,1,1,1,3,BDL,48,
2.02E+11,27,5,2024,2:00,3,24,24291,2,1,1,6,Avenue du Chambon,45,
2.02E+11,29,5,2024,7:36,2,37,37045,1,1,8,6,Le Grignon,47,
2.02E+11,31,7,2024,15:10,1,93,93051,1,1,1,2,A4,48,
2.02E+11,29,5,2024,14:30,1,19,19085,1,1,8,6,N/A,45,
2.02E+11,28,7,2024,22:36,3,77,77058,1,1,1,5,A4,48,
2.02E+11,29,5,2024,8:00,1,6,6088,1,1,1,3,93 Avenue Joseph Raybaud,43,
2.02E+11,18,3,2024,2:00,3,32,32119,2,1,1,6,43 avenue des fleurs,43,
2.02E+11,27,5,2024,15:20,1,11,11145,1,1,1,6,D1118 PR27,43,
2.02E+11,31,7,2024,15:15,1,976,97611,2,1,1,6,mgombani-Mahabou (rue de ),45,
2.02E+11,28,5,2024,0:50,3,987,98722,1,1,1,1,PK 36 C/montagne - RT 2 -,-17,
2.02E+11,20,4,2024,0:55,5,13,13007,2,1,1,1,D560,43,
2.02E+11,29,5,2024,10:45,1,13,13027,2,1,1,1,D571,43,
2.02E+11,28,5,2024,16:35,1,13,13059,1,1,1,2,D96,43,
2.02E+11,28,5,2024,11:55,1,57,57654,1,1,1,3,D603,49,
2.02E+11,29,5,2024,12:00,1,42,42005,2,1,1,3,Rue des Bullieux,45,
2.02E+11,29,5,2024,1:50,3,22,22162,2,6,1,6,Rue Raymond Pellier,48,
2.02E+11,29,5,2024,9:30,1,76,76276,2,2,2,6,rue de la république,49,
2.02E+11,27,5,2024,22:12,3,13,13216,1,1,1,6,A55-Sens Marseille vers Martigues,43,
2.02E+11,23,5,2024,18:00,1,1,1275,1,1,1,5,A46N 25.180 A 25.680,45,
2.02E+11,27,5,2024,15:00,1,54,54150,1,1,1,6,Autoroute A 31,48,
2.02E+11,27,5,2024,12:30,1,33,33162,1,1,1,7,N/A,44,
2.02E+11,28,5,2024,18:20,1,95,95500,1,1,1,4,A15,49,
2.02E+11,28,5,2024,7:40,1,95,95277,1,1,1,4,D170,48,
2.02E+11,27,5,2024,17:40,1,95,95351,1,1,3,2,N104,49,
2.02E+11,28,5,2024,13:15,1,94,94052,1,1,2,4,A86,48,
2.02E+11,22,2,2024,15:20,1,88,88383,2,1,3,6,rue des etats unis,48,
2.02E+11,24,2,2024,18:35,5,88,88383,2,1,1,2,Boulevard Thiers,48,
2.02E+11,11,1,2024,13:45,1,88,88131,1,3,1,3,route départementale 44 ,48,
2.02E+11,24,2,2024,21:15,3,45,45093,1,1,8,3,A10 PR 84 + 350,48,
2.02E+11,27,5,2024,13:20,1,987,98735,2,9,1,2,MISSION (QUARTIER),-17,
2.02E+11,27,5,2024,8:15,1,974,97411,2,1,1,6,RUISSEAU BLANC (CHEMIN DU),-20,
2.02E+11,27,5,2024,6:00,3,974,97407,1,9,1,3,BOUVET (AVENUE),-20,
2.02E+11,27,5,2024,20:12,1,69,69388,2,2,1,3,Avenue Jean Mermoz,45,
2.02E+11,27,5,2024,13:25,1,91,91589,2,1,8,6,BD ARISTIDE BRIAND,48,
2.02E+11,26,5,2024,20:46,1,91,91286,2,1,8,6,SURCOUF (SQUARE),48,
2.02E+11,27,5,2024,16:20,1,91,91521,2,1,1,6,CHAMPS (AVENUE DES),48,
2.02E+11,27,5,2024,18:00,1,84,84007,2,1,2,4,CHARLES DE GAULLE,43,
2.02E+11,26,5,2024,13:10,1,78,78029,2,2,1,3,VICTOR HUGO (BOULEVARD),48,
2.02E+11,28,5,2024,1:52,5,77,77350,2,6,1,1,AV DU GENERAL LECLERC,48,
2.02E+11,24,5,2024,19:15,1,76,76552,2,4,1,7,ALBERT DUBOSC,49,
2.02E+11,27,5,2024,9:50,1,76,76447,2,1,1,1,BELLE ETOILE (AV DE LA),49,
2.02E+11,25,5,2024,17:35,1,76,76351,2,3,1,2,BOIS AU COQ (AVENUE),49,
2.02E+11,25,5,2024,16:20,1,76,76351,2,3,1,3,SEIZIEME PORT (AVENUE DU),49,
2.02E+11,27,5,2024,20:25,1,65,65440,2,3,1,1,Avenue Aristide Briand,43,
2.02E+11,27,5,2024,19:55,2,64,64335,1,9,1,1,D945,43,
2.02E+11,26,5,2024,18:45,1,64,64122,2,1,1,6,EDOUARD VII (AVENUE),43,
2.02E+11,26,5,2024,5:00,5,64,64024,1,1,1,7,ETCHECOPAR (ALLEE),43,
2.02E+11,27,5,2024,16:30,1,63,63113,2,6,1,1,BENNETT (RUE GORDON),45,
2.02E+11,27,5,2024,14:35,1,63,63113,2,1,8,6,JULIEN (AVENUE),45,
2.02E+11,27,5,2024,7:35,1,62,62041,2,2,1,6,Rue Désiré Delansorne,50,
2.02E+11,27,5,2024,11:40,1,59,59350,2,3,1,4,Place des Buisses,50,
2.02E+11,27,5,2024,9:30,1,59,59343,1,1,1,1,BRIZON PIERRE RUE,50,
2.02E+11,27,5,2024,10:30,1,58,58194,2,3,1,3,PETIT MOUESSE,46,
2.02E+11,27,5,2024,12:44,1,54,54323,1,6,1,2,D618,49,
2.02E+11,26,5,2024,9:45,1,49,49007,2,1,1,2,PONTS DE CE,47,
2.02E+11,27,5,2024,15:25,1,47,47001,2,1,1,3,DENFERT ROCHEREAU (RUE),44,
2.02E+11,25,5,2024,22:40,5,46,46042,2,1,1,1,GAMBETTA (BOULEVARD LEON) N°IMPAIR,44,
2.02E+11,27,5,2024,21:35,5,45,45075,2,2,1,3,D2152 PR 76 + 1206,47,
2.02E+11,27,5,2024,13:50,1,42,42095,2,1,1,2,Rue Dorian,45,
2.02E+11,27,5,2024,11:24,1,41,41226,1,2,1,3,PARIS (ROUTE DE),47,
2.02E+11,27,5,2024,2:00,5,35,35238,2,1,1,6,CHEVREL (ROGER),48,
2.02E+11,27,5,2024,21:35,5,34,34172,2,2,1,3,EINSTEIN (AVENUE ALBERT,43,
2.02E+11,24,5,2024,19:35,1,34,34032,1,1,1,1,DOMAINE LA CREMADE (RD.37E),43,
2.02E+11,27,5,2024,8:28,1,29,29232,2,1,2,1,Avenue des Oiseaux,47,
2.02E+11,27,5,2024,7:50,1,28,28134,2,3,1,3,N/A,48,
2.02E+11,27,5,2024,8:15,1,25,25056,2,3,1,3,DOLE RUE DE (inf 82),47,
2.02E+11,27,5,2024,22:00,2,22,22187,2,9,1,6,Martin Plage (rue de ),48,
2.02E+11,23,5,2024,17:54,1,22,22106,2,1,1,6,VERNE (RUE JULES),48,
2.02E+11,27,5,2024,11:30,1,22,22113,2,1,1,6,MARECHAL FOCH (QUAI DU),48,
2.02E+11,27,5,2024,9:15,1,14,14117,2,2,1,3,4 Avenue de la Dives,49,
2.02E+11,27,5,2024,7:50,1,13,13071,1,1,1,1,PLAN DE CAMPAGNE (AVE. DE ),43,
2.02E+11,26,5,2024,21:30,2,75,75116,2,1,1,2,BD PERIPHERIQUE EXTERIEUR,48,
2.02E+11,11,10,2024,10:23,1,93,93070,2,1,1,6,DOCTEUR BAUER(RUE DU) :NÂ°  75 AU 129,48,
2.02E+11,25,5,2024,6:15,1,75,75120,2,1,1,3,BD PERIPHERIQUE EXTERIEUR,48,
2.02E+11,30,7,2024,8:30,1,76,76351,1,1,1,1,RD 6382,49,
2.02E+11,25,5,2024,21:35,3,75,75111,2,3,1,6,RUE POPINCOURT,48,
2.02E+11,22,7,2024,20:15,1,76,76069,2,1,1,6,35 Route de Paris,49,
2.02E+11,27,5,2024,21:35,5,75,75119,2,4,1,3,RUE PETIT,48,
2.02E+11,11,10,2024,18:22,1,17,17415,2,1,1,6,FLANDRES RUE DES,45,
2.02E+11,27,5,2024,0:30,5,75,75116,2,2,1,3,AVENUE DE L HIPPODROME,48,
2.02E+11,27,5,2024,7:05,1,75,75113,2,2,1,6,RUE JEAN COLLY,48,
2.02E+11,10,10,2024,21:40,5,92,92025,2,1,1,3,VALMY 1 A 53   2 A 66 (BD DE),48,
2.02E+11,27,5,2024,11:40,1,75,75110,2,1,1,6,BOULEVARD DE LA VILLETTE,48,
2.02E+11,12,8,2024,7:13,1,74,74008,2,1,1,6,SANGNIER (RUE MARC),46,
2.02E+11,27,5,2024,20:43,2,75,75101,2,3,1,6,RUE SAINT DENIS,48,
2.02E+11,11,10,2024,19:59,5,987,98736,2,1,1,3,TUTERAI TANE (RUE)-PIRAE,-17,
2.02E+11,26,5,2024,17:00,1,94,94028,2,6,1,3,Rue de Paris / Rue des Mèches,48,
2.02E+11,12,10,2024,12:35,1,974,97416,1,1,1,3,LAMBRIQUET JOSEPH(RUE),-21,
2.02E+11,25,5,2024,22:00,5,94,94028,2,1,1,4,Avenue du Maréchal Foch,48,
2.02E+11,27,5,2024,4:40,3,94,94019,2,1,8,6,Avenue de l’Hippodrome,48,
2.02E+11,12,10,2024,10:55,1,974,97416,2,1,1,2,BANK (BOULEVARD),-21,
2.02E+11,27,5,2024,8:21,1,94,94018,2,6,1,3,Quai des Carrieres / Rue Victor Hugo,48,
2.02E+11,13,10,2024,0:30,3,974,97411,1,1,1,6,POINSETIAS (CHEMIN DES),-20,
2.02E+11,27,5,2024,17:25,1,93,93055,2,1,1,4,Rue Denis Papin,48,
2.02E+11,12,10,2024,9:30,1,974,97411,1,1,1,6,DOMENJOD (ROUTE DE),-20,
2.02E+11,27,5,2024,15:43,1,93,93074,2,3,3,3,Rue de Meaux / Rue Ronsard,48,
2.02E+11,27,5,2024,7:50,1,93,93079,2,9,8,3,Avenue de la Division Leclerc,48,
2.02E+11,11,10,2024,21:40,3,974,97411,1,1,1,2,LITTORAL (ROUTE 1 DU),-20,
2.02E+11,25,5,2024,21:00,1,93,93014,2,3,1,3,Allée Albert Camus / Avenue Jean Moulin,48,
2.02E+11,11,10,2024,16:25,1,974,97407,2,3,1,3,CIMENDEF(RUE),-20,
2.02E+11,27,5,2024,20:00,1,93,93005,2,2,1,3,Rue de Sevran / Route de Mitry,48,
2.02E+11,27,5,2024,11:55,1,93,93001,2,1,1,3,Boulevard Anatole France,48,
2.02E+11,12,10,2024,13:20,1,973,97302,2,2,1,3,COLOMB (CHRISTOPHE),4,
2.02E+11,27,5,2024,17:41,1,92,92050,2,6,1,1,BOULE PLACE DE LA,48,
2.02E+11,12,10,2024,7:45,1,973,97302,2,1,1,6,RABAN (ROUTE DE),4,
2.02E+11,24,5,2024,17:27,1,92,92048,2,1,1,6,GARDES (ROUTE DES) N° 5 A 51,48,
2.02E+11,12,10,2024,7:45,2,69,69387,2,1,1,6,Rue Croix-Barret,45,
2.02E+11,27,5,2024,5:50,1,92,92004,2,6,8,1,GALLIENI ( RUE ),48,
2.02E+11,28,5,2024,7:40,1,34,34202,2,1,1,1,Avenue du General Grollier,43,
2.02E+11,11,10,2024,17:50,2,972,97209,2,1,1,6,AVE CAMILLE DARSIERES,14,
2.02E+11,28,5,2024,18:45,1,60,60369,1,1,1,6,D13,49,
2.02E+11,27,5,2024,14:00,1,9,9289,2,9,8,1,RD117,43,
2.02E+11,12,10,2024,20:41,3,2B,2B033,2,4,1,1,FAVALE - COURS,42,
2.02E+11,28,5,2024,15:20,1,60,60296,1,1,2,3,D930,49,
2.02E+11,28,5,2024,0:40,3,66,66217,1,1,1,2,N/A,42,
2.02E+11,27,5,2024,16:50,1,62,62621,2,1,1,6,Rue des Clittes,50,
2.02E+11,12,10,2024,12:00,1,971,97113,2,1,1,3,MONTAUBAN (SECTEUR),16,
2.02E+11,28,5,2024,19:00,1,67,67534,2,3,1,1,Rue des Vergers,48,
2.02E+11,11,10,2024,13:00,1,971,97105,2,1,1,6,GOUVERNEUR DU LYON (AVE),16,
2.02E+11,25,5,2024,13:30,1,54,54011,1,1,1,3,D29,49,
2.02E+11,26,5,2024,10:45,1,14,14061,1,1,1,7,Les Bessardières (Campeaux),48,
2.02E+11,12,10,2024,22:00,5,2A,2A004,2,3,1,3,#5 Cours Napoléon#,41,
2.02E+11,27,5,2024,17:10,1,34,34036,1,1,1,6,A75 pk 280+373,43,
2.02E+11,12,10,2024,23:16,5,91,91161,2,1,1,2,AV MAZARIN,48,
2.02E+11,26,5,2024,3:45,3,51,51612,1,4,1,6,D38,48,
2.02E+11,27,5,2024,16:33,1,59,59037,1,1,3,7,D97,50,
2.02E+11,27,5,2024,19:35,2,65,65284,2,9,2,6,43.184572,,
2.02E+11,11,10,2024,16:00,1,91,91345,2,1,1,6,RUE DU DOCTEUR ROUX,48,
2.02E+11,28,5,2024,18:00,1,69,69248,1,3,1,3,Route Départementale 308,46,
2.02E+11,12,10,2024,20:20,5,91,91479,2,3,1,3,AV DE VERDUN,48,
2.02E+11,28,5,2024,16:00,1,71,71254,1,2,1,3,D118,46,
2.02E+11,27,5,2024,15:00,1,12,12294,1,1,2,6,La Franquèse,44,
2.02E+11,12,10,2024,5:00,5,88,88160,2,1,1,1,BESONFOSSE (RUE DE),48,
2.02E+11,28,5,2024,16:55,1,41,41161,2,1,1,2,45 Rue Saint-Marc,47,
2.02E+11,28,5,2024,18:00,1,86,86009,1,1,1,1,Lieu dit le chateau d'eau,46,
2.02E+11,28,5,2024,1:00,4,86,86097,2,3,1,6,Rue Saint Hilaire,46,
2.02E+11,11,10,2024,23:35,5,84,84007,1,3,2,3,LUCIE AUBRAC (RUE),43,
2.02E+11,28,5,2024,16:00,1,34,34079,1,4,1,2,"D156e4 - Lieu dit "" les bories""",43,
2.02E+11,26,5,2024,10:04,1,39,39285,1,1,1,7,N/A,47,
2.02E+11,12,10,2024,18:50,5,83,83137,2,3,2,6,JANVIER (RUE),43,
2.02E+11,10,5,2024,9:45,1,31,31377,1,1,1,3,RD25,43,
2.02E+11,12,10,2024,15:30,1,83,83137,2,9,1,6,REVEL (RUE),43,
2.02E+11,28,5,2024,9:05,1,31,31107,2,1,1,1,20 Route de Lafitte,43,
2.02E+11,28,5,2024,13:45,1,1,1024,1,3,7,3,Route de Montrevel,46,
2.02E+11,27,5,2024,19:10,1,90,90088,2,3,1,3,Av du General Charles de Gaulle,47,
2.02E+11,11,10,2024,22:45,5,77,77307,2,9,1,7,D934,48,
2.02E+11,27,5,2024,18:21,1,60,60030,1,1,2,3,D927,49,
2.02E+11,11,10,2024,17:40,1,72,72181,2,3,1,3,LECLERC GENERAL (AV) PAIRS DE 2 A 68,47,
2.02E+11,13,10,2024,23:43,5,71,71270,2,1,2,6,LAMARTINE (QUAI),46,
2.02E+11,28,5,2024,10:30,1,45,45307,1,1,1,5,D146 PR 2 + 600,48,
2.02E+11,11,10,2024,16:45,1,71,71270,2,3,1,1,HERITAN (RUE DE L'),46,
2.02E+11,27,5,2024,14:30,1,64,64495,1,1,2,1,D4,43,
2.02E+11,11,10,2024,13:50,1,71,71270,2,6,1,6,NEUF CLES (BOULEVARD DES),46,
2.02E+11,28,5,2024,4:50,3,18,18054,2,1,1,7,5 Route de Nerondes,46,
2.02E+11,27,5,2024,17:00,1,18,18080,1,1,1,7,N/A,46,
2.02E+11,13,10,2024,1:23,5,64,64102,2,1,1,2,AQUITAINE (AVENUE DE L'),43,
2.02E+11,28,5,2024,12:20,1,36,36181,1,1,1,3,N/A,46,
2.02E+11,12,10,2024,20:03,5,64,64140,2,3,1,1,GAULLE (AV CHARLES DE),43,
2.02E+11,27,5,2024,19:15,1,40,40271,1,1,1,1,7288 route des barthes,43,
2.02E+11,12,10,2024,15:00,1,63,63224,2,1,1,6,GARENNES (RUE LES),45,
2.02E+11,28,5,2024,3:30,3,13,13051,1,1,1,3,D113,43,
2.02E+11,13,10,2024,0:20,3,63,63113,2,2,1,3,André Theuriet / av des Cottages,45,
2.02E+11,25,5,2024,6:20,2,1,1142,1,1,1,2,A42 PK 018+300,45,
2.02E+11,12,10,2024,21:10,5,59,59286,2,3,2,3,CARNOT SADI RUE,50,
2.02E+11,27,5,2024,15:50,1,18,18089,1,1,1,2,N/A,46,
2.02E+11,12,10,2024,16:10,1,54,54357,2,1,1,2,Avenue de Metz,48,
2.02E+11,27,5,2024,10:55,1,51,51147,1,1,1,7,Autoroute A4,49,
2.02E+11,11,10,2024,16:55,1,54,54547,2,1,1,3,Rue de Norvège,48,
2.02E+11,11,10,2024,17:55,2,54,54395,2,5,1,3,Boulevard Lobau,48,
2.02E+11,26,5,2024,11:30,1,76,76457,1,1,1,3,A13,49,
2.02E+11,12,10,2024,11:40,1,46,46042,2,1,1,6,ORMEAUX (COTE DES),44,
2.02E+11,27,5,2024,6:50,1,974,97418,1,1,1,3,N2,-20,
2.02E+11,12,10,2024,10:30,1,45,45274,1,1,1,2,D951 PR 87 + 446,47,
2.02E+11,28,5,2024,18:39,1,18,18133,2,1,1,1,20 Route de Bourges,46,
2.02E+11,12,10,2024,7:35,1,38,38185,2,1,1,1,JEUX OLYMPIQUES (AVENUE DES),45,
2.02E+11,13,10,2024,0:20,3,37,37122,2,1,1,6,RD 127 ROUTE DES MAISONS NEUVES,47,
2.02E+11,28,5,2024,12:15,1,66,66008,2,1,1,3,17 Chemin de Palau,42,
2.02E+11,12,10,2024,19:10,5,34,34172,2,1,2,3,MONTELS L' EGLISE (RUE DE),43,
2.02E+11,12,10,2024,20:30,5,33,33032,1,1,1,7,N/A,44,
2.02E+11,28,5,2024,18:32,1,83,83065,1,6,1,5,Route Departementale 98a,43,
2.02E+11,12,10,2024,10:30,1,33,33318,2,1,1,6,N/A,44,
2.02E+11,28,5,2024,10:30,1,13,13107,2,1,1,1,Avenue Roger Guigon,43,
2.02E+11,8,4,2024,17:30,1,74,74250,1,1,1,7,Route de delairaz,46,
2.02E+11,12,10,2024,3:15,5,33,33063,2,3,1,3,N/A,44,
2.02E+11,28,5,2024,19:00,1,42,42304,1,1,1,6,Route de Saint-Romain,45,
2.02E+11,12,10,2024,15:17,1,31,31555,2,1,1,4,33 B SESQUIERES  (PERIPH OUEST A620),43,
2.02E+11,24,5,2024,8:45,1,38,38200,2,2,1,3,Rue Jules Ferry,45,
2.02E+11,27,5,2024,20:39,1,80,80625,2,1,1,6,98 Rue Marcel Thomas,49,
2.02E+11,12,10,2024,16:20,1,28,28134,1,1,8,4,RN 12 (ARCHE DU GAZON),48,
2.02E+11,26,5,2024,18:40,1,59,59212,2,1,1,7,3 Rue Philippe de Stavèle,50,
2.02E+11,12,10,2024,11:10,1,27,27306,2,1,1,2,CARAVELLES (RUE DES),49,
2.02E+11,12,10,2024,23:40,3,26,26198,1,1,2,6,Route du Teil,44,
2.02E+11,23,5,2024,8:24,1,13,13106,1,1,1,3,A7-Sens Lyon vers Marseille,43,
2.02E+11,12,10,2024,8:30,1,15,15014,2,1,1,6,Place Pierre Semard,44,
2.02E+11,26,5,2024,18:10,1,13,13005,1,1,1,2,A501-Sens Pont de l'Etoile vers Aubagne,43,
2.02E+11,12,10,2024,19:40,5,14,14215,2,1,1,6,32 Rue Louis Ballière,49,
2.02E+11,22,5,2024,22:30,3,42,42237,1,1,1,1,N88,45,
2.02E+11,11,10,2024,18:55,2,13,13005,2,1,1,3,RN 96 (ROUTE NATIONALE ),43,
2.02E+11,27,5,2024,16:00,1,93,93007,1,1,8,2,A1,48,
2.02E+11,12,10,2024,20:15,5,13,13001,1,2,2,1,ENFANT (RTE DE L'),43,
2.02E+11,27,5,2024,13:00,1,95,95572,1,1,1,6,N184,49,
2.02E+11,19,9,2024,18:30,2,13,13001,1,8,7,3,ST CANADET (ROUTE) D.13,43,
2.02E+11,12,10,2024,11:30,1,10,10333,2,2,1,3,Avenue d'Echenilly,48,
2.02E+11,12,10,2024,6:45,5,3,3190,2,9,1,3,Rue du Vert Galant,46,
2.02E+11,12,10,2024,4:00,5,75,75116,2,1,1,5,BD PERIPHERIQUE EXTERIEUR,48,
2.02E+11,11,10,2024,15:45,1,75,75120,2,1,1,5,BD PERIPHERIQUE INTERIEUR,48,
2.02E+11,11,10,2024,20:30,5,75,75102,2,2,1,6,BOULEVARD SAINT DENIS,48,
2.02E+11,12,10,2024,23:59,5,75,75118,2,2,1,3,RUE MARX DORMOY,48,
2.02E+11,12,10,2024,18:30,2,75,75117,2,2,2,2,RUE DE COURCELLES,48,
2.02E+11,12,10,2024,0:45,5,75,75116,2,2,1,1,ALLEE DE LA REINE MARGUERITE,48,
2.02E+11,12,10,2024,19:10,5,75,75115,2,2,2,3,RUE DE LOURMEL,48,
2.02E+11,11,10,2024,17:15,1,75,75112,2,2,1,6,AVENUE LEDRU ROLLIN,48,
2.02E+11,12,10,2024,9:50,1,75,75111,2,3,1,6,BOULEVARD RICHARD LENOIR,48,
2.02E+11,12,10,2024,12:29,1,75,75108,2,1,3,1,PONT DES INVALIDES,48,
2.02E+11,11,10,2024,23:25,5,75,75103,2,2,1,2,BOULEVARD DE SEBASTOPOL,48,
2.02E+11,12,10,2024,16:45,1,94,94046,2,2,1,3,Rue Pierre Sémard,48,
2.02E+11,12,10,2024,20:05,5,94,94034,2,1,2,6,Avenue de la Division Leclerc,48,
2.02E+11,12,10,2024,22:00,5,94,94054,2,3,1,3,Route Charles Tillon,48,