Num_Acc,jour,mois,an,hrmn,lum,dep,com,agg,int,atm,col,adr,lat,long
2.02E+11,28,6,2024,18:00,1,29,29232,2,1,1,2,Route de Brest,48,
2.02E+11,8,3,2024,15:00,1,57,57672,2,2,1,3,GUENTRANGE (ROUTE DE) 1 A 93,49,
2.02E+11,28,6,2024,7:45,2,29,29232,2,6,1,3,Rond-Point de Ludugris,47,
2.02E+11,18,11,2024,22:06,5,92,92073,2,1,2,3,ROOSVELT (AVENUE FRANKLIN),48,
2.02E+11,10,3,2024,9:50,1,56,56121,2,1,8,7,GAILLEC (RUE  DU ),47,
2.02E+11,19,11,2024,9:55,1,92,92022,2,1,8,3,SALENGRO (AVENUE ROGER),48,
2.02E+11,28,6,2024,13:24,1,28,28220,2,1,1,5,AVENUE DE LA REPUBLIQUE,48,
2.02E+11,19,11,2024,11:40,1,92,92064,2,1,3,6,SURESNES,48,
2.02E+11,10,3,2024,8:52,1,54,54526,2,3,1,3,Rue Camélinat,48,
2.02E+11,29,6,2024,4:10,3,26,26057,2,1,1,7,D2532N,45,
2.02E+11,19,11,2024,18:20,5,92,92063,2,9,2,6,DOUMER (AVENUE PAUL) NORD,48,
2.02E+11,10,3,2024,5:05,5,54,54395,2,3,1,6,Rue de l'Armée Patton,48,
2.02E+11,29,6,2024,4:28,5,17,17274,2,1,1,2,POMMERAIE   PLACE DE LA,46,
2.02E+11,19,11,2024,21:20,5,92,92050,2,3,1,1,REPUBLIQUE AVENUE DE LA,48,
2.02E+11,9,3,2024,18:30,1,50,50129,2,2,1,3,TANNERIES (RUE DES),49,
2.02E+11,29,6,2024,19:35,1,14,14557,1,1,1,6,551 Route de Beaumont-en-Auge,49,
2.02E+11,19,11,2024,8:44,1,92,92050,2,3,2,3,CLEMENCEAU GEORGES AVENUE N° PAIR,48,
2.02E+11,9,3,2024,14:05,1,49,49328,1,1,1,2,ROCADE N 347,47,
2.02E+11,29,6,2024,20:10,1,14,14366,1,1,1,3,Chemin de la Galoterie,49,
2.02E+11,19,11,2024,16:25,2,92,92026,2,2,2,6,VERDUN (DE 62 A FIN),48,
2.02E+11,11,3,2024,12:30,1,45,45234,2,1,1,6,95 bis Rue de Coulmiers,47,
2.02E+11,28,6,2024,17:10,1,13,13001,1,1,1,6,LOQUI (ROUTE DE),43,
2.02E+11,24,2,2024,9:45,1,40,40279,1,1,4,6,RN 124,43,
2.02E+11,18,11,2024,17:40,5,92,92025,2,8,2,3,CHARLES DE GAULLE (BD),48,
2.02E+11,29,6,2024,12:45,1,8,8105,2,1,1,3,39 Rue Jean-jacques Rousseau,49,
2.02E+11,19,11,2024,18:20,5,92,92024,2,9,1,3,CLICHY (QUAI DE) DE (8 A 60),48,
2.02E+11,11,3,2024,12:05,1,38,38151,2,8,1,3,ETATS GENERAUX (AVENUE DES),45,
2.02E+11,30,6,2024,1:00,3,6,6069,1,1,1,6,Route de Pégomas,43,
2.02E+11,19,11,2024,13:30,1,92,92019,2,1,2,6,LOUP PENDU CHEMIN),48,
2.02E+11,29,6,2024,11:30,1,1,1053,2,9,1,6,CHAMP DE FOIRE ( AVENUE DU),46,
2.02E+11,10,11,2024,23:40,3,34,34179,1,1,1,6,M27,43,
2.02E+11,11,3,2024,8:50,1,36,36159,1,9,1,4,N/A,46,
2.02E+11,19,11,2024,17:50,1,974,97415,1,1,1,4,Route de Savannah,-20,
2.02E+11,29,6,2024,4:21,5,75,75120,2,1,1,5,BD PERIPHERIQUE EXTERIEUR,48,
2.02E+11,8,11,2024,18:30,3,86,86272,1,1,5,6,Route de la Plante,46,
2.02E+11,29,6,2024,1:20,5,75,75119,2,1,1,2,BD PERIPHERIQUE INTERIEUR,48,
2.02E+11,18,11,2024,18:15,5,6,6149,2,1,1,3,21 Boulevard Francois Suarez,43,
2.02E+11,28,6,2024,16:40,1,75,75119,2,1,1,3,PORTE DE PANTIN,48,
2.02E+11,18,2,2024,13:15,1,35,35238,2,2,1,2,BERNARD (CLAUDE),48,
2.02E+11,30,10,2024,12:20,1,23,23107,1,1,7,1,D3,46,
2.02E+11,28,6,2024,5:00,2,75,75117,2,7,1,6,PLACE DES TERNES,48,
2.02E+11,20,11,2024,9:40,1,67,67302,2,6,7,6,Rue du Général Leclerc,48,
2.02E+11,28,6,2024,18:15,1,75,75119,2,1,1,2,BOULEVARD MACDONALD,48,
2.02E+11,29,6,2024,10:45,1,75,75118,2,1,1,2,RUE FOREST,48,
2.02E+11,18,11,2024,17:36,5,72,72260,2,1,8,5,Route de Changé,47,
2.02E+11,11,3,2024,14:00,1,34,34198,2,1,1,6,PAGNOL (AVENUE MARCEL),43,
2.02E+11,19,11,2024,18:35,5,77,77385,2,1,3,6,04 Rue Jean Moulin,48,
2.02E+11,29,6,2024,20:00,1,75,75116,2,7,1,6,PLACE DU DOCTEUR HAYEM,48,
2.02E+11,17,11,2024,23:30,3,56,56140,1,1,1,6,Bonehan,47,
2.02E+11,19,11,2024,5:50,3,59,59497,1,1,6,7,D642,50,
2.02E+11,28,6,2024,16:40,1,75,75112,2,2,1,2,ROUTE DE LA FALUERE,48,
2.02E+11,19,11,2024,19:15,3,76,76377,1,1,2,6,1156 Route de Dieppe,49,
2.02E+11,11,3,2024,19:15,3,31,31555,1,1,2,2,VA008432 LANGLADE A620 Sortie 25,43,
2.02E+11,20,11,2024,9:50,1,79,79271,1,4,1,3,N/A,46,
2.02E+11,29,6,2024,13:30,1,75,75110,2,4,1,6,RUE DU HUIT MAI 1945,48,
2.02E+11,10,3,2024,5:50,5,30,30189,2,1,1,3,PASTEUR PAUL BRUNEL,43,
2.02E+11,31,10,2024,18:00,2,33,33011,2,6,8,3,N/A,44,
2.02E+11,29,6,2024,12:25,1,75,75110,2,4,1,6,QUAI DE JEMMAPES,48,
2.02E+11,19,11,2024,21:35,5,63,63016,2,1,2,6,Grand Rue,45,
2.02E+11,11,3,2024,12:20,1,30,30007,2,1,2,7,32bis Chemin des Potences,44,
2.02E+11,29,6,2024,18:25,1,75,75109,2,1,1,6,RUE D AMSTERDAM,48,
2.02E+11,20,11,2024,14:02,1,63,63430,2,1,2,1,D2089,45,
2.02E+11,29,6,2024,19:07,1,75,75108,2,3,1,7,AVENUE DE WAGRAM,48,
2.02E+11,19,11,2024,18:40,4,63,63338,1,1,2,6,lieu dit le sucharet,46,
2.02E+11,13,1,2024,11:43,1,17,17299,2,1,1,2,DENFERT ROCHEREAU RUE,45,
2.02E+11,14,11,2024,6:30,3,42,42224,1,1,5,1,Route du Col de la Republique,45,
2.02E+11,29,6,2024,13:38,1,75,75108,2,2,1,6,AVENUE DES CHAMPS ELYSEES,48,
2.02E+11,11,3,2024,9:10,1,15,15014,2,1,2,4,RN 122,44,
2.02E+11,28,6,2024,16:53,1,75,75103,2,3,1,6,RUE DU TEMPLE,48,
2.02E+11,19,11,2024,12:26,1,44,44015,2,9,2,6,N/A,47,
2.02E+11,10,3,2024,10:30,1,15,15012,2,3,1,3,RD 617,44,
2.02E+11,29,6,2024,14:31,1,94,94078,2,3,1,3,Rue Francis Martin / Rue Camille Flammarion,48,
2.02E+11,20,11,2024,7:45,2,45,45203,2,3,1,3,D2152 PR 76 + 600,47,
2.02E+11,11,3,2024,14:00,1,13,13047,2,1,1,2,JEAN JACQUES PRAT BOULEVARD,43,
2.02E+11,29,6,2024,10:56,1,94,94044,2,1,1,6,27ter Avenue de la Sablière,48,
2.02E+11,16,11,2024,12:20,1,7,7078,2,1,1,2,Route de Lyon,45,
2.02E+11,11,3,2024,8:30,1,13,13005,2,1,2,3,FENESTRELLES (CHEMIN DE),43,
2.02E+11,19,11,2024,17:40,5,21,21603,2,1,3,6,Route de Massène,47,
2.02E+11,29,6,2024,19:00,1,94,94052,2,1,2,3,Boulevard de Strasbourg,48,
2.02E+11,10,3,2024,14:20,1,11,11069,2,1,1,6,118 Rue de Verdun,43,
2.02E+11,20,11,2024,14:02,1,37,37109,2,1,1,3,6 Avenue du Général de Gaulle,47,
2.02E+11,28,6,2024,17:30,1,94,94011,2,1,1,6,Avenue de Paris,48,
2.02E+11,9,3,2024,17:30,1,11,11069,1,1,1,7,N/A,43,
2.02E+11,28,6,2024,16:10,1,94,94022,2,1,1,3,16 Avenue Louis Luc,48,
2.02E+11,10,3,2024,17:25,1,10,10362,2,1,1,7,Rue Louis Blanc,48,
2.02E+11,17,11,2024,10:05,1,30,30006,1,3,1,1,Route de Lunel,43,
2.02E+11,28,6,2024,23:45,5,94,94022,2,1,1,7,16 Avenue Louis Luc,48,
2.02E+11,19,11,2024,19:05,3,77,77305,1,1,3,6,Autoroute A5 PK 35+200,48,
2.02E+11,29,6,2024,13:30,1,93,93073,2,3,1,3,Avenue Gilbert Berger,48,
2.02E+11,11,3,2024,8:30,1,6,6088,2,1,8,2,Boulevard Carnot,43,
2.02E+11,19,11,2024,16:45,1,13,13037,2,1,1,2,Rn 113,43,
2.02E+11,19,11,2024,17:10,2,6,6152,1,1,1,7,2260 Route des Cretes,43,
2.02E+11,10,3,2024,7:45,5,6,6088,2,1,2,6,Avenue Raymond Comboul,43,
2.02E+11,28,6,2024,20:15,1,93,93078,2,2,1,6,Avenue de la Republique / Avenue Emile Dambel,48,
2.02E+11,11,3,2024,18:30,2,6,6069,2,1,1,6,Traverse des Roses de Mai,43,
2.02E+11,29,6,2024,17:15,1,93,93066,2,1,1,6,Avenue Jules Rimet,48,
2.02E+11,20,11,2024,6:00,1,973,97305,1,1,1,5,Macouria,4,
2.02E+11,10,3,2024,20:45,5,6,6027,2,1,1,6,48 Boulevard du Maréchal Juin,43,
2.02E+11,29,6,2024,11:15,1,93,93051,2,2,1,3,Rue du Marechal Juin / Rue de Malnoue,48,
2.02E+11,16,11,2024,2:50,5,971,97121,2,1,1,1,RN 2,,
2.02E+11,10,3,2024,11:25,1,2,2738,2,2,1,3,1 Rue de Verdun,49,
2.02E+11,29,6,2024,20:06,1,92,92073,2,1,1,2,JAURES (AVENUE JEAN),48,
2.02E+11,20,11,2024,16:50,2,30,30307,1,1,1,3,N106,44,
2.02E+11,9,3,2024,6:00,5,75,75117,2,1,1,6,BD PERIPHERIQUE EXTERIEUR,48,
2.02E+11,29,6,2024,8:00,1,92,92072,2,3,1,3,GRANDE RUE,48,
2.02E+11,14,11,2024,13:51,1,11,11410,2,1,1,7,D610,43,
2.02E+11,11,3,2024,10:30,1,75,75106,2,7,1,3,PLACE SAINT MICHEL,48,
2.02E+11,19,11,2024,13:26,1,13,13086,2,9,1,1,Avenue des Allies,43,
2.02E+11,29,6,2024,16:50,1,92,92063,2,1,1,7,CRAMAIL (RUE ADRIEN),48,
2.02E+11,11,3,2024,15:30,1,75,75120,2,2,2,6,RUE DE BELLEVILLE,48,
2.02E+11,29,6,2024,12:11,1,92,92040,2,3,1,6,JEAN-PIERRE TIMBAUD,48,
2.02E+11,28,10,2024,18:00,3,26,26165,1,1,1,4,A7 - PK 090.700 SENS SUD/NORD,44,
2.02E+11,11,3,2024,11:10,1,75,75120,2,2,1,6,BOULEVARD DAVOUT,48,
2.02E+11,29,6,2024,18:38,1,92,92026,2,2,1,3,MISSION MARCHAND (COTE IMPAIR),48,
2.02E+11,18,11,2024,18:45,3,67,67078,1,1,2,1,RD 1004,48,
2.02E+11,11,3,2024,6:30,1,75,75119,2,7,1,6,RUE COMPANS,48,
2.02E+11,19,11,2024,11:38,1,42,42285,2,2,1,6,Rue du 8 mai,45,
2.02E+11,29,6,2024,20:20,1,92,92032,2,1,1,3,LANGEVIN PAUL (AVENUE),48,
2.02E+11,11,3,2024,22:00,5,75,75108,2,2,1,3,RUE LA BOETIE,48,
2.02E+11,19,11,2024,9:15,1,42,42147,2,6,1,6,1 Rue de Feurs,45,
2.02E+11,11,3,2024,15:33,1,75,75117,2,1,2,7,BOULEVARD GOUVION SAINT CYR,48,
2.02E+11,29,6,2024,7:45,1,92,92012,2,6,1,3,PONT DE BILLANCOURT (PLACE DU),48,
2.02E+11,11,3,2024,13:10,1,75,75107,2,2,1,6,AVENUE DE BRETEUIL,48,
2.02E+11,15,11,2024,5:40,5,38,38449,2,1,5,2,Rue des Garinnes,45,
2.02E+11,29,6,2024,20:15,1,92,92036,2,1,1,1,FRERES LUMIERES  ( AVE DES ),48,
2.02E+11,11,3,2024,10:45,1,75,75113,2,3,1,3,RUE DE TOLBIAC,48,
2.02E+11,30,6,2024,12:55,1,24,24019,1,1,1,1,Avenue de la Liberté,45,
2.02E+11,20,11,2024,13:45,1,50,50594,1,2,2,2,D22,49,
2.02E+11,11,3,2024,18:01,1,75,75112,2,2,2,3,QUAI DE LA RAPEE,48,
2.02E+11,18,11,2024,12:15,1,29,29055,2,1,2,6,Route de Brest,48,
2.02E+11,30,6,2024,9:15,1,35,35145,2,3,1,1,21 Grande Rue,47,
2.02E+11,11,3,2024,9:15,1,75,75111,2,7,1,6,BOULEVARD VOLTAIRE,48,
2.02E+11,19,11,2024,12:20,1,29,29103,2,6,2,6,quai de Léon,48,
2.02E+11,30,6,2024,12:15,1,85,85148,1,1,1,3,RD68,46,
2.02E+11,11,3,2024,18:40,5,75,75109,2,3,2,6,RUE LA FAYETTE,48,
2.02E+11,18,6,2024,12:05,1,35,35166,2,1,1,6,11 rue de l'école,48,
2.02E+11,30,6,2024,15:45,1,2A,2A362,1,1,1,6,D368,41,
2.02E+11,11,3,2024,10:50,1,75,75109,2,4,1,6,RUE BLANCHE,48,
2.02E+11,20,11,2024,14:15,1,60,60079,1,3,1,3,D922,49,
2.02E+11,29,6,2024,19:00,2,972,97232,1,1,1,1,N6,14,
2.02E+11,20,11,2024,12:00,1,60,60439,2,6,7,6,Avenue du 8 Mai 1945,49,
2.02E+11,11,3,2024,18:20,4,94,94081,2,3,2,4,Avenue du Moulin de Saquet / Rue Carpeaux,48,
2.02E+11,30,6,2024,14:40,1,974,97414,2,1,1,1,91 Rue du Docteur Schweitzer,-21,
2.02E+11,20,11,2024,16:00,1,62,62318,2,9,7,6,D940,50,
2.02E+11,11,3,2024,19:55,4,94,94016,2,2,2,3,Avenue Aristide Briand / Rue Marcel Bonnet,48,
2.02E+11,29,6,2024,20:30,1,84,84135,1,1,2,6,2105 Route d'Orange,44,
2.02E+11,11,3,2024,17:00,1,94,94073,2,2,2,1,Avenue du Général de Gaulle / Rue Buffon,48,
2.02E+11,29,6,2024,19:30,1,59,59278,1,1,1,6,RN41,50,
2.02E+11,19,11,2024,15:00,1,62,62560,1,3,3,3,D191,50,
2.02E+11,11,3,2024,9:00,1,94,94033,2,1,1,6,Rue Edouard Vaillant,48,
2.02E+11,18,7,2024,16:40,1,26,26360,1,3,1,1,Route de Saint Paul,44,
2.02E+11,29,6,2024,17:30,1,87,87181,1,4,2,3,Rue du Chatelard,46,
2.02E+11,25,8,2024,22:00,5,14,14047,2,1,1,7,11 Rue Louviere,49,
2.02E+11,11,3,2024,19:20,5,94,94077,2,3,2,3,Rue Charles Nungesser / Avenue Didier Daurat,48,
2.02E+11,29,6,2024,12:00,1,30,30202,2,1,1,7,Rue Trintignant,44,
2.02E+11,10,8,2024,23:10,3,14,14305,1,1,1,1,Route de Lisieux,49,
2.02E+11,9,3,2024,20:30,5,94,94019,2,7,3,2,Route de la Libération / Route du Plessis,48,
2.02E+11,30,6,2024,14:48,1,30,30286,1,1,1,1,D981,43,
2.02E+11,30,6,2024,17:45,1,62,62761,1,1,1,6,D33,50,
2.02E+11,11,3,2024,8:15,1,94,94028,2,3,1,6,Avenue des Petites Haies / Rue de Valenton,48,
2.02E+11,17,4,2024,11:25,1,14,14530,1,9,1,3,D514,49,
2.02E+11,18,11,2024,12:10,1,974,97416,1,1,7,1,ENTRE DEUX (CHEMIN) CD26,-21,
2.02E+11,28,6,2024,19:20,1,77,77359,2,1,7,2,Rue des Grouettes,48,
2.02E+11,11,3,2024,22:00,3,93,93073,1,1,2,5,Terminal 2,49,
2.02E+11,30,6,2024,15:10,1,95,95026,1,1,1,1,D909,49,
2.02E+11,11,3,2024,17:15,1,93,93073,2,3,2,6,Avenue de la Station / Avenue la Fontaine,48,
2.02E+11,30,6,2024,16:10,1,51,51369,1,1,1,7,D373,48,
2.02E+11,18,11,2024,8:57,1,974,97411,2,1,1,3,JAURES (BOULEVARD JEAN),-20,
2.02E+11,11,3,2024,18:05,3,93,93072,2,3,2,3,Boulevard Maxime Gorki / Avenue Gaston Monmousseau,48,
2.02E+11,29,6,2024,17:58,1,51,51161,1,1,2,7,D1,49,
2.02E+11,18,11,2024,16:00,1,973,97302,1,6,1,3,ROUTE NATIONALE 1,4,
2.02E+11,29,6,2024,1:30,3,56,56005,2,1,1,6,Boulevard de la résistance,47,
2.02E+11,11,3,2024,9:00,1,93,93062,2,2,8,3,Avenue Thiers / Boulevard du Nord,48,
2.02E+11,29,6,2024,17:45,1,76,76400,2,1,1,6,Rue du General de Gaulle,49,
2.02E+11,18,11,2024,8:20,1,973,97302,2,1,1,3,BADUEL (ROUTE DE),4,
2.02E+11,18,11,2024,5:28,2,973,97302,1,1,1,6,ROUTE NATIONALE 1,4,
2.02E+11,30,6,2024,0:38,3,79,79329,1,1,2,6,N/A,46,
2.02E+11,11,3,2024,7:00,1,93,93046,2,2,1,1,Boulevard Jean Jaurès / Allée Condorcet,48,
2.02E+11,17,11,2024,7:30,1,973,97302,2,1,1,7,BADUEL (ROUTE DE),4,
2.02E+11,30,6,2024,2:45,5,80,80186,2,1,1,7,Rue de Nesle,49,
2.02E+11,29,6,2024,16:30,1,82,82112,2,1,1,6,Chemin de Sainte-Livrade,44,
2.02E+11,9,3,2024,12:00,1,93,93032,2,2,1,3,Rue du Rond Point / Rue du Chanoine Monsanglant,48,
2.02E+11,17,11,2024,19:43,2,972,97213,1,1,3,6,ROUTE DEPARTEMENTALE 15,14,
2.02E+11,11,3,2024,19:55,5,93,93008,2,7,2,6,Avenue Paul Vaillant - Couturier / Route de Stains,48,
2.02E+11,29,6,2024,18:00,1,82,82094,2,3,1,6,D2,44,
2.02E+11,18,11,2024,7:15,1,2B,2B033,2,1,1,3,11 - RT,42,
2.02E+11,30,6,2024,11:30,1,82,82155,1,1,1,7,lieu-dit Paradis,44,
2.02E+11,11,3,2024,21:10,5,93,93005,2,3,1,3,Rue Maximilien de Robespierre / Rue du Hameau,48,
2.02E+11,17,11,2024,1:20,5,971,97101,1,1,1,2,CHAUVEL,16,
2.02E+11,11,3,2024,1:15,5,92,92049,2,1,1,6,DORMOY AVENUE MARX N°2 A 100,48,
2.02E+11,16,11,2024,18:20,5,971,97101,1,1,1,7,BAIMBRIDGE,16,
2.02E+11,11,4,2024,16:15,1,69,69066,1,1,1,5,1740 Route de Thizy,46,
2.02E+11,11,3,2024,19:01,1,92,92036,2,2,2,6,HENRI BARBUSSE (RUE) (37/135),48,
2.02E+11,16,11,2024,18:45,4,971,97101,1,1,1,6,GRAND CAMP(SECTION),16,
2.02E+11,29,6,2024,14:45,1,61,61081,2,1,3,1,D438,48,
2.02E+11,11,3,2024,18:45,1,92,92035,2,1,8,6,Général de Gaulle  ( avenue du ),48,
2.02E+11,15,11,2024,23:40,5,971,97120,1,1,1,2,CHEMIN NEUF,16,
2.02E+11,23,6,2024,17:40,1,42,42246,1,1,1,2,Rue de la Condamine,45,
2.02E+11,11,3,2024,11:00,1,92,92024,2,1,1,6,LEON GAMBETTA (ALLEES),48,
2.02E+11,11,3,2024,8:15,1,92,92007,2,3,1,3,BLANCHARD (RUE),48,
2.02E+11,29,6,2024,1:25,3,44,44153,1,6,1,2,N/A,47,
2.02E+11,18,11,2024,19:00,5,95,95127,2,3,2,6,OISE (BOULEVARD DE L'),49,
2.02E+11,28,6,2024,19:25,1,29,29236,1,1,1,6,D4,47,
2.02E+11,28,6,2024,20:20,2,38,38408,1,1,1,6,75 Route de Lafayette,45,
2.02E+11,18,11,2024,18:05,3,85,85191,1,1,8,4,RD160,46,
2.02E+11,10,3,2024,2:00,3,62,62100,2,3,2,3,D113,50,
2.02E+11,18,11,2024,8:20,1,83,83137,2,2,1,6,DARDANELLES (AVE DES),43,
2.02E+11,12,3,2024,11:00,1,1,1007,2,6,1,6,D36,46,
2.02E+11,29,6,2024,9:37,1,85,85008,1,1,3,7,A87,46,
2.02E+11,14,11,2024,16:12,1,83,83129,2,9,1,6,ILES (CORNICHE DES),43,
2.02E+11,11,3,2024,17:10,1,76,76728,1,1,1,6,A150,49,
2.02E+11,30,6,2024,18:00,1,83,83139,1,1,1,7,1602 Route de Villecroze,43,
2.02E+11,18,11,2024,17:45,1,81,81004,2,6,1,3,5 Rue de Rudel,43,
2.02E+11,11,3,2024,19:00,5,76,76210,2,2,2,1,Route de Neufchatel,49,
2.02E+11,30,6,2024,2:50,3,64,64046,1,1,2,7,D8,43,
2.02E+11,18,11,2024,19:50,4,78,78621,2,2,2,6,CASTIGLIONE DEL LAGO (RUE),48,
2.02E+11,12,3,2024,17:10,1,974,97412,2,9,1,6,Rue de l'Hôpital,-21,
2.02E+11,29,6,2024,19:30,2,10,10326,1,1,6,7,57 La Garenne,48,
2.02E+11,12,3,2024,8:10,1,83,83036,1,1,1,2,D559,43,
2.02E+11,18,11,2024,17:15,5,77,77284,2,6,3,3,CLEMENCEAU (AV.),48,
2.02E+11,30,6,2024,0:30,3,36,36213,2,6,2,6,Place des Prunus,46,
2.02E+11,18,11,2024,20:01,5,77,77058,2,1,3,6,D406,48,
2.02E+11,12,3,2024,8:20,1,84,84099,1,1,1,2,chemin de Romieu,43,
2.02E+11,30,6,2024,18:10,1,7,7052,1,1,1,7,D533,44,
2.02E+11,14,11,2024,15:30,1,77,77320,2,1,8,6,PARIS (AVENUE DE),48,
2.02E+11,30,6,2024,15:14,1,4,4141,1,1,1,7,RD 950 route de BANON,44,
2.02E+11,10,3,2024,14:56,1,38,38226,2,1,3,1,saint claude et la croix,44,
2.02E+11,15,11,2024,18:15,5,76,76351,2,1,1,6,REPUBLIQUE (COURS DE LA),49,
2.02E+11,11,3,2024,10:25,1,74,74225,2,6,1,6,Boulevard Louis Dagand,45,
2.02E+11,30,6,2024,9:45,1,4,4172,2,2,1,1,Route des chateaux,,
2.02E+11,30,6,2024,14:15,1,4,4135,1,1,1,6,D952,43,
2.02E+11,10,3,2024,0:40,3,33,33236,1,1,2,6,N/A,44,
2.02E+11,14,11,2024,8:53,1,76,76351,2,9,1,3,VALLEE (RUE DE LA),49,
2.02E+11,30,6,2024,11:35,1,4,4024,1,1,1,1,D 900,44,
2.02E+11,12,3,2024,11:40,1,11,11027,1,1,1,1,route départementale 6113,43,
2.02E+11,18,11,2024,8:50,1,71,71076,2,1,1,6,SAINT VINCENT (REMPART),46,
2.02E+11,28,6,2024,16:20,1,17,17327,1,2,1,1,Rue de l?Erable,46,
2.02E+11,11,3,2024,14:15,1,41,41139,1,4,1,6,Départementale 17,47,
2.02E+11,28,6,2024,19:45,1,17,17139,1,1,1,7,La Coudre,46,
2.02E+11,11,3,2024,17:45,1,29,29097,2,1,1,3,Rue du Stade,48,
2.02E+11,30,6,2024,8:20,1,17,17017,1,1,1,7,d122E1,45,
2.02E+11,18,11,2024,17:38,5,70,70550,2,6,2,6,Boulevard Kennedy,47,
2.02E+11,12,3,2024,10:40,1,38,38022,1,1,1,6,D33,45,
2.02E+11,30,6,2024,15:41,1,87,87036,1,3,1,3,1 Bousseroux,45,
2.02E+11,12,3,2024,16:45,1,58,58024,1,1,2,6,ecluse numéro 3,47,
2.02E+11,18,11,2024,18:24,5,64,64445,2,1,1,2,GASTON LACOSTE,43,
2.02E+11,12,3,2024,14:00,1,5,5046,2,3,1,6,16 Rue de la Liberté,44,
2.02E+11,30,6,2024,16:45,1,37,37213,1,2,1,1,La Petite Belle Etoile,47,
2.02E+11,18,11,2024,11:30,1,64,64445,2,1,1,3,BOSQUET,43,
2.02E+11,10,3,2024,23:10,3,18,18058,2,1,1,7,10 Rue Saint - Antoine,46,
2.02E+11,29,6,2024,20:34,3,973,97307,1,2,1,6,Chemin Morthium,4,
2.02E+11,18,11,2024,9:10,1,64,64129,2,1,1,6,JEAN MERMOZ,43,
2.02E+11,12,3,2024,2:40,4,43,43025,1,1,8,6,Route de Bas,45,
2.02E+11,30,6,2024,10:30,1,67,67389,2,1,1,6,Boulevard des enseignes,48,
2.02E+11,18,11,2024,7:00,5,64,64445,2,3,1,1,BIE MOULIE,43,
2.02E+11,11,3,2024,21:10,3,10,10107,1,1,2,2,RN 77,48,
2.02E+11,14,11,2024,14:20,1,62,62510,2,1,2,6,Rue Alexandre Dumas,50,
2.02E+11,12,3,2024,11:30,1,16,16153,1,1,1,2,RN 141,45,
2.02E+11,29,6,2024,17:00,1,17,17226,1,1,3,7,A10,45,
2.02E+11,18,11,2024,22:05,5,62,62193,2,1,2,3,Rue du Beau Marais,50,
2.02E+11,30,6,2024,8:15,1,13,13103,1,1,1,1,A 7 PK234+700,43,
2.02E+11,11,3,2024,12:15,1,53,53195,1,2,1,5,Les Daumeries,48,
2.02E+11,18,6,2024,21:00,3,971,97128,1,1,1,6,Courcelles,16,
2.02E+11,17,11,2024,8:15,2,60,60159,1,1,1,6,Rd 973,49,
2.02E+11,12,3,2024,6:15,2,53,53122,1,1,2,6,pk 13.000,48,
2.02E+11,11,3,2024,14:35,1,17,17430,1,2,1,3,D50,45,
2.02E+11,29,6,2024,10:00,1,971,97111,1,1,1,1,RN2,,
2.02E+11,17,11,2024,0:51,3,56,56121,2,1,1,5,Pénétrante de  Lorient,47,
2.02E+11,10,3,2024,16:10,1,30,30249,1,1,1,2,D40,43,
2.02E+11,29,6,2024,17:30,1,971,97106,1,1,7,6,Rue des Galets,16,
2.02E+11,24,6,2024,16:30,1,33,33099,2,1,1,6,N/A,44,
2.02E+11,23,2,2024,20:35,3,40,40295,1,1,4,4,A63 PK050.000,44,
2.02E+11,28,6,2024,17:10,1,33,33245,1,1,1,6,N/A,44,
2.02E+11,16,11,2024,18:35,2,56,56098,2,3,1,4,Rue Jean Jaurès,47,
2.02E+11,29,6,2024,16:00,1,66,66065,2,6,1,2,rue de latour,42,
2.02E+11,12,3,2024,16:30,1,1,1450,1,1,1,2,A42,45,
2.02E+11,15,11,2024,12:30,1,56,56098,2,1,1,6,Avenue Ambroise Croizat,47,
2.02E+11,30,6,2024,5:10,2,5,5038,1,1,1,6,D947 - PK 5+600,44,
2.02E+11,12,3,2024,9:20,1,33,33122,1,1,1,2,N/A,44,
2.02E+11,18,11,2024,17:45,5,50,50147,2,1,3,6,DIVISION LECLERC,49,
2.02E+11,12,3,2024,5:45,1,976,97607,1,1,1,5,rn2 - Ironie bé,-12,
2.02E+11,15,11,2024,16:05,1,49,49099,2,3,1,3,CARNOT (RUE SADI),47,
2.02E+11,30,6,2024,18:45,1,26,26072,1,1,1,6,Autoroute A7 PK 050.368,45,
2.02E+11,17,11,2024,18:23,2,49,49007,2,1,1,6,PASTEUR AVENUE,47,
2.02E+11,29,6,2024,10:50,1,52,52488,2,1,1,1,18 Rue Principale,47,
2.02E+11,17,11,2024,2:50,3,49,49267,2,1,1,2,RD 347,47,
2.02E+11,10,3,2024,22:00,4,971,97115,1,1,1,6,N2,16,
2.02E+11,30,6,2024,16:30,1,16,16163,1,1,1,5,N/A,45,
2.02E+11,12,3,2024,6:45,1,972,97228,2,1,1,2,Rue du Pave,14,