Num_Acc,jour,mois,an,hrmn,lum,dep,com,agg,int,atm,col,adr,lat,long
2.02E+11,18,11,2024,12:30,1,47,47001,2,4,1,2,COLMAR (AV. DE),44,
2.02E+11,30,6,2024,13:35,1,33,33233,1,1,1,6,N/A,45,
2.02E+11,10,3,2024,18:00,1,95,95462,1,1,1,7,D171,49,
2.02E+11,18,11,2024,18:12,5,45,45068,2,1,2,1,3 Rue Nelson Mandela,48,
2.02E+11,24,6,2024,7:05,2,33,33498,1,1,5,6,N/A,44,
2.02E+11,11,3,2024,8:13,1,57,57260,1,1,1,2,N61,49,
2.02E+11,18,11,2024,12:50,1,42,42170,1,1,1,6,Route du Beaujolais,46,
2.02E+11,29,6,2024,23:35,5,22,22044,2,1,1,3,24b Rue de la Glanerie,48,
2.02E+11,7,3,2024,19:00,5,73,73089,2,2,1,6,D204 / D31,45,
2.02E+11,14,11,2024,18:33,3,40,40192,2,1,1,1,THORE (CHEMIN DE),43,
2.02E+11,30,6,2024,7:27,1,27,27358,1,1,1,6,Rue de l?Ancienne Abbaye,49,
2.02E+11,12,3,2024,16:15,1,38,38537,2,1,1,6,avenue de la verpilliere,45,
2.02E+11,18,11,2024,20:00,5,33,33281,2,6,1,2,N/A,44,
2.02E+11,29,6,2024,5:50,2,69,69276,1,1,1,2,Route Départementale 301,45,
2.02E+11,4,3,2024,16:30,1,33,33227,2,1,2,5,N/A,44,
2.02E+11,18,11,2024,15:50,1,33,33065,1,6,1,3,N/A,44,
2.02E+11,11,3,2024,14:25,1,61,61271,2,6,1,6,D2,48,
2.02E+11,29,6,2024,16:45,1,91,91434,1,1,1,5,AUTOROUTE A6,48,
2.02E+11,12,3,2024,13:00,1,50,50099,1,2,2,3,Route Américaine,49,
2.02E+11,18,11,2024,8:25,1,33,33075,2,2,1,5,N/A,44,
2.02E+11,29,6,2024,11:40,1,91,91216,1,1,1,4,AUTOROUTE A6,48,
2.02E+11,9,2,2024,13:20,1,60,60612,2,2,8,6,26 Rue de la République,49,
2.02E+11,18,11,2024,9:45,1,31,31555,2,1,1,3,STRASBOURG (BD DE) DU 2AU 66,43,
2.02E+11,28,6,2024,19:01,1,92,92060,1,1,1,4,A86 EXT ,48,
2.02E+11,18,11,2024,19:05,5,29,29232,2,1,2,2,Boulevard Louis le Guennec,47,
2.02E+11,28,6,2024,15:55,1,95,95394,1,1,1,7,A115,49,
2.02E+11,17,11,2024,18:58,3,27,27229,2,1,1,3,GAMBETTA (BOULEVARD),49,
2.02E+11,18,11,2024,19:30,5,25,25031,2,9,1,6,REVOLUTION DE 1789 AVENUE DE LA),47,
2.02E+11,10,3,2024,23:27,3,13,13005,1,1,2,2,A50-Sens Marseille vers Aubagne,43,
2.02E+11,10,3,2024,15:44,1,57,57067,1,1,1,6,Autoroute A31,49,
2.02E+11,11,3,2024,9:50,1,33,33487,1,1,3,6,N/A,44,
2.02E+11,10,3,2024,2:50,3,33,33090,1,1,1,6,N/A,44,
2.02E+11,16,11,2024,22:35,5,21,21231,2,2,1,3,Boulevard Voltaire,47,
2.02E+11,11,3,2024,2:24,3,91,91521,1,1,1,7,RN 449,48,
2.02E+11,18,11,2024,13:30,1,17,17415,2,1,8,3,Avenue de Saintonge,45,
2.02E+11,18,11,2024,6:50,5,14,14069,2,3,2,7,2 Chemin de Grais,49,
2.02E+11,10,3,2024,2:30,3,92,92036,1,1,2,6,A86,48,
2.02E+11,8,11,2024,18:39,5,14,14117,2,6,1,3,14 Avenue Charles de Gaulle,49,
2.02E+11,9,3,2024,18:10,1,92,92036,1,1,3,2,A86,48,
2.02E+11,18,11,2024,8:20,1,13,13213,2,1,1,6,NOGARETTE (RUE),43,
2.02E+11,11,3,2024,4:40,3,93,93029,1,1,1,6,A86,48,
2.02E+11,18,11,2024,16:14,1,6,6069,1,1,1,6,36 Boulevard Pasteur,43,
2.02E+11,19,2,2024,13:00,1,44,44109,2,1,1,2,26 Rue de Gigant,47,
2.02E+11,18,11,2024,8:30,2,6,6069,2,1,1,7,122 Route de Cannes,43,
2.02E+11,13,11,2024,8:00,2,6,6029,2,1,1,7,81 Boulevard Carnot,43,
2.02E+11,15,2,2024,15:35,1,44,44109,2,1,8,6,Quai de Tourville,47,
2.02E+11,14,2,2024,10:10,1,44,44020,1,1,8,6,Route de Pornic,47,
2.02E+11,16,11,2024,13:00,1,4,4112,2,1,1,2,HAUTE PROVENCE (BD. DE),43,
2.02E+11,19,11,2024,20:00,3,60,60374,1,1,2,7,D47,49,
2.02E+11,14,2,2024,6:56,2,44,44109,2,6,8,7,6 Avenue Jean Claude Bonduelle,47,
2.02E+11,4,11,2024,19:40,5,35,35328,2,1,5,1,Rue de la Sauldre,47,
2.02E+11,14,2,2024,23:25,5,44,44109,2,6,8,6,Rond-Point de Vannes,47,
2.02E+11,13,2,2024,8:30,2,44,44109,2,1,8,3,76 Rue Desaix,47,
2.02E+11,18,11,2024,6:45,3,14,14162,1,3,2,2,LA LANDELLE,48,
2.02E+11,18,11,2024,22:00,4,33,33327,2,6,1,6,N/A,44,
2.02E+11,13,2,2024,19:00,2,44,44143,2,6,8,6,Rue Louise Michel,47,
2.02E+11,10,3,2024,19:30,1,974,97416,2,2,1,3,LAPIERRE (RUE HENRI),-21,
2.02E+11,19,11,2024,8:00,1,69,69277,2,1,2,7,10 Rue Lionel Terray,45,
2.02E+11,10,3,2024,8:45,1,972,97213,2,1,3,6,ROUTE DEPARTEMENTALE 3,14,
2.02E+11,18,11,2024,18:45,2,23,23245,1,1,8,1,pk 38 N145,46,
2.02E+11,9,3,2024,22:10,5,972,97209,1,1,1,6,AUTOROUTE (A1),14,
2.02E+11,8,3,2024,17:30,2,86,86066,2,1,3,6,Rue Marcel Beauchêne,46,
2.02E+11,18,11,2024,13:20,1,56,56240,1,1,2,7,Kergroes,47,
2.02E+11,10,3,2024,11:45,1,83,83069,2,3,1,3,ALMANARRE (ROUTE DE L'),43,
2.02E+11,10,3,2024,20:05,3,81,81144,1,1,2,2,RN 88,43,
2.02E+11,18,11,2024,17:25,5,67,67463,2,9,2,6,Route de Hatten,48,
2.02E+11,9,3,2024,19:00,5,77,77373,2,1,3,6,AV DE LA REPUBLIQUE,48,
2.02E+11,16,11,2024,12:30,1,65,65460,1,3,1,2,D935,43,
2.02E+11,16,11,2024,18:50,3,65,65296,1,1,1,6,Route de Perron,43,
2.02E+11,9,3,2024,16:45,1,77,77284,2,1,2,3,CRECHE (RUE DE LA),48,
2.02E+11,19,11,2024,15:30,1,63,63393,2,2,1,6,Rue Docteur Roddier,45,
2.02E+11,10,3,2024,16:20,1,77,77186,1,1,1,3,D 607,48,
2.02E+11,10,3,2024,12:45,1,76,76429,2,6,1,1,Rue de Belbeuf,49,
2.02E+11,19,11,2024,7:25,2,61,61405,1,1,2,6,D286,48,
2.02E+11,9,3,2024,16:30,1,76,76212,2,6,1,6,Place du Marechal Foch,49,
2.02E+11,3,11,2024,2:42,3,12,12122,1,1,1,6,D999,44,
2.02E+11,10,3,2024,13:10,1,71,71486,2,1,1,2,LOUIS AUBLANC (RUE),46,
2.02E+11,18,11,2024,18:00,5,42,42097,2,1,1,3,M1082,45,
2.02E+11,9,3,2024,17:20,1,69,69271,2,1,1,6,Rue Marius Berliet,45,
2.02E+11,19,11,2024,17:12,2,68,68201,2,1,3,6,4 Rue du Général de Gaulle,47,
2.02E+11,9,3,2024,17:55,1,65,65286,2,1,1,6,Place du Champ Commun,43,
2.02E+11,17,11,2024,19:25,3,44,44220,1,1,1,6,La Genonville,47,
2.02E+11,10,3,2024,11:35,1,63,63113,2,1,1,2,PAULINES (AVENUE DES),45,
2.02E+11,18,11,2024,10:45,1,35,35243,1,2,2,1,La Morinais,48,
2.02E+11,18,11,2024,10:05,1,84,84089,2,6,1,6,Route d?Aix- rond   point  d'Herborn,43,
2.02E+11,18,11,2024,18:10,3,15,15225,1,1,2,1,RD 3,45,
2.02E+11,10,3,2024,22:00,5,62,62178,2,3,2,3,Rue Raoul Briquet,50,
2.02E+11,19,11,2024,6:36,3,1,1272,1,1,2,1,D936,46,
2.02E+11,10,3,2024,16:53,1,59,59367,2,1,1,6,Rue du Fresnoy,50,
2.02E+11,14,11,2024,13:45,1,72,72217,1,1,1,7,lieu dit le vignau,48,
2.02E+11,10,3,2024,13:50,1,59,59163,2,2,2,1,JAURES (AVENUE JEAN),50,
2.02E+11,18,11,2024,23:30,3,83,83083,1,1,1,7,D22,43,
2.02E+11,9,3,2024,9:55,1,59,59183,2,9,1,3,BERTEAUX MAURICE - AVENUE,51,
2.02E+11,14,11,2024,15:05,1,36,36121,1,1,1,3,N/A,46,
2.02E+11,10,3,2024,11:30,1,54,54149,2,1,1,6,D521,49,
2.02E+11,19,11,2024,8:30,1,85,85006,1,1,2,7,la roseraie,46,
2.02E+11,8,3,2024,10:20,1,46,46042,2,1,3,6,GAMBETTA (BOULEVARD LEON) N°IMPAIR,44,
2.02E+11,16,11,2024,19:20,5,987,98715,2,1,1,2,PARKING PHARMACIE AÉROPORT - ST HILAIRE,-17,
2.02E+11,18,11,2024,12:47,1,72,72353,1,1,2,6,Autoroute A11,,
2.02E+11,19,11,2024,15:30,1,971,97112,1,1,1,6,N9,15,
2.02E+11,9,11,2024,19:45,2,28,28372,1,1,1,7,D4,48,
2.02E+11,19,11,2024,12:30,1,83,83079,1,1,1,1,D98,43,
2.02E+11,18,11,2024,18:50,5,26,26179,1,6,1,6,autoroute A7,45,
2.02E+11,15,11,2024,11:00,1,54,54557,1,6,1,3,D400,48,
2.02E+11,13,11,2024,19:20,5,38,38316,2,1,1,6,47 Rue Giffard,45,
2.02E+11,19,11,2024,7:45,3,85,85088,2,9,8,6,Rue du centre,46,
2.02E+11,18,11,2024,13:35,1,44,44210,2,1,2,6,Avenue de la République,47,
2.02E+11,18,11,2024,6:44,3,59,59263,1,6,3,2,D643,50,
2.02E+11,18,11,2024,13:00,1,13,13088,1,1,7,2,A55 SENS MARTIGUES-MARSEILLE,43,
2.02E+11,18,11,2024,21:00,3,91,91235,1,1,2,4,RN 104,48,
2.02E+11,17,11,2024,17:32,2,78,78133,1,1,1,4,A13W,48,
2.02E+11,17,11,2024,18:21,3,78,78455,1,1,1,5,A13,48,
2.02E+11,16,11,2024,18:45,3,92,92050,1,1,1,3,A86,48,
2.02E+11,18,11,2024,2:00,5,93,93039,1,1,1,2,AUTOROUTE A86,48,
2.02E+11,17,4,2024,10:55,1,94,94018,1,1,1,2,A4,48,
2.02E+11,17,4,2024,9:10,1,94,94018,1,1,1,7,A4,48,
2.02E+11,16,2,2024,17:50,1,87,87085,2,1,2,1,LEOBARDY (AVE DU PROF JOSEPH DE),45,
2.02E+11,17,2,2024,18:05,5,76,76351,2,2,1,1,GRAVILLE (BD DE),49,
2.02E+11,16,2,2024,9:40,1,30,30189,2,1,1,7,Boulevard Pasteur Marc Boegner,43,
2.02E+11,17,2,2024,21:05,5,6,6123,2,3,1,3,Avenue du Général Leclerc,43,
2.02E+11,12,4,2024,7:50,1,987,98736,2,1,1,7,CHARLES DE GAULLE (AV),-17,
2.02E+11,17,4,2024,12:20,1,974,97411,2,6,1,2,JAURES (BOULEVARD JEAN),-20,
2.02E+11,17,4,2024,15:30,1,973,97302,2,2,2,5,CATAYEE (JUSTIN),4,
2.02E+11,17,4,2024,18:25,1,69,69383,2,2,1,3,Rue Paul Bert,45,
2.02E+11,17,4,2024,6:20,1,69,69386,2,1,1,3,Quai de Serbie,45,
2.02E+11,17,4,2024,6:30,2,69,69149,2,2,8,3,Rue de la République (Pierre-Bénite),45,
2.02E+11,14,4,2024,8:00,1,971,97101,1,1,1,6,ROUTE DE BOISVINS,16,
2.02E+11,10,1,2024,10:00,1,971,97101,2,1,1,6,BOISRIPEAUX,16,
2.02E+11,17,4,2024,22:10,3,95,95018,2,3,1,1,D311,48,
2.02E+11,17,4,2024,0:15,5,91,91027,2,2,1,5,RUE PAUL DEMANGE,48,
2.02E+11,16,4,2024,12:15,1,91,91174,2,3,1,6,ALL DES ORMES,48,
2.02E+11,17,4,2024,10:15,1,89,89387,1,1,1,6,D606,48,
2.02E+11,17,4,2024,14:25,1,84,84007,1,1,1,3,CAVAILLON (Route de Cavaillon)-MONTFAVET,43,
2.02E+11,16,4,2024,15:00,1,83,83129,1,1,1,2,MER (AVENUE DE LA) N°IMPAIRS,43,
2.02E+11,18,4,2024,2:35,5,82,82121,2,1,1,6,chemin de saint pierre,44,
2.02E+11,17,4,2024,3:00,5,77,77438,2,1,8,6,SAINT GERMAIN DES NOYERS  (AVENUE),48,
2.02E+11,17,4,2024,21:56,5,69,69256,2,1,2,7,Rue Jean Jaurès,45,
2.02E+11,16,4,2024,12:15,1,67,67462,2,3,1,3,THIERS (BOULEVARD),48,
2.02E+11,18,4,2024,22:20,5,64,64335,2,6,1,3,CHARLES DE GAULLE,43,
2.02E+11,17,4,2024,8:25,1,64,64269,2,9,2,3,BUTTE DE LA,43,
2.02E+11,17,4,2024,18:30,1,59,59205,2,3,1,3,RUE PAUL BERT,50,
2.02E+11,17,4,2024,19:00,1,59,59360,2,1,8,6,POTIE GEORGES RUE,50,
2.02E+11,15,4,2024,18:15,1,50,50129,2,1,1,3,NAPOLEON (PLACE),49,
2.02E+11,17,4,2024,9:10,1,49,49267,1,1,1,2,A87N,47,
2.02E+11,16,4,2024,16:52,1,49,49007,2,1,1,3,PAJOTIN,47,
2.02E+11,17,4,2024,20:40,5,45,45234,2,3,8,4,80 Boulevard Alexandre Martin,47,
2.02E+11,17,4,2024,11:05,1,45,45075,2,1,1,2,5a Rue des Hauts,47,
2.02E+11,17,4,2024,3:20,3,42,42187,2,1,2,6,Cours de la République,46,
2.02E+11,16,4,2024,14:10,1,41,41018,2,1,1,2,GUINIERES (RUE DES),47,
2.02E+11,24,12,2024,9:15,1,974,97413,2,1,1,1,194 Route Hubert Delisle,-21,
2.02E+11,17,4,2024,12:58,1,37,37261,2,2,1,3,HUARD (RUE ERNEST),47,
2.02E+11,23,12,2024,16:30,2,67,67472,2,1,2,6,8 Grand Rue,48,
2.02E+11,17,4,2024,12:38,1,35,35278,1,1,2,4,RD 29,48,
2.02E+11,23,12,2024,19:00,3,15,15108,1,1,4,6,A 75 ,44,
2.02E+11,24,12,2024,14:30,1,19,19028,2,1,1,6,Avenue Gambetta,45,
2.02E+11,17,4,2024,21:05,5,34,34172,2,3,1,3,MOULINS (AVENUE DES,43,
2.02E+11,17,4,2024,18:50,1,33,33162,2,1,1,3,N/A,44,
2.02E+11,17,4,2024,9:30,1,33,33529,2,1,1,2,N/A,44,
2.02E+11,24,12,2024,10:00,1,56,56206,1,1,8,5,le Chapeau Rouge,47,
2.02E+11,16,4,2024,23:40,5,31,31555,2,3,2,3,AV DE LATTRE DE TASSIGNY,43,
2.02E+11,23,12,2024,22:17,3,79,79147,1,1,1,7,N/A,46,
2.02E+11,23,12,2024,19:30,3,79,79007,1,1,8,1,N/A,46,
2.02E+11,18,4,2024,0:50,5,27,27229,2,6,2,6,COCHEREL (RUE DE),49,
2.02E+11,14,10,2024,11:35,1,2A,2A271,2,1,1,1,T22,41,
2.02E+11,17,4,2024,12:00,1,27,27229,2,1,1,6,BUZOT (RUE),49,
2.02E+11,23,12,2024,11:40,1,32,32051,1,1,8,6,D4,43,
2.02E+11,17,4,2024,13:50,1,14,14366,2,1,1,2,25 Rue Calmette et Guérin,49,
2.02E+11,23,12,2024,13:11,1,89,89460,2,2,1,3,D103,48,
2.02E+11,17,4,2024,2:00,5,14,14366,2,1,1,6,Route d'Orbec,49,
2.02E+11,17,4,2024,14:00,1,13,13071,2,1,1,3,ROUTE NATIONALE 368 (PLAN DES PENNES),43,
2.02E+11,24,12,2024,13:10,1,61,61050,1,3,2,2,1776 l'Epine de Feuillet,48,
2.02E+11,17,4,2024,8:00,1,13,13117,2,1,1,2,MARSEILLE ( AVENUE DE ),43,
2.02E+11,24,12,2024,17:45,3,12,12056,1,6,5,3,D911,44,
2.02E+11,15,3,2024,14:15,1,13,13215,2,1,1,2,LITTORAL (CHEMIN DU),43,
2.02E+11,23,12,2024,19:50,3,44,44175,1,1,2,6,22 Le Crelin,47,
2.02E+11,17,4,2024,10:40,1,13,13215,2,1,1,6,LYON (RUE DE),43,
2.02E+11,16,4,2024,12:00,1,13,13206,2,9,1,3,PAUL PEYTRAL (BOULEVARD),43,
2.02E+11,22,12,2024,20:00,3,14,14601,2,1,6,6,1 Route de Lisieux,49,
2.02E+11,14,4,2024,15:40,1,10,10081,2,1,1,6,Rue Teilhard de Chardin,48,
2.02E+11,22,12,2024,10:43,3,9,9139,1,1,4,1,nationale 20,42,
2.02E+11,16,4,2024,9:47,1,10,10387,2,4,1,7,ANATOLE FRANCE (RUE),48,
2.02E+11,23,12,2024,19:30,3,64,64206,1,1,8,1,RN134,43,
2.02E+11,18,12,2024,21:10,3,40,40211,1,1,1,6,Route de Saubusse,43,
2.02E+11,18,4,2024,1:12,5,6,6088,2,2,1,3,Avenue Raoul Dufy,43,
2.02E+11,17,4,2024,16:15,1,6,6088,2,8,1,6,Boulevard René Cassin,43,
2.02E+11,20,12,2024,22:29,3,85,85084,1,1,2,3,RD160,46,
2.02E+11,13,4,2024,16:40,1,5,5061,2,1,1,3,GENERAL DE GAULLE ( BD ),44,
2.02E+11,23,12,2024,16:25,1,85,85135,2,1,1,7,RD746,46,
2.02E+11,24,12,2024,8:00,2,27,27243,1,1,2,1,d 180,49,
2.02E+11,17,4,2024,12:20,1,2,2408,2,1,1,3,N/A,49,
2.02E+11,23,12,2024,18:00,3,27,27157,1,1,2,1,Rue de Damville,48,
2.02E+11,17,4,2024,20:50,3,1,1289,1,1,1,3,BOULEAUX ( CHEMIN DES ) IMPAIR,46,
2.02E+11,22,12,2024,14:23,1,10,10084,1,1,4,7, A26,48,
2.02E+11,16,4,2024,19:30,5,75,75116,2,1,2,3,BD PERIPHERIQUE EXTERIEUR,48,
2.02E+11,24,12,2024,19:45,3,1,1089,1,1,1,2,Autoroute A42,45,
2.02E+11,16,4,2024,23:15,3,75,75120,2,3,2,3,PLACE DE LA PORTE DE MONTREUIL,48,
2.02E+11,17,4,2024,13:21,1,75,75119,2,4,8,6,RUE ARCHEREAU,48,
2.02E+11,24,12,2024,18:05,3,72,72360,1,1,1,5,a81,48,
2.02E+11,17,4,2024,9:30,1,75,75115,2,2,1,3,RUE DE VOUILLE,48,
2.02E+11,24,12,2024,11:50,1,6,6088,1,1,1,2,A8 PK192.705,43,
2.02E+11,17,4,2024,12:25,1,75,75114,2,3,2,6,AVENUE DU GENERAL LECLERC,48,
2.02E+11,22,12,2024,17:34,2,49,49068,1,1,1,6,A11- PK 287.700,47,
2.02E+11,23,12,2024,22:30,3,33,33552,1,1,2,2,N/A,44,
2.02E+11,16,4,2024,11:20,1,75,75114,2,2,2,7,BOULEVARD DU MONTPARNASSE,48,
2.02E+11,23,12,2024,17:15,2,33,33005,2,1,1,6,N/A,44,
2.02E+11,17,4,2024,10:00,1,75,75113,2,2,1,6,RUE DE TOLBIAC,48,
2.02E+11,24,12,2024,8:00,1,987,98747,1,1,1,3,PK 5.300 AFAAHITI,-17,
2.02E+11,17,4,2024,15:20,1,94,94017,2,1,2,6,Avenue des Grands Godets,48,
2.02E+11,21,12,2024,1:12,5,34,34213,1,1,1,6,D613,43,
2.02E+11,17,4,2024,18:00,1,93,93070,2,1,8,6,Rue Albert Dhalenne,48,
2.02E+11,17,4,2024,18:00,1,93,93039,2,9,9,7,Rue Méchin,48,
2.02E+11,23,12,2024,12:00,1,13,13100,1,2,1,3,RD571 PK 14+491,43,
2.02E+11,17,4,2024,6:00,5,93,93064,2,3,1,6,Rue de la Prevoyance / Avenue Jean Jaurès,48,
2.02E+11,23,12,2024,10:17,1,13,13066,2,9,1,1,Noves,43,
2.02E+11,16,4,2024,19:30,2,93,93032,2,1,1,2,Rue Vaillant Couturier,48,
2.02E+11,21,12,2024,15:00,1,89,89380,1,1,2,6,autoroute A19 pk 028.850,48,
2.02E+11,17,4,2024,9:15,1,93,93008,2,1,1,3,Avenue Jean Jaures,48,
2.02E+11,30,1,2024,7:45,2,65,65193,1,9,1,1,1156 Route de Mauleon,42,
2.02E+11,24,12,2024,18:15,4,57,57069,1,1,2,1,D63b,49,
2.02E+11,17,4,2024,6:30,2,93,93008,2,1,8,6,Avenue Paul Vaillant - Couturier,48,
2.02E+11,23,12,2024,18:06,5,38,38524,2,1,3,6,Rue de l'Industrie,45,
2.02E+11,29,1,2024,18:30,3,14,14411,1,2,1,3,2 Route des Carreaux,48,
2.02E+11,17,4,2024,8:50,1,92,92064,2,1,7,6,MARECHAL JUIN,48,
2.02E+11,23,12,2024,17:57,3,17,17409,1,1,1,1,route departementale 733,45,
2.02E+11,27,1,2024,18:25,3,17,17172,1,3,1,4,D143,45,
2.02E+11,17,4,2024,12:35,1,92,92063,2,9,1,3,FLOQUET (RUE CHARLES) EST,48,
2.02E+11,23,12,2024,16:50,1,86,86137,2,3,1,3,Avenue d’Anjou,47,
2.02E+11,29,1,2024,19:10,2,91,91666,1,1,1,1,SAULX (RUE DE),48,
2.02E+11,17,4,2024,14:30,1,92,92062,2,1,2,4,DE DION BOUTON (QUAI) DU 1 AU 28,48,
2.02E+11,20,12,2024,2:05,3,85,85226,1,1,1,1,RD38,46,
2.02E+11,28,1,2024,11:55,1,44,44149,1,1,1,7,2 Le Doux,47,
2.02E+11,24,12,2024,15:20,1,44,44215,1,1,1,1,14 Route des Pégers,47,
2.02E+11,17,4,2024,8:00,1,92,92025,2,2,1,3,KLEBER (AV),48,
2.02E+11,23,12,2024,21:00,3,22,22339,1,1,2,6,le Portail,48,
2.02E+11,17,4,2024,18:55,1,8,8313,2,3,8,7,intersection D30 / rue du port,49,
2.02E+11,29,1,2024,18:15,5,62,62297,2,3,1,3,D219,50,
2.02E+11,24,12,2024,17:15,3,60,60589,1,1,2,4,Route departemental 44,49,
2.02E+11,17,4,2024,19:30,3,43,43038,1,1,1,1,Arvant,45,
2.02E+11,28,1,2024,0:15,4,56,56222,1,1,1,6,La Harazée,47,
2.02E+11,30,1,2024,0:40,3,56,56101,1,1,1,6,Lieu-Dit Talhouët Spinifort,47,
2.02E+11,17,4,2024,17:10,1,28,28201,1,1,2,1,RD906,48,
2.02E+11,13,12,2024,17:16,3,13,13203,1,1,1,4,A7-Sens Lyon vers Marseille,43,
2.02E+11,17,4,2024,2:54,3,87,87148,1,1,1,1,A 20,45,
2.02E+11,30,1,2024,14:15,1,76,76449,1,1,1,1,D929,49,
2.02E+11,29,1,2024,13:12,1,33,33443,1,1,1,6,N/A,44,
2.02E+11,20,12,2024,5:07,5,13,13214,1,1,6,3,A507 sens Aubagne- Marseille,43,
2.02E+11,18,4,2024,10:27,1,59,59016,1,4,1,3,croisement de la rue Laboureur et de la D3,50,
2.02E+11,30,1,2024,12:55,1,69,69070,2,1,1,1,4 Rue des Marronniérs,46,
2.02E+11,23,12,2024,4:35,5,83,83137,1,1,6,2,A50,43,
2.02E+11,27,1,2024,3:52,3,69,69109,1,9,2,6,Route Départementale 78,46,
2.02E+11,17,4,2024,22:20,3,30,30125,1,6,1,3,D442,43,
2.02E+11,30,1,2024,17:30,1,49,49069,1,1,1,6,La Coindassière (La Varenne),47,
2.02E+11,12,4,2024,11:35,1,89,89239,2,3,1,3,Route de Noé,48,
2.02E+11,30,1,2024,14:45,1,12,12045,2,1,1,7,lieu-dit noyes,44,
2.02E+11,18,12,2024,12:25,1,57,57412,1,1,1,4,Autoroute A31,49,
2.02E+11,18,4,2024,13:30,1,76,76163,1,9,7,2,1475 Route de la Forge,49,
2.02E+11,28,1,2024,12:35,1,46,46330,1,3,1,3,N/A,44,
2.02E+11,18,4,2024,15:30,1,2B,2B063,1,7,1,6,le village,42,
2.02E+11,28,1,2024,16:50,2,84,84079,1,1,1,3,RD 942,44,
2.02E+11,21,12,2024,21:30,3,78,78133,1,1,2,5,A13,48,
2.02E+11,18,4,2024,10:30,1,80,80737,2,2,1,3,D222,50,
2.02E+11,21,12,2024,21:20,3,92,92025,1,1,2,2,A86,48,
2.02E+11,30,1,2024,1:20,3,3,3319,1,2,1,3,D46,46,
2.02E+11,21,12,2024,18:06,3,78,78217,1,1,2,6,A13,48,
2.02E+11,17,4,2024,19:10,1,33,33547,2,1,1,1,N/A,44,
2.02E+11,30,1,2024,14:30,1,3,3301,1,1,1,7,chemin des trechamps,46,
2.02E+11,23,12,2024,0:10,3,93,93013,1,1,9,2,AUTOROUTE A1,48,
2.02E+11,30,1,2024,9:50,1,6,6079,2,1,1,2,Avenue Jean Mermoz,43,
2.02E+11,18,4,2024,9:00,1,63,63085,1,1,1,1,route départementale 62,45,
2.02E+11,23,12,2024,0:45,4,75,75120,1,1,1,7,AUTOROUTE A3,48,
2.02E+11,29,1,2024,12:20,1,14,14209,1,1,1,2,573 Route du Molay-Littry,49,
2.02E+11,17,4,2024,20:45,2,61,61327,1,1,1,6,RD27,48,
2.02E+11,23,12,2024,0:40,3,92,92036,1,1,1,7,AUTOROUTE A15,48,
2.02E+11,30,1,2024,15:40,1,14,14454,1,1,1,7,195 Rue Verte,49,
2.02E+11,22,12,2024,22:10,3,95,95018,1,1,1,6,A15,48,
2.02E+11,18,4,2024,6:20,2,61,61210,1,1,1,6,D204,48,
2.02E+11,4,12,2024,11:00,1,44,44143,2,1,7,6,Place François Mitterand,47,
2.02E+11,30,1,2024,17:50,2,18,18005,1,1,1,4,N/A,47,
2.02E+11,4,12,2024,12:35,1,44,44109,2,1,1,3,144 Rue Paul Bellamy,47,
2.02E+11,29,1,2024,15:45,1,43,43087,1,1,1,3,Le Mirail,45,
2.02E+11,4,12,2024,14:10,1,44,44143,2,1,1,7,Rue Félix Eboué,47,
2.02E+11,3,12,2024,8:00,2,44,44109,2,1,1,6,Boulevard Alexandre Millerand,47,
2.02E+11,30,1,2024,10:30,1,36,36006,2,1,1,6,25 Avenue Rollinat,46,
2.02E+11,17,4,2024,8:00,1,44,44116,2,3,1,3,51 Boulevard de l'Astrolabe,47,
2.02E+11,2,12,2024,9:00,2,44,44162,2,1,1,1,Rue de la Porchellerie,47,
2.02E+11,27,11,2024,12:10,1,44,44190,2,1,2,7,Rue du Lieutenant Augé,47,
2.02E+11,30,1,2024,12:00,1,24,24229,1,1,1,1,avenue de brive 6089,45,
2.02E+11,18,4,2024,17:00,1,29,29205,1,1,1,4,Kergonval,48,
2.02E+11,8,9,2024,7:00,1,57,57463,2,1,8,6,Rue Gambetta,49,
2.02E+11,17,4,2024,16:15,1,29,29011,1,1,1,1,route de Kerdonval,48,
2.02E+11,30,1,2024,10:25,1,49,49163,1,2,2,3,N/A,47,
2.02E+11,22,12,2024,14:39,1,973,97302,2,3,2,3,CABASSOU (ROUTE DE),4,
2.02E+11,16,4,2024,15:30,1,1,1320,2,1,1,3,Route de Pont de Vaux,46,
2.02E+11,21,12,2024,23:10,5,973,97302,2,1,1,3,FELIX EBOUE (Rue),4,
2.02E+11,24,1,2024,7:25,1,6,6088,1,1,1,4,Autoroute A8,,
2.02E+11,17,4,2024,23:47,3,85,85146,1,1,1,1,RD137,46,
2.02E+11,22,12,2024,19:00,5,69,69388,2,1,2,3,Avenue Paul Santy,45,
2.02E+11,17,4,2024,13:35,1,64,64314,1,1,2,1,D933,43,